

Microchip MPLAB XC8 Assembler V3.10 build 20250813170317 
                                                                                               Thu Jul  9 08:47:51 2026

Microchip MPLAB XC8 C Compiler v3.10 (Free license) build 20250813170317 Og1 
     1                           	processor	18F4580
     2                           	fnconf	rparam,??,?,0
     3                           	pagewidth 120
     4                           	opt	flic
     5                           	psect	idataCOMRAM,global,class=CODE,space=0,delta=1,noexec
     6                           	psect	mediumconst,global,reloc=2,class=MEDIUMCONST,space=0,delta=1,noexec
     7                           	psect	cinit,global,reloc=2,class=CODE,space=0,delta=1
     8                           	psect	bssCOMRAM,global,class=COMRAM,space=1,delta=1,lowdata,noexec
     9                           	psect	dataCOMRAM,global,class=COMRAM,space=1,delta=1,lowdata,noexec
    10                           	psect	cstackCOMRAM,global,class=COMRAM,space=1,delta=1,lowdata,noexec
    11                           	psect	text0,global,reloc=2,class=CODE,space=0,delta=1
    12                           	psect	text1,global,reloc=2,class=CODE,space=0,delta=1
    13                           	psect	text2,global,reloc=2,class=CODE,space=0,delta=1
    14                           	psect	text3,global,reloc=2,class=CODE,space=0,delta=1
    15                           	psect	text4,global,reloc=2,class=CODE,space=0,delta=1
    16                           	psect	text5,global,reloc=2,class=CODE,space=0,delta=1
    17                           	psect	text6,global,reloc=2,class=CODE,space=0,delta=1
    18                           	psect	text7,global,reloc=2,class=CODE,space=0,delta=1
    19                           	psect	text8,global,reloc=2,class=CODE,space=0,delta=1
    20                           	psect	text9,global,reloc=2,class=CODE,space=0,delta=1
    21                           	psect	text10,global,reloc=2,class=CODE,space=0,delta=1
    22                           	psect	text11,global,reloc=2,class=CODE,space=0,delta=1
    23                           	psect	text12,global,reloc=2,class=CODE,space=0,delta=1
    24                           	psect	text13,global,reloc=2,class=CODE,space=0,delta=1
    25                           	psect	text14,global,reloc=2,class=CODE,space=0,delta=1
    26                           	psect	text15,global,reloc=2,class=CODE,space=0,delta=1
    27                           	psect	intcode,global,reloc=2,class=CODE,space=0,delta=1
    28                           	psect	intcode_body,global,reloc=2,class=CODE,space=0,delta=1
    29                           	psect	intsave_regs,global,class=BIGRAM,space=1,delta=1,noexec
    30                           	psect	rparam,global,class=COMRAM,space=1,delta=1,noexec
    31                           	psect	idloc,global,abs,ovrld,class=IDLOC,space=5,delta=1,noexec
    32                           	psect	config,global,abs,ovrld,class=CONFIG,space=4,delta=1,noexec
    33                           	dabs	1,0x1,1
    34   000000                     
    35                           ; Version 2.20
    36                           ; Generated 12/02/2020 GMT
    37                           ; 
    38                           ; Copyright © 2020, Microchip Technology Inc. and its subsidiaries ("Microchip")
    39                           ; All rights reserved.
    40                           ; 
    41                           ; This software is developed by Microchip Technology Inc. and its subsidiaries ("Microch
      +                          ip").
    42                           ; 
    43                           ; Redistribution and use in source and binary forms, with or without modification, are
    44                           ; permitted provided that the following conditions are met:
    45                           ; 
    46                           ;     1. Redistributions of source code must retain the above copyright notice, this lis
      +                          t of
    47                           ;        conditions and the following disclaimer.
    48                           ; 
    49                           ;     2. Redistributions in binary form must reproduce the above copyright notice, this 
      +                          list
    50                           ;        of conditions and the following disclaimer in the documentation and/or other
    51                           ;        materials provided with the distribution.
    52                           ; 
    53                           ;     3. Microchip's name may not be used to endorse or promote products derived from th
      +                          is
    54                           ;        software without specific prior written permission.
    55                           ; 
    56                           ; THIS SOFTWARE IS PROVIDED BY MICROCHIP "AS IS" AND ANY EXPRESS OR IMPLIED WARRANTIES,
    57                           ; INCLUDING, BUT NOT LIMITED TO, THE IMPLIED WARRANTIES OF MERCHANTABILITY AND FITNESS F
      +                          OR
    58                           ; PURPOSE ARE DISCLAIMED.  IN NO EVENT SHALL MICROCHIP BE LIABLE FOR ANY DIRECT, INDIREC
      +                          T,
    59                           ; INCIDENTAL, SPECIAL, EXEMPLARY, OR CONSEQUENTIAL DAMAGES (INCLUDING BUT NOT LIMITED TO
    60                           ; PROCUREMENT OF SUBSTITUTE GOODS OR SERVICES; LOSS OF USE, DATA OR PROFITS; OR BUSINESS
    61                           ; INTERRUPTION) HOWSOEVER CAUSED AND ON ANY THEORY OF LIABILITY, WHETHER IN CONTRACT, ST
      +                          RICT
    62                           ; LIABILITY, OR TORT (INCLUDING NEGLIGENCE OR OTHERWISE) ARISING IN ANY WAY OUT OF THE U
      +                          SE OF
    63                           ; THIS SOFTWARE, EVEN IF ADVISED OF THE POSSIBILITY OF SUCH DAMAGE.
    64                           ; 
    65                           ; 
    66                           ; Code-generator required, PIC18F4580 Definitions
    67                           ; 
    68                           ; SFR Addresses
    69   000FE0                     bsr             equ	4064
    70   000FE9                     fsr0            equ	4073
    71   000FEA                     fsr0h           equ	4074
    72   000FE9                     fsr0l           equ	4073
    73   000FE1                     fsr1            equ	4065
    74   000FE2                     fsr1h           equ	4066
    75   000FE1                     fsr1l           equ	4065
    76   000FD9                     fsr2            equ	4057
    77   000FDA                     fsr2h           equ	4058
    78   000FD9                     fsr2l           equ	4057
    79   000FEF                     indf0           equ	4079
    80   000FE7                     indf1           equ	4071
    81   000FDF                     indf2           equ	4063
    82   000FF2                     intcon          equ	4082
    83   000000                     nvmcon          equ	0
    84   000FF9                     pcl             equ	4089
    85   000FFA                     pclath          equ	4090
    86   000FFB                     pclatu          equ	4091
    87   000FEB                     plusw0          equ	4075
    88   000FE3                     plusw1          equ	4067
    89   000FDB                     plusw2          equ	4059
    90   000FED                     postdec0        equ	4077
    91   000FE5                     postdec1        equ	4069
    92   000FDD                     postdec2        equ	4061
    93   000FEE                     postinc0        equ	4078
    94   000FE6                     postinc1        equ	4070
    95   000FDE                     postinc2        equ	4062
    96   000FEC                     preinc0         equ	4076
    97   000FE4                     preinc1         equ	4068
    98   000FDC                     preinc2         equ	4060
    99   000FF3                     prod            equ	4083
   100   000FF4                     prodh           equ	4084
   101   000FF3                     prodl           equ	4083
   102   000FD8                     status          equ	4056
   103   000FF5                     tablat          equ	4085
   104   000FF6                     tblptr          equ	4086
   105   000FF7                     tblptrh         equ	4087
   106   000FF6                     tblptrl         equ	4086
   107   000FF8                     tblptru         equ	4088
   108   000FFD                     tosl            equ	4093
   109   000FE8                     wreg            equ	4072
   110   000D60                     RXF6SIDH        equ	3424	;# 
   111   000D61                     RXF6SIDL        equ	3425	;# 
   112   000D62                     RXF6EIDH        equ	3426	;# 
   113   000D63                     RXF6EIDL        equ	3427	;# 
   114   000D64                     RXF7SIDH        equ	3428	;# 
   115   000D65                     RXF7SIDL        equ	3429	;# 
   116   000D66                     RXF7EIDH        equ	3430	;# 
   117   000D67                     RXF7EIDL        equ	3431	;# 
   118   000D68                     RXF8SIDH        equ	3432	;# 
   119   000D69                     RXF8SIDL        equ	3433	;# 
   120   000D6A                     RXF8EIDH        equ	3434	;# 
   121   000D6B                     RXF8EIDL        equ	3435	;# 
   122   000D70                     RXF9SIDH        equ	3440	;# 
   123   000D71                     RXF9SIDL        equ	3441	;# 
   124   000D72                     RXF9EIDH        equ	3442	;# 
   125   000D73                     RXF9EIDL        equ	3443	;# 
   126   000D74                     RXF10SIDH       equ	3444	;# 
   127   000D75                     RXF10SIDL       equ	3445	;# 
   128   000D76                     RXF10EIDH       equ	3446	;# 
   129   000D77                     RXF10EIDL       equ	3447	;# 
   130   000D78                     RXF11SIDH       equ	3448	;# 
   131   000D79                     RXF11SIDL       equ	3449	;# 
   132   000D7A                     RXF11EIDH       equ	3450	;# 
   133   000D7B                     RXF11EIDL       equ	3451	;# 
   134   000D80                     RXF12SIDH       equ	3456	;# 
   135   000D81                     RXF12SIDL       equ	3457	;# 
   136   000D82                     RXF12EIDH       equ	3458	;# 
   137   000D83                     RXF12EIDL       equ	3459	;# 
   138   000D84                     RXF13SIDH       equ	3460	;# 
   139   000D85                     RXF13SIDL       equ	3461	;# 
   140   000D86                     RXF13EIDH       equ	3462	;# 
   141   000D87                     RXF13EIDL       equ	3463	;# 
   142   000D88                     RXF14SIDH       equ	3464	;# 
   143   000D89                     RXF14SIDL       equ	3465	;# 
   144   000D8A                     RXF14EIDH       equ	3466	;# 
   145   000D8B                     RXF14EIDL       equ	3467	;# 
   146   000D90                     RXF15SIDH       equ	3472	;# 
   147   000D91                     RXF15SIDL       equ	3473	;# 
   148   000D92                     RXF15EIDH       equ	3474	;# 
   149   000D93                     RXF15EIDL       equ	3475	;# 
   150   000DD4                     RXFCON0         equ	3540	;# 
   151   000DD5                     RXFCON1         equ	3541	;# 
   152   000DD8                     SDFLC           equ	3544	;# 
   153   000DE0                     RXFBCON0        equ	3552	;# 
   154   000DE1                     RXFBCON1        equ	3553	;# 
   155   000DE2                     RXFBCON2        equ	3554	;# 
   156   000DE3                     RXFBCON3        equ	3555	;# 
   157   000DE4                     RXFBCON4        equ	3556	;# 
   158   000DE5                     RXFBCON5        equ	3557	;# 
   159   000DE6                     RXFBCON6        equ	3558	;# 
   160   000DE7                     RXFBCON7        equ	3559	;# 
   161   000DF0                     MSEL0           equ	3568	;# 
   162   000DF1                     MSEL1           equ	3569	;# 
   163   000DF2                     MSEL2           equ	3570	;# 
   164   000DF3                     MSEL3           equ	3571	;# 
   165   000DF8                     BSEL0           equ	3576	;# 
   166   000DFA                     BIE0            equ	3578	;# 
   167   000DFC                     TXBIE           equ	3580	;# 
   168   000E20                     B0CON           equ	3616	;# 
   169   000E21                     B0SIDH          equ	3617	;# 
   170   000E22                     B0SIDL          equ	3618	;# 
   171   000E23                     B0EIDH          equ	3619	;# 
   172   000E24                     B0EIDL          equ	3620	;# 
   173   000E25                     B0DLC           equ	3621	;# 
   174   000E26                     B0D0            equ	3622	;# 
   175   000E27                     B0D1            equ	3623	;# 
   176   000E28                     B0D2            equ	3624	;# 
   177   000E29                     B0D3            equ	3625	;# 
   178   000E2A                     B0D4            equ	3626	;# 
   179   000E2B                     B0D5            equ	3627	;# 
   180   000E2C                     B0D6            equ	3628	;# 
   181   000E2D                     B0D7            equ	3629	;# 
   182   000E2E                     CANSTAT_RO9     equ	3630	;# 
   183   000E2F                     CANCON_RO9      equ	3631	;# 
   184   000E30                     B1CON           equ	3632	;# 
   185   000E31                     B1SIDH          equ	3633	;# 
   186   000E32                     B1SIDL          equ	3634	;# 
   187   000E33                     B1EIDH          equ	3635	;# 
   188   000E34                     B1EIDL          equ	3636	;# 
   189   000E35                     B1DLC           equ	3637	;# 
   190   000E36                     B1D0            equ	3638	;# 
   191   000E37                     B1D1            equ	3639	;# 
   192   000E38                     B1D2            equ	3640	;# 
   193   000E39                     B1D3            equ	3641	;# 
   194   000E3A                     B1D4            equ	3642	;# 
   195   000E3B                     B1D5            equ	3643	;# 
   196   000E3C                     B1D6            equ	3644	;# 
   197   000E3D                     B1D7            equ	3645	;# 
   198   000E3E                     CANSTAT_RO8     equ	3646	;# 
   199   000E3F                     CANCON_RO8      equ	3647	;# 
   200   000E40                     B2CON           equ	3648	;# 
   201   000E41                     B2SIDH          equ	3649	;# 
   202   000E42                     B2SIDL          equ	3650	;# 
   203   000E43                     B2EIDH          equ	3651	;# 
   204   000E44                     B2EIDL          equ	3652	;# 
   205   000E45                     B2DLC           equ	3653	;# 
   206   000E46                     B2D0            equ	3654	;# 
   207   000E47                     B2D1            equ	3655	;# 
   208   000E48                     B2D2            equ	3656	;# 
   209   000E49                     B2D3            equ	3657	;# 
   210   000E4A                     B2D4            equ	3658	;# 
   211   000E4B                     B2D5            equ	3659	;# 
   212   000E4C                     B2D6            equ	3660	;# 
   213   000E4D                     B2D7            equ	3661	;# 
   214   000E4E                     CANSTAT_RO7     equ	3662	;# 
   215   000E4F                     CANCON_RO7      equ	3663	;# 
   216   000E50                     B3CON           equ	3664	;# 
   217   000E51                     B3SIDH          equ	3665	;# 
   218   000E52                     B3SIDL          equ	3666	;# 
   219   000E53                     B3EIDH          equ	3667	;# 
   220   000E54                     B3EIDL          equ	3668	;# 
   221   000E55                     B3DLC           equ	3669	;# 
   222   000E56                     B3D0            equ	3670	;# 
   223   000E57                     B3D1            equ	3671	;# 
   224   000E58                     B3D2            equ	3672	;# 
   225   000E59                     B3D3            equ	3673	;# 
   226   000E5A                     B3D4            equ	3674	;# 
   227   000E5B                     B3D5            equ	3675	;# 
   228   000E5C                     B3D6            equ	3676	;# 
   229   000E5D                     B3D7            equ	3677	;# 
   230   000E5E                     CANSTAT_RO6     equ	3678	;# 
   231   000E5F                     CANCON_RO6      equ	3679	;# 
   232   000E60                     B4CON           equ	3680	;# 
   233   000E61                     B4SIDH          equ	3681	;# 
   234   000E62                     B4SIDL          equ	3682	;# 
   235   000E63                     B4EIDH          equ	3683	;# 
   236   000E64                     B4EIDL          equ	3684	;# 
   237   000E65                     B4DLC           equ	3685	;# 
   238   000E66                     B4D0            equ	3686	;# 
   239   000E67                     B4D1            equ	3687	;# 
   240   000E68                     B4D2            equ	3688	;# 
   241   000E69                     B4D3            equ	3689	;# 
   242   000E6A                     B4D4            equ	3690	;# 
   243   000E6B                     B4D5            equ	3691	;# 
   244   000E6C                     B4D6            equ	3692	;# 
   245   000E6D                     B4D7            equ	3693	;# 
   246   000E6E                     CANSTAT_RO5     equ	3694	;# 
   247   000E6F                     CANCON_RO5      equ	3695	;# 
   248   000E70                     B5CON           equ	3696	;# 
   249   000E71                     B5SIDH          equ	3697	;# 
   250   000E72                     B5SIDL          equ	3698	;# 
   251   000E73                     B5EIDH          equ	3699	;# 
   252   000E74                     B5EIDL          equ	3700	;# 
   253   000E75                     B5DLC           equ	3701	;# 
   254   000E76                     B5D0            equ	3702	;# 
   255   000E77                     B5D1            equ	3703	;# 
   256   000E78                     B5D2            equ	3704	;# 
   257   000E79                     B5D3            equ	3705	;# 
   258   000E7A                     B5D4            equ	3706	;# 
   259   000E7B                     B5D5            equ	3707	;# 
   260   000E7C                     B5D6            equ	3708	;# 
   261   000E7D                     B5D7            equ	3709	;# 
   262   000E7E                     CANSTAT_RO4     equ	3710	;# 
   263   000E7F                     CANCON_RO4      equ	3711	;# 
   264   000F00                     RXF0SIDH        equ	3840	;# 
   265   000F01                     RXF0SIDL        equ	3841	;# 
   266   000F02                     RXF0EIDH        equ	3842	;# 
   267   000F03                     RXF0EIDL        equ	3843	;# 
   268   000F04                     RXF1SIDH        equ	3844	;# 
   269   000F05                     RXF1SIDL        equ	3845	;# 
   270   000F06                     RXF1EIDH        equ	3846	;# 
   271   000F07                     RXF1EIDL        equ	3847	;# 
   272   000F08                     RXF2SIDH        equ	3848	;# 
   273   000F09                     RXF2SIDL        equ	3849	;# 
   274   000F0A                     RXF2EIDH        equ	3850	;# 
   275   000F0B                     RXF2EIDL        equ	3851	;# 
   276   000F0C                     RXF3SIDH        equ	3852	;# 
   277   000F0D                     RXF3SIDL        equ	3853	;# 
   278   000F0E                     RXF3EIDH        equ	3854	;# 
   279   000F0F                     RXF3EIDL        equ	3855	;# 
   280   000F10                     RXF4SIDH        equ	3856	;# 
   281   000F11                     RXF4SIDL        equ	3857	;# 
   282   000F12                     RXF4EIDH        equ	3858	;# 
   283   000F13                     RXF4EIDL        equ	3859	;# 
   284   000F14                     RXF5SIDH        equ	3860	;# 
   285   000F15                     RXF5SIDL        equ	3861	;# 
   286   000F16                     RXF5EIDH        equ	3862	;# 
   287   000F17                     RXF5EIDL        equ	3863	;# 
   288   000F18                     RXM0SIDH        equ	3864	;# 
   289   000F19                     RXM0SIDL        equ	3865	;# 
   290   000F1A                     RXM0EIDH        equ	3866	;# 
   291   000F1B                     RXM0EIDL        equ	3867	;# 
   292   000F1C                     RXM1SIDH        equ	3868	;# 
   293   000F1D                     RXM1SIDL        equ	3869	;# 
   294   000F1E                     RXM1EIDH        equ	3870	;# 
   295   000F1F                     RXM1EIDL        equ	3871	;# 
   296   000F20                     TXB2CON         equ	3872	;# 
   297   000F21                     TXB2SIDH        equ	3873	;# 
   298   000F22                     TXB2SIDL        equ	3874	;# 
   299   000F23                     TXB2EIDH        equ	3875	;# 
   300   000F24                     TXB2EIDL        equ	3876	;# 
   301   000F25                     TXB2DLC         equ	3877	;# 
   302   000F26                     TXB2D0          equ	3878	;# 
   303   000F27                     TXB2D1          equ	3879	;# 
   304   000F28                     TXB2D2          equ	3880	;# 
   305   000F29                     TXB2D3          equ	3881	;# 
   306   000F2A                     TXB2D4          equ	3882	;# 
   307   000F2B                     TXB2D5          equ	3883	;# 
   308   000F2C                     TXB2D6          equ	3884	;# 
   309   000F2D                     TXB2D7          equ	3885	;# 
   310   000F2E                     CANSTAT_RO3     equ	3886	;# 
   311   000F2F                     CANCON_RO3      equ	3887	;# 
   312   000F30                     TXB1CON         equ	3888	;# 
   313   000F31                     TXB1SIDH        equ	3889	;# 
   314   000F32                     TXB1SIDL        equ	3890	;# 
   315   000F33                     TXB1EIDH        equ	3891	;# 
   316   000F34                     TXB1EIDL        equ	3892	;# 
   317   000F35                     TXB1DLC         equ	3893	;# 
   318   000F36                     TXB1D0          equ	3894	;# 
   319   000F37                     TXB1D1          equ	3895	;# 
   320   000F38                     TXB1D2          equ	3896	;# 
   321   000F39                     TXB1D3          equ	3897	;# 
   322   000F3A                     TXB1D4          equ	3898	;# 
   323   000F3B                     TXB1D5          equ	3899	;# 
   324   000F3C                     TXB1D6          equ	3900	;# 
   325   000F3D                     TXB1D7          equ	3901	;# 
   326   000F3E                     CANSTAT_RO2     equ	3902	;# 
   327   000F3F                     CANCON_RO2      equ	3903	;# 
   328   000F40                     TXB0CON         equ	3904	;# 
   329   000F41                     TXB0SIDH        equ	3905	;# 
   330   000F42                     TXB0SIDL        equ	3906	;# 
   331   000F43                     TXB0EIDH        equ	3907	;# 
   332   000F44                     TXB0EIDL        equ	3908	;# 
   333   000F45                     TXB0DLC         equ	3909	;# 
   334   000F46                     TXB0D0          equ	3910	;# 
   335   000F47                     TXB0D1          equ	3911	;# 
   336   000F48                     TXB0D2          equ	3912	;# 
   337   000F49                     TXB0D3          equ	3913	;# 
   338   000F4A                     TXB0D4          equ	3914	;# 
   339   000F4B                     TXB0D5          equ	3915	;# 
   340   000F4C                     TXB0D6          equ	3916	;# 
   341   000F4D                     TXB0D7          equ	3917	;# 
   342   000F4E                     CANSTAT_RO1     equ	3918	;# 
   343   000F4F                     CANCON_RO1      equ	3919	;# 
   344   000F50                     RXB1CON         equ	3920	;# 
   345   000F51                     RXB1SIDH        equ	3921	;# 
   346   000F52                     RXB1SIDL        equ	3922	;# 
   347   000F53                     RXB1EIDH        equ	3923	;# 
   348   000F54                     RXB1EIDL        equ	3924	;# 
   349   000F55                     RXB1DLC         equ	3925	;# 
   350   000F56                     RXB1D0          equ	3926	;# 
   351   000F57                     RXB1D1          equ	3927	;# 
   352   000F58                     RXB1D2          equ	3928	;# 
   353   000F59                     RXB1D3          equ	3929	;# 
   354   000F5A                     RXB1D4          equ	3930	;# 
   355   000F5B                     RXB1D5          equ	3931	;# 
   356   000F5C                     RXB1D6          equ	3932	;# 
   357   000F5D                     RXB1D7          equ	3933	;# 
   358   000F5E                     CANSTAT_RO0     equ	3934	;# 
   359   000F5F                     CANCON_RO0      equ	3935	;# 
   360   000F60                     RXB0CON         equ	3936	;# 
   361   000F61                     RXB0SIDH        equ	3937	;# 
   362   000F62                     RXB0SIDL        equ	3938	;# 
   363   000F63                     RXB0EIDH        equ	3939	;# 
   364   000F64                     RXB0EIDL        equ	3940	;# 
   365   000F65                     RXB0DLC         equ	3941	;# 
   366   000F66                     RXB0D0          equ	3942	;# 
   367   000F67                     RXB0D1          equ	3943	;# 
   368   000F68                     RXB0D2          equ	3944	;# 
   369   000F69                     RXB0D3          equ	3945	;# 
   370   000F6A                     RXB0D4          equ	3946	;# 
   371   000F6B                     RXB0D5          equ	3947	;# 
   372   000F6C                     RXB0D6          equ	3948	;# 
   373   000F6D                     RXB0D7          equ	3949	;# 
   374   000F6E                     CANSTAT         equ	3950	;# 
   375   000F6F                     CANCON          equ	3951	;# 
   376   000F70                     BRGCON1         equ	3952	;# 
   377   000F71                     BRGCON2         equ	3953	;# 
   378   000F72                     BRGCON3         equ	3954	;# 
   379   000F73                     CIOCON          equ	3955	;# 
   380   000F74                     COMSTAT         equ	3956	;# 
   381   000F75                     RXERRCNT        equ	3957	;# 
   382   000F76                     TXERRCNT        equ	3958	;# 
   383   000F77                     ECANCON         equ	3959	;# 
   384   000F80                     PORTA           equ	3968	;# 
   385   000F81                     PORTB           equ	3969	;# 
   386   000F82                     PORTC           equ	3970	;# 
   387   000F83                     PORTD           equ	3971	;# 
   388   000F84                     PORTE           equ	3972	;# 
   389   000F89                     LATA            equ	3977	;# 
   390   000F8A                     LATB            equ	3978	;# 
   391   000F8B                     LATC            equ	3979	;# 
   392   000F8C                     LATD            equ	3980	;# 
   393   000F8D                     LATE            equ	3981	;# 
   394   000F92                     TRISA           equ	3986	;# 
   395   000F92                     DDRA            equ	3986	;# 
   396   000F93                     TRISB           equ	3987	;# 
   397   000F93                     DDRB            equ	3987	;# 
   398   000F94                     TRISC           equ	3988	;# 
   399   000F94                     DDRC            equ	3988	;# 
   400   000F95                     TRISD           equ	3989	;# 
   401   000F95                     DDRD            equ	3989	;# 
   402   000F96                     TRISE           equ	3990	;# 
   403   000F96                     DDRE            equ	3990	;# 
   404   000F9B                     OSCTUNE         equ	3995	;# 
   405   000F9D                     PIE1            equ	3997	;# 
   406   000F9E                     PIR1            equ	3998	;# 
   407   000F9F                     IPR1            equ	3999	;# 
   408   000FA0                     PIE2            equ	4000	;# 
   409   000FA1                     PIR2            equ	4001	;# 
   410   000FA2                     IPR2            equ	4002	;# 
   411   000FA3                     PIE3            equ	4003	;# 
   412   000FA4                     PIR3            equ	4004	;# 
   413   000FA5                     IPR3            equ	4005	;# 
   414   000FA6                     EECON1          equ	4006	;# 
   415   000FA7                     EECON2          equ	4007	;# 
   416   000FA8                     EEDATA          equ	4008	;# 
   417   000FA9                     EEADR           equ	4009	;# 
   418   000FAB                     RCSTA           equ	4011	;# 
   419   000FAB                     RCSTA1          equ	4011	;# 
   420   000FAC                     TXSTA           equ	4012	;# 
   421   000FAC                     TXSTA1          equ	4012	;# 
   422   000FAD                     TXREG           equ	4013	;# 
   423   000FAD                     TXREG1          equ	4013	;# 
   424   000FAE                     RCREG           equ	4014	;# 
   425   000FAE                     RCREG1          equ	4014	;# 
   426   000FAF                     SPBRG           equ	4015	;# 
   427   000FAF                     SPBRG1          equ	4015	;# 
   428   000FB0                     SPBRGH          equ	4016	;# 
   429   000FB1                     T3CON           equ	4017	;# 
   430   000FB2                     TMR3            equ	4018	;# 
   431   000FB2                     TMR3L           equ	4018	;# 
   432   000FB3                     TMR3H           equ	4019	;# 
   433   000FB4                     CMCON           equ	4020	;# 
   434   000FB5                     CVRCON          equ	4021	;# 
   435   000FB6                     ECCP1AS         equ	4022	;# 
   436   000FB7                     ECCP1DEL        equ	4023	;# 
   437   000FB8                     BAUDCON         equ	4024	;# 
   438   000FB8                     BAUDCTL         equ	4024	;# 
   439   000FBA                     ECCP1CON        equ	4026	;# 
   440   000FBB                     ECCPR1          equ	4027	;# 
   441   000FBB                     ECCPR1L         equ	4027	;# 
   442   000FBC                     ECCPR1H         equ	4028	;# 
   443   000FBD                     CCP1CON         equ	4029	;# 
   444   000FBE                     CCPR1           equ	4030	;# 
   445   000FBE                     CCPR1L          equ	4030	;# 
   446   000FBF                     CCPR1H          equ	4031	;# 
   447   000FC0                     ADCON2          equ	4032	;# 
   448   000FC1                     ADCON1          equ	4033	;# 
   449   000FC2                     ADCON0          equ	4034	;# 
   450   000FC3                     ADRES           equ	4035	;# 
   451   000FC3                     ADRESL          equ	4035	;# 
   452   000FC4                     ADRESH          equ	4036	;# 
   453   000FC5                     SSPCON2         equ	4037	;# 
   454   000FC6                     SSPCON1         equ	4038	;# 
   455   000FC7                     SSPSTAT         equ	4039	;# 
   456   000FC8                     SSPADD          equ	4040	;# 
   457   000FC9                     SSPBUF          equ	4041	;# 
   458   000FCA                     T2CON           equ	4042	;# 
   459   000FCB                     PR2             equ	4043	;# 
   460   000FCB                     MEMCON          equ	4043	;# 
   461   000FCC                     TMR2            equ	4044	;# 
   462   000FCD                     T1CON           equ	4045	;# 
   463   000FCE                     TMR1            equ	4046	;# 
   464   000FCE                     TMR1L           equ	4046	;# 
   465   000FCF                     TMR1H           equ	4047	;# 
   466   000FD0                     RCON            equ	4048	;# 
   467   000FD1                     WDTCON          equ	4049	;# 
   468   000FD2                     HLVDCON         equ	4050	;# 
   469   000FD2                     LVDCON          equ	4050	;# 
   470   000FD3                     OSCCON          equ	4051	;# 
   471   000FD5                     T0CON           equ	4053	;# 
   472   000FD6                     TMR0            equ	4054	;# 
   473   000FD6                     TMR0L           equ	4054	;# 
   474   000FD7                     TMR0H           equ	4055	;# 
   475   000FD8                     STATUS          equ	4056	;# 
   476   000FD9                     FSR2            equ	4057	;# 
   477   000FD9                     FSR2L           equ	4057	;# 
   478   000FDA                     FSR2H           equ	4058	;# 
   479   000FDB                     PLUSW2          equ	4059	;# 
   480   000FDC                     PREINC2         equ	4060	;# 
   481   000FDD                     POSTDEC2        equ	4061	;# 
   482   000FDE                     POSTINC2        equ	4062	;# 
   483   000FDF                     INDF2           equ	4063	;# 
   484   000FE0                     BSR             equ	4064	;# 
   485   000FE1                     FSR1            equ	4065	;# 
   486   000FE1                     FSR1L           equ	4065	;# 
   487   000FE2                     FSR1H           equ	4066	;# 
   488   000FE3                     PLUSW1          equ	4067	;# 
   489   000FE4                     PREINC1         equ	4068	;# 
   490   000FE5                     POSTDEC1        equ	4069	;# 
   491   000FE6                     POSTINC1        equ	4070	;# 
   492   000FE7                     INDF1           equ	4071	;# 
   493   000FE8                     WREG            equ	4072	;# 
   494   000FE9                     FSR0            equ	4073	;# 
   495   000FE9                     FSR0L           equ	4073	;# 
   496   000FEA                     FSR0H           equ	4074	;# 
   497   000FEB                     PLUSW0          equ	4075	;# 
   498   000FEC                     PREINC0         equ	4076	;# 
   499   000FED                     POSTDEC0        equ	4077	;# 
   500   000FEE                     POSTINC0        equ	4078	;# 
   501   000FEF                     INDF0           equ	4079	;# 
   502   000FF0                     INTCON3         equ	4080	;# 
   503   000FF1                     INTCON2         equ	4081	;# 
   504   000FF2                     INTCON          equ	4082	;# 
   505   000FF3                     PROD            equ	4083	;# 
   506   000FF3                     PRODL           equ	4083	;# 
   507   000FF4                     PRODH           equ	4084	;# 
   508   000FF5                     TABLAT          equ	4085	;# 
   509   000FF6                     TBLPTR          equ	4086	;# 
   510   000FF6                     TBLPTRL         equ	4086	;# 
   511   000FF7                     TBLPTRH         equ	4087	;# 
   512   000FF8                     TBLPTRU         equ	4088	;# 
   513   000FF9                     PCLAT           equ	4089	;# 
   514   000FF9                     PC              equ	4089	;# 
   515   000FF9                     PCL             equ	4089	;# 
   516   000FFA                     PCLATH          equ	4090	;# 
   517   000FFB                     PCLATU          equ	4091	;# 
   518   000FFC                     STKPTR          equ	4092	;# 
   519   000FFD                     TOS             equ	4093	;# 
   520   000FFD                     TOSL            equ	4093	;# 
   521   000FFE                     TOSH            equ	4094	;# 
   522   000FFF                     TOSU            equ	4095	;# 
   523   000D60                     RXF6SIDH        equ	3424	;# 
   524   000D61                     RXF6SIDL        equ	3425	;# 
   525   000D62                     RXF6EIDH        equ	3426	;# 
   526   000D63                     RXF6EIDL        equ	3427	;# 
   527   000D64                     RXF7SIDH        equ	3428	;# 
   528   000D65                     RXF7SIDL        equ	3429	;# 
   529   000D66                     RXF7EIDH        equ	3430	;# 
   530   000D67                     RXF7EIDL        equ	3431	;# 
   531   000D68                     RXF8SIDH        equ	3432	;# 
   532   000D69                     RXF8SIDL        equ	3433	;# 
   533   000D6A                     RXF8EIDH        equ	3434	;# 
   534   000D6B                     RXF8EIDL        equ	3435	;# 
   535   000D70                     RXF9SIDH        equ	3440	;# 
   536   000D71                     RXF9SIDL        equ	3441	;# 
   537   000D72                     RXF9EIDH        equ	3442	;# 
   538   000D73                     RXF9EIDL        equ	3443	;# 
   539   000D74                     RXF10SIDH       equ	3444	;# 
   540   000D75                     RXF10SIDL       equ	3445	;# 
   541   000D76                     RXF10EIDH       equ	3446	;# 
   542   000D77                     RXF10EIDL       equ	3447	;# 
   543   000D78                     RXF11SIDH       equ	3448	;# 
   544   000D79                     RXF11SIDL       equ	3449	;# 
   545   000D7A                     RXF11EIDH       equ	3450	;# 
   546   000D7B                     RXF11EIDL       equ	3451	;# 
   547   000D80                     RXF12SIDH       equ	3456	;# 
   548   000D81                     RXF12SIDL       equ	3457	;# 
   549   000D82                     RXF12EIDH       equ	3458	;# 
   550   000D83                     RXF12EIDL       equ	3459	;# 
   551   000D84                     RXF13SIDH       equ	3460	;# 
   552   000D85                     RXF13SIDL       equ	3461	;# 
   553   000D86                     RXF13EIDH       equ	3462	;# 
   554   000D87                     RXF13EIDL       equ	3463	;# 
   555   000D88                     RXF14SIDH       equ	3464	;# 
   556   000D89                     RXF14SIDL       equ	3465	;# 
   557   000D8A                     RXF14EIDH       equ	3466	;# 
   558   000D8B                     RXF14EIDL       equ	3467	;# 
   559   000D90                     RXF15SIDH       equ	3472	;# 
   560   000D91                     RXF15SIDL       equ	3473	;# 
   561   000D92                     RXF15EIDH       equ	3474	;# 
   562   000D93                     RXF15EIDL       equ	3475	;# 
   563   000DD4                     RXFCON0         equ	3540	;# 
   564   000DD5                     RXFCON1         equ	3541	;# 
   565   000DD8                     SDFLC           equ	3544	;# 
   566   000DE0                     RXFBCON0        equ	3552	;# 
   567   000DE1                     RXFBCON1        equ	3553	;# 
   568   000DE2                     RXFBCON2        equ	3554	;# 
   569   000DE3                     RXFBCON3        equ	3555	;# 
   570   000DE4                     RXFBCON4        equ	3556	;# 
   571   000DE5                     RXFBCON5        equ	3557	;# 
   572   000DE6                     RXFBCON6        equ	3558	;# 
   573   000DE7                     RXFBCON7        equ	3559	;# 
   574   000DF0                     MSEL0           equ	3568	;# 
   575   000DF1                     MSEL1           equ	3569	;# 
   576   000DF2                     MSEL2           equ	3570	;# 
   577   000DF3                     MSEL3           equ	3571	;# 
   578   000DF8                     BSEL0           equ	3576	;# 
   579   000DFA                     BIE0            equ	3578	;# 
   580   000DFC                     TXBIE           equ	3580	;# 
   581   000E20                     B0CON           equ	3616	;# 
   582   000E21                     B0SIDH          equ	3617	;# 
   583   000E22                     B0SIDL          equ	3618	;# 
   584   000E23                     B0EIDH          equ	3619	;# 
   585   000E24                     B0EIDL          equ	3620	;# 
   586   000E25                     B0DLC           equ	3621	;# 
   587   000E26                     B0D0            equ	3622	;# 
   588   000E27                     B0D1            equ	3623	;# 
   589   000E28                     B0D2            equ	3624	;# 
   590   000E29                     B0D3            equ	3625	;# 
   591   000E2A                     B0D4            equ	3626	;# 
   592   000E2B                     B0D5            equ	3627	;# 
   593   000E2C                     B0D6            equ	3628	;# 
   594   000E2D                     B0D7            equ	3629	;# 
   595   000E2E                     CANSTAT_RO9     equ	3630	;# 
   596   000E2F                     CANCON_RO9      equ	3631	;# 
   597   000E30                     B1CON           equ	3632	;# 
   598   000E31                     B1SIDH          equ	3633	;# 
   599   000E32                     B1SIDL          equ	3634	;# 
   600   000E33                     B1EIDH          equ	3635	;# 
   601   000E34                     B1EIDL          equ	3636	;# 
   602   000E35                     B1DLC           equ	3637	;# 
   603   000E36                     B1D0            equ	3638	;# 
   604   000E37                     B1D1            equ	3639	;# 
   605   000E38                     B1D2            equ	3640	;# 
   606   000E39                     B1D3            equ	3641	;# 
   607   000E3A                     B1D4            equ	3642	;# 
   608   000E3B                     B1D5            equ	3643	;# 
   609   000E3C                     B1D6            equ	3644	;# 
   610   000E3D                     B1D7            equ	3645	;# 
   611   000E3E                     CANSTAT_RO8     equ	3646	;# 
   612   000E3F                     CANCON_RO8      equ	3647	;# 
   613   000E40                     B2CON           equ	3648	;# 
   614   000E41                     B2SIDH          equ	3649	;# 
   615   000E42                     B2SIDL          equ	3650	;# 
   616   000E43                     B2EIDH          equ	3651	;# 
   617   000E44                     B2EIDL          equ	3652	;# 
   618   000E45                     B2DLC           equ	3653	;# 
   619   000E46                     B2D0            equ	3654	;# 
   620   000E47                     B2D1            equ	3655	;# 
   621   000E48                     B2D2            equ	3656	;# 
   622   000E49                     B2D3            equ	3657	;# 
   623   000E4A                     B2D4            equ	3658	;# 
   624   000E4B                     B2D5            equ	3659	;# 
   625   000E4C                     B2D6            equ	3660	;# 
   626   000E4D                     B2D7            equ	3661	;# 
   627   000E4E                     CANSTAT_RO7     equ	3662	;# 
   628   000E4F                     CANCON_RO7      equ	3663	;# 
   629   000E50                     B3CON           equ	3664	;# 
   630   000E51                     B3SIDH          equ	3665	;# 
   631   000E52                     B3SIDL          equ	3666	;# 
   632   000E53                     B3EIDH          equ	3667	;# 
   633   000E54                     B3EIDL          equ	3668	;# 
   634   000E55                     B3DLC           equ	3669	;# 
   635   000E56                     B3D0            equ	3670	;# 
   636   000E57                     B3D1            equ	3671	;# 
   637   000E58                     B3D2            equ	3672	;# 
   638   000E59                     B3D3            equ	3673	;# 
   639   000E5A                     B3D4            equ	3674	;# 
   640   000E5B                     B3D5            equ	3675	;# 
   641   000E5C                     B3D6            equ	3676	;# 
   642   000E5D                     B3D7            equ	3677	;# 
   643   000E5E                     CANSTAT_RO6     equ	3678	;# 
   644   000E5F                     CANCON_RO6      equ	3679	;# 
   645   000E60                     B4CON           equ	3680	;# 
   646   000E61                     B4SIDH          equ	3681	;# 
   647   000E62                     B4SIDL          equ	3682	;# 
   648   000E63                     B4EIDH          equ	3683	;# 
   649   000E64                     B4EIDL          equ	3684	;# 
   650   000E65                     B4DLC           equ	3685	;# 
   651   000E66                     B4D0            equ	3686	;# 
   652   000E67                     B4D1            equ	3687	;# 
   653   000E68                     B4D2            equ	3688	;# 
   654   000E69                     B4D3            equ	3689	;# 
   655   000E6A                     B4D4            equ	3690	;# 
   656   000E6B                     B4D5            equ	3691	;# 
   657   000E6C                     B4D6            equ	3692	;# 
   658   000E6D                     B4D7            equ	3693	;# 
   659   000E6E                     CANSTAT_RO5     equ	3694	;# 
   660   000E6F                     CANCON_RO5      equ	3695	;# 
   661   000E70                     B5CON           equ	3696	;# 
   662   000E71                     B5SIDH          equ	3697	;# 
   663   000E72                     B5SIDL          equ	3698	;# 
   664   000E73                     B5EIDH          equ	3699	;# 
   665   000E74                     B5EIDL          equ	3700	;# 
   666   000E75                     B5DLC           equ	3701	;# 
   667   000E76                     B5D0            equ	3702	;# 
   668   000E77                     B5D1            equ	3703	;# 
   669   000E78                     B5D2            equ	3704	;# 
   670   000E79                     B5D3            equ	3705	;# 
   671   000E7A                     B5D4            equ	3706	;# 
   672   000E7B                     B5D5            equ	3707	;# 
   673   000E7C                     B5D6            equ	3708	;# 
   674   000E7D                     B5D7            equ	3709	;# 
   675   000E7E                     CANSTAT_RO4     equ	3710	;# 
   676   000E7F                     CANCON_RO4      equ	3711	;# 
   677   000F00                     RXF0SIDH        equ	3840	;# 
   678   000F01                     RXF0SIDL        equ	3841	;# 
   679   000F02                     RXF0EIDH        equ	3842	;# 
   680   000F03                     RXF0EIDL        equ	3843	;# 
   681   000F04                     RXF1SIDH        equ	3844	;# 
   682   000F05                     RXF1SIDL        equ	3845	;# 
   683   000F06                     RXF1EIDH        equ	3846	;# 
   684   000F07                     RXF1EIDL        equ	3847	;# 
   685   000F08                     RXF2SIDH        equ	3848	;# 
   686   000F09                     RXF2SIDL        equ	3849	;# 
   687   000F0A                     RXF2EIDH        equ	3850	;# 
   688   000F0B                     RXF2EIDL        equ	3851	;# 
   689   000F0C                     RXF3SIDH        equ	3852	;# 
   690   000F0D                     RXF3SIDL        equ	3853	;# 
   691   000F0E                     RXF3EIDH        equ	3854	;# 
   692   000F0F                     RXF3EIDL        equ	3855	;# 
   693   000F10                     RXF4SIDH        equ	3856	;# 
   694   000F11                     RXF4SIDL        equ	3857	;# 
   695   000F12                     RXF4EIDH        equ	3858	;# 
   696   000F13                     RXF4EIDL        equ	3859	;# 
   697   000F14                     RXF5SIDH        equ	3860	;# 
   698   000F15                     RXF5SIDL        equ	3861	;# 
   699   000F16                     RXF5EIDH        equ	3862	;# 
   700   000F17                     RXF5EIDL        equ	3863	;# 
   701   000F18                     RXM0SIDH        equ	3864	;# 
   702   000F19                     RXM0SIDL        equ	3865	;# 
   703   000F1A                     RXM0EIDH        equ	3866	;# 
   704   000F1B                     RXM0EIDL        equ	3867	;# 
   705   000F1C                     RXM1SIDH        equ	3868	;# 
   706   000F1D                     RXM1SIDL        equ	3869	;# 
   707   000F1E                     RXM1EIDH        equ	3870	;# 
   708   000F1F                     RXM1EIDL        equ	3871	;# 
   709   000F20                     TXB2CON         equ	3872	;# 
   710   000F21                     TXB2SIDH        equ	3873	;# 
   711   000F22                     TXB2SIDL        equ	3874	;# 
   712   000F23                     TXB2EIDH        equ	3875	;# 
   713   000F24                     TXB2EIDL        equ	3876	;# 
   714   000F25                     TXB2DLC         equ	3877	;# 
   715   000F26                     TXB2D0          equ	3878	;# 
   716   000F27                     TXB2D1          equ	3879	;# 
   717   000F28                     TXB2D2          equ	3880	;# 
   718   000F29                     TXB2D3          equ	3881	;# 
   719   000F2A                     TXB2D4          equ	3882	;# 
   720   000F2B                     TXB2D5          equ	3883	;# 
   721   000F2C                     TXB2D6          equ	3884	;# 
   722   000F2D                     TXB2D7          equ	3885	;# 
   723   000F2E                     CANSTAT_RO3     equ	3886	;# 
   724   000F2F                     CANCON_RO3      equ	3887	;# 
   725   000F30                     TXB1CON         equ	3888	;# 
   726   000F31                     TXB1SIDH        equ	3889	;# 
   727   000F32                     TXB1SIDL        equ	3890	;# 
   728   000F33                     TXB1EIDH        equ	3891	;# 
   729   000F34                     TXB1EIDL        equ	3892	;# 
   730   000F35                     TXB1DLC         equ	3893	;# 
   731   000F36                     TXB1D0          equ	3894	;# 
   732   000F37                     TXB1D1          equ	3895	;# 
   733   000F38                     TXB1D2          equ	3896	;# 
   734   000F39                     TXB1D3          equ	3897	;# 
   735   000F3A                     TXB1D4          equ	3898	;# 
   736   000F3B                     TXB1D5          equ	3899	;# 
   737   000F3C                     TXB1D6          equ	3900	;# 
   738   000F3D                     TXB1D7          equ	3901	;# 
   739   000F3E                     CANSTAT_RO2     equ	3902	;# 
   740   000F3F                     CANCON_RO2      equ	3903	;# 
   741   000F40                     TXB0CON         equ	3904	;# 
   742   000F41                     TXB0SIDH        equ	3905	;# 
   743   000F42                     TXB0SIDL        equ	3906	;# 
   744   000F43                     TXB0EIDH        equ	3907	;# 
   745   000F44                     TXB0EIDL        equ	3908	;# 
   746   000F45                     TXB0DLC         equ	3909	;# 
   747   000F46                     TXB0D0          equ	3910	;# 
   748   000F47                     TXB0D1          equ	3911	;# 
   749   000F48                     TXB0D2          equ	3912	;# 
   750   000F49                     TXB0D3          equ	3913	;# 
   751   000F4A                     TXB0D4          equ	3914	;# 
   752   000F4B                     TXB0D5          equ	3915	;# 
   753   000F4C                     TXB0D6          equ	3916	;# 
   754   000F4D                     TXB0D7          equ	3917	;# 
   755   000F4E                     CANSTAT_RO1     equ	3918	;# 
   756   000F4F                     CANCON_RO1      equ	3919	;# 
   757   000F50                     RXB1CON         equ	3920	;# 
   758   000F51                     RXB1SIDH        equ	3921	;# 
   759   000F52                     RXB1SIDL        equ	3922	;# 
   760   000F53                     RXB1EIDH        equ	3923	;# 
   761   000F54                     RXB1EIDL        equ	3924	;# 
   762   000F55                     RXB1DLC         equ	3925	;# 
   763   000F56                     RXB1D0          equ	3926	;# 
   764   000F57                     RXB1D1          equ	3927	;# 
   765   000F58                     RXB1D2          equ	3928	;# 
   766   000F59                     RXB1D3          equ	3929	;# 
   767   000F5A                     RXB1D4          equ	3930	;# 
   768   000F5B                     RXB1D5          equ	3931	;# 
   769   000F5C                     RXB1D6          equ	3932	;# 
   770   000F5D                     RXB1D7          equ	3933	;# 
   771   000F5E                     CANSTAT_RO0     equ	3934	;# 
   772   000F5F                     CANCON_RO0      equ	3935	;# 
   773   000F60                     RXB0CON         equ	3936	;# 
   774   000F61                     RXB0SIDH        equ	3937	;# 
   775   000F62                     RXB0SIDL        equ	3938	;# 
   776   000F63                     RXB0EIDH        equ	3939	;# 
   777   000F64                     RXB0EIDL        equ	3940	;# 
   778   000F65                     RXB0DLC         equ	3941	;# 
   779   000F66                     RXB0D0          equ	3942	;# 
   780   000F67                     RXB0D1          equ	3943	;# 
   781   000F68                     RXB0D2          equ	3944	;# 
   782   000F69                     RXB0D3          equ	3945	;# 
   783   000F6A                     RXB0D4          equ	3946	;# 
   784   000F6B                     RXB0D5          equ	3947	;# 
   785   000F6C                     RXB0D6          equ	3948	;# 
   786   000F6D                     RXB0D7          equ	3949	;# 
   787   000F6E                     CANSTAT         equ	3950	;# 
   788   000F6F                     CANCON          equ	3951	;# 
   789   000F70                     BRGCON1         equ	3952	;# 
   790   000F71                     BRGCON2         equ	3953	;# 
   791   000F72                     BRGCON3         equ	3954	;# 
   792   000F73                     CIOCON          equ	3955	;# 
   793   000F74                     COMSTAT         equ	3956	;# 
   794   000F75                     RXERRCNT        equ	3957	;# 
   795   000F76                     TXERRCNT        equ	3958	;# 
   796   000F77                     ECANCON         equ	3959	;# 
   797   000F80                     PORTA           equ	3968	;# 
   798   000F81                     PORTB           equ	3969	;# 
   799   000F82                     PORTC           equ	3970	;# 
   800   000F83                     PORTD           equ	3971	;# 
   801   000F84                     PORTE           equ	3972	;# 
   802   000F89                     LATA            equ	3977	;# 
   803   000F8A                     LATB            equ	3978	;# 
   804   000F8B                     LATC            equ	3979	;# 
   805   000F8C                     LATD            equ	3980	;# 
   806   000F8D                     LATE            equ	3981	;# 
   807   000F92                     TRISA           equ	3986	;# 
   808   000F92                     DDRA            equ	3986	;# 
   809   000F93                     TRISB           equ	3987	;# 
   810   000F93                     DDRB            equ	3987	;# 
   811   000F94                     TRISC           equ	3988	;# 
   812   000F94                     DDRC            equ	3988	;# 
   813   000F95                     TRISD           equ	3989	;# 
   814   000F95                     DDRD            equ	3989	;# 
   815   000F96                     TRISE           equ	3990	;# 
   816   000F96                     DDRE            equ	3990	;# 
   817   000F9B                     OSCTUNE         equ	3995	;# 
   818   000F9D                     PIE1            equ	3997	;# 
   819   000F9E                     PIR1            equ	3998	;# 
   820   000F9F                     IPR1            equ	3999	;# 
   821   000FA0                     PIE2            equ	4000	;# 
   822   000FA1                     PIR2            equ	4001	;# 
   823   000FA2                     IPR2            equ	4002	;# 
   824   000FA3                     PIE3            equ	4003	;# 
   825   000FA4                     PIR3            equ	4004	;# 
   826   000FA5                     IPR3            equ	4005	;# 
   827   000FA6                     EECON1          equ	4006	;# 
   828   000FA7                     EECON2          equ	4007	;# 
   829   000FA8                     EEDATA          equ	4008	;# 
   830   000FA9                     EEADR           equ	4009	;# 
   831   000FAB                     RCSTA           equ	4011	;# 
   832   000FAB                     RCSTA1          equ	4011	;# 
   833   000FAC                     TXSTA           equ	4012	;# 
   834   000FAC                     TXSTA1          equ	4012	;# 
   835   000FAD                     TXREG           equ	4013	;# 
   836   000FAD                     TXREG1          equ	4013	;# 
   837   000FAE                     RCREG           equ	4014	;# 
   838   000FAE                     RCREG1          equ	4014	;# 
   839   000FAF                     SPBRG           equ	4015	;# 
   840   000FAF                     SPBRG1          equ	4015	;# 
   841   000FB0                     SPBRGH          equ	4016	;# 
   842   000FB1                     T3CON           equ	4017	;# 
   843   000FB2                     TMR3            equ	4018	;# 
   844   000FB2                     TMR3L           equ	4018	;# 
   845   000FB3                     TMR3H           equ	4019	;# 
   846   000FB4                     CMCON           equ	4020	;# 
   847   000FB5                     CVRCON          equ	4021	;# 
   848   000FB6                     ECCP1AS         equ	4022	;# 
   849   000FB7                     ECCP1DEL        equ	4023	;# 
   850   000FB8                     BAUDCON         equ	4024	;# 
   851   000FB8                     BAUDCTL         equ	4024	;# 
   852   000FBA                     ECCP1CON        equ	4026	;# 
   853   000FBB                     ECCPR1          equ	4027	;# 
   854   000FBB                     ECCPR1L         equ	4027	;# 
   855   000FBC                     ECCPR1H         equ	4028	;# 
   856   000FBD                     CCP1CON         equ	4029	;# 
   857   000FBE                     CCPR1           equ	4030	;# 
   858   000FBE                     CCPR1L          equ	4030	;# 
   859   000FBF                     CCPR1H          equ	4031	;# 
   860   000FC0                     ADCON2          equ	4032	;# 
   861   000FC1                     ADCON1          equ	4033	;# 
   862   000FC2                     ADCON0          equ	4034	;# 
   863   000FC3                     ADRES           equ	4035	;# 
   864   000FC3                     ADRESL          equ	4035	;# 
   865   000FC4                     ADRESH          equ	4036	;# 
   866   000FC5                     SSPCON2         equ	4037	;# 
   867   000FC6                     SSPCON1         equ	4038	;# 
   868   000FC7                     SSPSTAT         equ	4039	;# 
   869   000FC8                     SSPADD          equ	4040	;# 
   870   000FC9                     SSPBUF          equ	4041	;# 
   871   000FCA                     T2CON           equ	4042	;# 
   872   000FCB                     PR2             equ	4043	;# 
   873   000FCB                     MEMCON          equ	4043	;# 
   874   000FCC                     TMR2            equ	4044	;# 
   875   000FCD                     T1CON           equ	4045	;# 
   876   000FCE                     TMR1            equ	4046	;# 
   877   000FCE                     TMR1L           equ	4046	;# 
   878   000FCF                     TMR1H           equ	4047	;# 
   879   000FD0                     RCON            equ	4048	;# 
   880   000FD1                     WDTCON          equ	4049	;# 
   881   000FD2                     HLVDCON         equ	4050	;# 
   882   000FD2                     LVDCON          equ	4050	;# 
   883   000FD3                     OSCCON          equ	4051	;# 
   884   000FD5                     T0CON           equ	4053	;# 
   885   000FD6                     TMR0            equ	4054	;# 
   886   000FD6                     TMR0L           equ	4054	;# 
   887   000FD7                     TMR0H           equ	4055	;# 
   888   000FD8                     STATUS          equ	4056	;# 
   889   000FD9                     FSR2            equ	4057	;# 
   890   000FD9                     FSR2L           equ	4057	;# 
   891   000FDA                     FSR2H           equ	4058	;# 
   892   000FDB                     PLUSW2          equ	4059	;# 
   893   000FDC                     PREINC2         equ	4060	;# 
   894   000FDD                     POSTDEC2        equ	4061	;# 
   895   000FDE                     POSTINC2        equ	4062	;# 
   896   000FDF                     INDF2           equ	4063	;# 
   897   000FE0                     BSR             equ	4064	;# 
   898   000FE1                     FSR1            equ	4065	;# 
   899   000FE1                     FSR1L           equ	4065	;# 
   900   000FE2                     FSR1H           equ	4066	;# 
   901   000FE3                     PLUSW1          equ	4067	;# 
   902   000FE4                     PREINC1         equ	4068	;# 
   903   000FE5                     POSTDEC1        equ	4069	;# 
   904   000FE6                     POSTINC1        equ	4070	;# 
   905   000FE7                     INDF1           equ	4071	;# 
   906   000FE8                     WREG            equ	4072	;# 
   907   000FE9                     FSR0            equ	4073	;# 
   908   000FE9                     FSR0L           equ	4073	;# 
   909   000FEA                     FSR0H           equ	4074	;# 
   910   000FEB                     PLUSW0          equ	4075	;# 
   911   000FEC                     PREINC0         equ	4076	;# 
   912   000FED                     POSTDEC0        equ	4077	;# 
   913   000FEE                     POSTINC0        equ	4078	;# 
   914   000FEF                     INDF0           equ	4079	;# 
   915   000FF0                     INTCON3         equ	4080	;# 
   916   000FF1                     INTCON2         equ	4081	;# 
   917   000FF2                     INTCON          equ	4082	;# 
   918   000FF3                     PROD            equ	4083	;# 
   919   000FF3                     PRODL           equ	4083	;# 
   920   000FF4                     PRODH           equ	4084	;# 
   921   000FF5                     TABLAT          equ	4085	;# 
   922   000FF6                     TBLPTR          equ	4086	;# 
   923   000FF6                     TBLPTRL         equ	4086	;# 
   924   000FF7                     TBLPTRH         equ	4087	;# 
   925   000FF8                     TBLPTRU         equ	4088	;# 
   926   000FF9                     PCLAT           equ	4089	;# 
   927   000FF9                     PC              equ	4089	;# 
   928   000FF9                     PCL             equ	4089	;# 
   929   000FFA                     PCLATH          equ	4090	;# 
   930   000FFB                     PCLATU          equ	4091	;# 
   931   000FFC                     STKPTR          equ	4092	;# 
   932   000FFD                     TOS             equ	4093	;# 
   933   000FFD                     TOSL            equ	4093	;# 
   934   000FFE                     TOSH            equ	4094	;# 
   935   000FFF                     TOSU            equ	4095	;# 
   936   000D60                     RXF6SIDH        equ	3424	;# 
   937   000D61                     RXF6SIDL        equ	3425	;# 
   938   000D62                     RXF6EIDH        equ	3426	;# 
   939   000D63                     RXF6EIDL        equ	3427	;# 
   940   000D64                     RXF7SIDH        equ	3428	;# 
   941   000D65                     RXF7SIDL        equ	3429	;# 
   942   000D66                     RXF7EIDH        equ	3430	;# 
   943   000D67                     RXF7EIDL        equ	3431	;# 
   944   000D68                     RXF8SIDH        equ	3432	;# 
   945   000D69                     RXF8SIDL        equ	3433	;# 
   946   000D6A                     RXF8EIDH        equ	3434	;# 
   947   000D6B                     RXF8EIDL        equ	3435	;# 
   948   000D70                     RXF9SIDH        equ	3440	;# 
   949   000D71                     RXF9SIDL        equ	3441	;# 
   950   000D72                     RXF9EIDH        equ	3442	;# 
   951   000D73                     RXF9EIDL        equ	3443	;# 
   952   000D74                     RXF10SIDH       equ	3444	;# 
   953   000D75                     RXF10SIDL       equ	3445	;# 
   954   000D76                     RXF10EIDH       equ	3446	;# 
   955   000D77                     RXF10EIDL       equ	3447	;# 
   956   000D78                     RXF11SIDH       equ	3448	;# 
   957   000D79                     RXF11SIDL       equ	3449	;# 
   958   000D7A                     RXF11EIDH       equ	3450	;# 
   959   000D7B                     RXF11EIDL       equ	3451	;# 
   960   000D80                     RXF12SIDH       equ	3456	;# 
   961   000D81                     RXF12SIDL       equ	3457	;# 
   962   000D82                     RXF12EIDH       equ	3458	;# 
   963   000D83                     RXF12EIDL       equ	3459	;# 
   964   000D84                     RXF13SIDH       equ	3460	;# 
   965   000D85                     RXF13SIDL       equ	3461	;# 
   966   000D86                     RXF13EIDH       equ	3462	;# 
   967   000D87                     RXF13EIDL       equ	3463	;# 
   968   000D88                     RXF14SIDH       equ	3464	;# 
   969   000D89                     RXF14SIDL       equ	3465	;# 
   970   000D8A                     RXF14EIDH       equ	3466	;# 
   971   000D8B                     RXF14EIDL       equ	3467	;# 
   972   000D90                     RXF15SIDH       equ	3472	;# 
   973   000D91                     RXF15SIDL       equ	3473	;# 
   974   000D92                     RXF15EIDH       equ	3474	;# 
   975   000D93                     RXF15EIDL       equ	3475	;# 
   976   000DD4                     RXFCON0         equ	3540	;# 
   977   000DD5                     RXFCON1         equ	3541	;# 
   978   000DD8                     SDFLC           equ	3544	;# 
   979   000DE0                     RXFBCON0        equ	3552	;# 
   980   000DE1                     RXFBCON1        equ	3553	;# 
   981   000DE2                     RXFBCON2        equ	3554	;# 
   982   000DE3                     RXFBCON3        equ	3555	;# 
   983   000DE4                     RXFBCON4        equ	3556	;# 
   984   000DE5                     RXFBCON5        equ	3557	;# 
   985   000DE6                     RXFBCON6        equ	3558	;# 
   986   000DE7                     RXFBCON7        equ	3559	;# 
   987   000DF0                     MSEL0           equ	3568	;# 
   988   000DF1                     MSEL1           equ	3569	;# 
   989   000DF2                     MSEL2           equ	3570	;# 
   990   000DF3                     MSEL3           equ	3571	;# 
   991   000DF8                     BSEL0           equ	3576	;# 
   992   000DFA                     BIE0            equ	3578	;# 
   993   000DFC                     TXBIE           equ	3580	;# 
   994   000E20                     B0CON           equ	3616	;# 
   995   000E21                     B0SIDH          equ	3617	;# 
   996   000E22                     B0SIDL          equ	3618	;# 
   997   000E23                     B0EIDH          equ	3619	;# 
   998   000E24                     B0EIDL          equ	3620	;# 
   999   000E25                     B0DLC           equ	3621	;# 
  1000   000E26                     B0D0            equ	3622	;# 
  1001   000E27                     B0D1            equ	3623	;# 
  1002   000E28                     B0D2            equ	3624	;# 
  1003   000E29                     B0D3            equ	3625	;# 
  1004   000E2A                     B0D4            equ	3626	;# 
  1005   000E2B                     B0D5            equ	3627	;# 
  1006   000E2C                     B0D6            equ	3628	;# 
  1007   000E2D                     B0D7            equ	3629	;# 
  1008   000E2E                     CANSTAT_RO9     equ	3630	;# 
  1009   000E2F                     CANCON_RO9      equ	3631	;# 
  1010   000E30                     B1CON           equ	3632	;# 
  1011   000E31                     B1SIDH          equ	3633	;# 
  1012   000E32                     B1SIDL          equ	3634	;# 
  1013   000E33                     B1EIDH          equ	3635	;# 
  1014   000E34                     B1EIDL          equ	3636	;# 
  1015   000E35                     B1DLC           equ	3637	;# 
  1016   000E36                     B1D0            equ	3638	;# 
  1017   000E37                     B1D1            equ	3639	;# 
  1018   000E38                     B1D2            equ	3640	;# 
  1019   000E39                     B1D3            equ	3641	;# 
  1020   000E3A                     B1D4            equ	3642	;# 
  1021   000E3B                     B1D5            equ	3643	;# 
  1022   000E3C                     B1D6            equ	3644	;# 
  1023   000E3D                     B1D7            equ	3645	;# 
  1024   000E3E                     CANSTAT_RO8     equ	3646	;# 
  1025   000E3F                     CANCON_RO8      equ	3647	;# 
  1026   000E40                     B2CON           equ	3648	;# 
  1027   000E41                     B2SIDH          equ	3649	;# 
  1028   000E42                     B2SIDL          equ	3650	;# 
  1029   000E43                     B2EIDH          equ	3651	;# 
  1030   000E44                     B2EIDL          equ	3652	;# 
  1031   000E45                     B2DLC           equ	3653	;# 
  1032   000E46                     B2D0            equ	3654	;# 
  1033   000E47                     B2D1            equ	3655	;# 
  1034   000E48                     B2D2            equ	3656	;# 
  1035   000E49                     B2D3            equ	3657	;# 
  1036   000E4A                     B2D4            equ	3658	;# 
  1037   000E4B                     B2D5            equ	3659	;# 
  1038   000E4C                     B2D6            equ	3660	;# 
  1039   000E4D                     B2D7            equ	3661	;# 
  1040   000E4E                     CANSTAT_RO7     equ	3662	;# 
  1041   000E4F                     CANCON_RO7      equ	3663	;# 
  1042   000E50                     B3CON           equ	3664	;# 
  1043   000E51                     B3SIDH          equ	3665	;# 
  1044   000E52                     B3SIDL          equ	3666	;# 
  1045   000E53                     B3EIDH          equ	3667	;# 
  1046   000E54                     B3EIDL          equ	3668	;# 
  1047   000E55                     B3DLC           equ	3669	;# 
  1048   000E56                     B3D0            equ	3670	;# 
  1049   000E57                     B3D1            equ	3671	;# 
  1050   000E58                     B3D2            equ	3672	;# 
  1051   000E59                     B3D3            equ	3673	;# 
  1052   000E5A                     B3D4            equ	3674	;# 
  1053   000E5B                     B3D5            equ	3675	;# 
  1054   000E5C                     B3D6            equ	3676	;# 
  1055   000E5D                     B3D7            equ	3677	;# 
  1056   000E5E                     CANSTAT_RO6     equ	3678	;# 
  1057   000E5F                     CANCON_RO6      equ	3679	;# 
  1058   000E60                     B4CON           equ	3680	;# 
  1059   000E61                     B4SIDH          equ	3681	;# 
  1060   000E62                     B4SIDL          equ	3682	;# 
  1061   000E63                     B4EIDH          equ	3683	;# 
  1062   000E64                     B4EIDL          equ	3684	;# 
  1063   000E65                     B4DLC           equ	3685	;# 
  1064   000E66                     B4D0            equ	3686	;# 
  1065   000E67                     B4D1            equ	3687	;# 
  1066   000E68                     B4D2            equ	3688	;# 
  1067   000E69                     B4D3            equ	3689	;# 
  1068   000E6A                     B4D4            equ	3690	;# 
  1069   000E6B                     B4D5            equ	3691	;# 
  1070   000E6C                     B4D6            equ	3692	;# 
  1071   000E6D                     B4D7            equ	3693	;# 
  1072   000E6E                     CANSTAT_RO5     equ	3694	;# 
  1073   000E6F                     CANCON_RO5      equ	3695	;# 
  1074   000E70                     B5CON           equ	3696	;# 
  1075   000E71                     B5SIDH          equ	3697	;# 
  1076   000E72                     B5SIDL          equ	3698	;# 
  1077   000E73                     B5EIDH          equ	3699	;# 
  1078   000E74                     B5EIDL          equ	3700	;# 
  1079   000E75                     B5DLC           equ	3701	;# 
  1080   000E76                     B5D0            equ	3702	;# 
  1081   000E77                     B5D1            equ	3703	;# 
  1082   000E78                     B5D2            equ	3704	;# 
  1083   000E79                     B5D3            equ	3705	;# 
  1084   000E7A                     B5D4            equ	3706	;# 
  1085   000E7B                     B5D5            equ	3707	;# 
  1086   000E7C                     B5D6            equ	3708	;# 
  1087   000E7D                     B5D7            equ	3709	;# 
  1088   000E7E                     CANSTAT_RO4     equ	3710	;# 
  1089   000E7F                     CANCON_RO4      equ	3711	;# 
  1090   000F00                     RXF0SIDH        equ	3840	;# 
  1091   000F01                     RXF0SIDL        equ	3841	;# 
  1092   000F02                     RXF0EIDH        equ	3842	;# 
  1093   000F03                     RXF0EIDL        equ	3843	;# 
  1094   000F04                     RXF1SIDH        equ	3844	;# 
  1095   000F05                     RXF1SIDL        equ	3845	;# 
  1096   000F06                     RXF1EIDH        equ	3846	;# 
  1097   000F07                     RXF1EIDL        equ	3847	;# 
  1098   000F08                     RXF2SIDH        equ	3848	;# 
  1099   000F09                     RXF2SIDL        equ	3849	;# 
  1100   000F0A                     RXF2EIDH        equ	3850	;# 
  1101   000F0B                     RXF2EIDL        equ	3851	;# 
  1102   000F0C                     RXF3SIDH        equ	3852	;# 
  1103   000F0D                     RXF3SIDL        equ	3853	;# 
  1104   000F0E                     RXF3EIDH        equ	3854	;# 
  1105   000F0F                     RXF3EIDL        equ	3855	;# 
  1106   000F10                     RXF4SIDH        equ	3856	;# 
  1107   000F11                     RXF4SIDL        equ	3857	;# 
  1108   000F12                     RXF4EIDH        equ	3858	;# 
  1109   000F13                     RXF4EIDL        equ	3859	;# 
  1110   000F14                     RXF5SIDH        equ	3860	;# 
  1111   000F15                     RXF5SIDL        equ	3861	;# 
  1112   000F16                     RXF5EIDH        equ	3862	;# 
  1113   000F17                     RXF5EIDL        equ	3863	;# 
  1114   000F18                     RXM0SIDH        equ	3864	;# 
  1115   000F19                     RXM0SIDL        equ	3865	;# 
  1116   000F1A                     RXM0EIDH        equ	3866	;# 
  1117   000F1B                     RXM0EIDL        equ	3867	;# 
  1118   000F1C                     RXM1SIDH        equ	3868	;# 
  1119   000F1D                     RXM1SIDL        equ	3869	;# 
  1120   000F1E                     RXM1EIDH        equ	3870	;# 
  1121   000F1F                     RXM1EIDL        equ	3871	;# 
  1122   000F20                     TXB2CON         equ	3872	;# 
  1123   000F21                     TXB2SIDH        equ	3873	;# 
  1124   000F22                     TXB2SIDL        equ	3874	;# 
  1125   000F23                     TXB2EIDH        equ	3875	;# 
  1126   000F24                     TXB2EIDL        equ	3876	;# 
  1127   000F25                     TXB2DLC         equ	3877	;# 
  1128   000F26                     TXB2D0          equ	3878	;# 
  1129   000F27                     TXB2D1          equ	3879	;# 
  1130   000F28                     TXB2D2          equ	3880	;# 
  1131   000F29                     TXB2D3          equ	3881	;# 
  1132   000F2A                     TXB2D4          equ	3882	;# 
  1133   000F2B                     TXB2D5          equ	3883	;# 
  1134   000F2C                     TXB2D6          equ	3884	;# 
  1135   000F2D                     TXB2D7          equ	3885	;# 
  1136   000F2E                     CANSTAT_RO3     equ	3886	;# 
  1137   000F2F                     CANCON_RO3      equ	3887	;# 
  1138   000F30                     TXB1CON         equ	3888	;# 
  1139   000F31                     TXB1SIDH        equ	3889	;# 
  1140   000F32                     TXB1SIDL        equ	3890	;# 
  1141   000F33                     TXB1EIDH        equ	3891	;# 
  1142   000F34                     TXB1EIDL        equ	3892	;# 
  1143   000F35                     TXB1DLC         equ	3893	;# 
  1144   000F36                     TXB1D0          equ	3894	;# 
  1145   000F37                     TXB1D1          equ	3895	;# 
  1146   000F38                     TXB1D2          equ	3896	;# 
  1147   000F39                     TXB1D3          equ	3897	;# 
  1148   000F3A                     TXB1D4          equ	3898	;# 
  1149   000F3B                     TXB1D5          equ	3899	;# 
  1150   000F3C                     TXB1D6          equ	3900	;# 
  1151   000F3D                     TXB1D7          equ	3901	;# 
  1152   000F3E                     CANSTAT_RO2     equ	3902	;# 
  1153   000F3F                     CANCON_RO2      equ	3903	;# 
  1154   000F40                     TXB0CON         equ	3904	;# 
  1155   000F41                     TXB0SIDH        equ	3905	;# 
  1156   000F42                     TXB0SIDL        equ	3906	;# 
  1157   000F43                     TXB0EIDH        equ	3907	;# 
  1158   000F44                     TXB0EIDL        equ	3908	;# 
  1159   000F45                     TXB0DLC         equ	3909	;# 
  1160   000F46                     TXB0D0          equ	3910	;# 
  1161   000F47                     TXB0D1          equ	3911	;# 
  1162   000F48                     TXB0D2          equ	3912	;# 
  1163   000F49                     TXB0D3          equ	3913	;# 
  1164   000F4A                     TXB0D4          equ	3914	;# 
  1165   000F4B                     TXB0D5          equ	3915	;# 
  1166   000F4C                     TXB0D6          equ	3916	;# 
  1167   000F4D                     TXB0D7          equ	3917	;# 
  1168   000F4E                     CANSTAT_RO1     equ	3918	;# 
  1169   000F4F                     CANCON_RO1      equ	3919	;# 
  1170   000F50                     RXB1CON         equ	3920	;# 
  1171   000F51                     RXB1SIDH        equ	3921	;# 
  1172   000F52                     RXB1SIDL        equ	3922	;# 
  1173   000F53                     RXB1EIDH        equ	3923	;# 
  1174   000F54                     RXB1EIDL        equ	3924	;# 
  1175   000F55                     RXB1DLC         equ	3925	;# 
  1176   000F56                     RXB1D0          equ	3926	;# 
  1177   000F57                     RXB1D1          equ	3927	;# 
  1178   000F58                     RXB1D2          equ	3928	;# 
  1179   000F59                     RXB1D3          equ	3929	;# 
  1180   000F5A                     RXB1D4          equ	3930	;# 
  1181   000F5B                     RXB1D5          equ	3931	;# 
  1182   000F5C                     RXB1D6          equ	3932	;# 
  1183   000F5D                     RXB1D7          equ	3933	;# 
  1184   000F5E                     CANSTAT_RO0     equ	3934	;# 
  1185   000F5F                     CANCON_RO0      equ	3935	;# 
  1186   000F60                     RXB0CON         equ	3936	;# 
  1187   000F61                     RXB0SIDH        equ	3937	;# 
  1188   000F62                     RXB0SIDL        equ	3938	;# 
  1189   000F63                     RXB0EIDH        equ	3939	;# 
  1190   000F64                     RXB0EIDL        equ	3940	;# 
  1191   000F65                     RXB0DLC         equ	3941	;# 
  1192   000F66                     RXB0D0          equ	3942	;# 
  1193   000F67                     RXB0D1          equ	3943	;# 
  1194   000F68                     RXB0D2          equ	3944	;# 
  1195   000F69                     RXB0D3          equ	3945	;# 
  1196   000F6A                     RXB0D4          equ	3946	;# 
  1197   000F6B                     RXB0D5          equ	3947	;# 
  1198   000F6C                     RXB0D6          equ	3948	;# 
  1199   000F6D                     RXB0D7          equ	3949	;# 
  1200   000F6E                     CANSTAT         equ	3950	;# 
  1201   000F6F                     CANCON          equ	3951	;# 
  1202   000F70                     BRGCON1         equ	3952	;# 
  1203   000F71                     BRGCON2         equ	3953	;# 
  1204   000F72                     BRGCON3         equ	3954	;# 
  1205   000F73                     CIOCON          equ	3955	;# 
  1206   000F74                     COMSTAT         equ	3956	;# 
  1207   000F75                     RXERRCNT        equ	3957	;# 
  1208   000F76                     TXERRCNT        equ	3958	;# 
  1209   000F77                     ECANCON         equ	3959	;# 
  1210   000F80                     PORTA           equ	3968	;# 
  1211   000F81                     PORTB           equ	3969	;# 
  1212   000F82                     PORTC           equ	3970	;# 
  1213   000F83                     PORTD           equ	3971	;# 
  1214   000F84                     PORTE           equ	3972	;# 
  1215   000F89                     LATA            equ	3977	;# 
  1216   000F8A                     LATB            equ	3978	;# 
  1217   000F8B                     LATC            equ	3979	;# 
  1218   000F8C                     LATD            equ	3980	;# 
  1219   000F8D                     LATE            equ	3981	;# 
  1220   000F92                     TRISA           equ	3986	;# 
  1221   000F92                     DDRA            equ	3986	;# 
  1222   000F93                     TRISB           equ	3987	;# 
  1223   000F93                     DDRB            equ	3987	;# 
  1224   000F94                     TRISC           equ	3988	;# 
  1225   000F94                     DDRC            equ	3988	;# 
  1226   000F95                     TRISD           equ	3989	;# 
  1227   000F95                     DDRD            equ	3989	;# 
  1228   000F96                     TRISE           equ	3990	;# 
  1229   000F96                     DDRE            equ	3990	;# 
  1230   000F9B                     OSCTUNE         equ	3995	;# 
  1231   000F9D                     PIE1            equ	3997	;# 
  1232   000F9E                     PIR1            equ	3998	;# 
  1233   000F9F                     IPR1            equ	3999	;# 
  1234   000FA0                     PIE2            equ	4000	;# 
  1235   000FA1                     PIR2            equ	4001	;# 
  1236   000FA2                     IPR2            equ	4002	;# 
  1237   000FA3                     PIE3            equ	4003	;# 
  1238   000FA4                     PIR3            equ	4004	;# 
  1239   000FA5                     IPR3            equ	4005	;# 
  1240   000FA6                     EECON1          equ	4006	;# 
  1241   000FA7                     EECON2          equ	4007	;# 
  1242   000FA8                     EEDATA          equ	4008	;# 
  1243   000FA9                     EEADR           equ	4009	;# 
  1244   000FAB                     RCSTA           equ	4011	;# 
  1245   000FAB                     RCSTA1          equ	4011	;# 
  1246   000FAC                     TXSTA           equ	4012	;# 
  1247   000FAC                     TXSTA1          equ	4012	;# 
  1248   000FAD                     TXREG           equ	4013	;# 
  1249   000FAD                     TXREG1          equ	4013	;# 
  1250   000FAE                     RCREG           equ	4014	;# 
  1251   000FAE                     RCREG1          equ	4014	;# 
  1252   000FAF                     SPBRG           equ	4015	;# 
  1253   000FAF                     SPBRG1          equ	4015	;# 
  1254   000FB0                     SPBRGH          equ	4016	;# 
  1255   000FB1                     T3CON           equ	4017	;# 
  1256   000FB2                     TMR3            equ	4018	;# 
  1257   000FB2                     TMR3L           equ	4018	;# 
  1258   000FB3                     TMR3H           equ	4019	;# 
  1259   000FB4                     CMCON           equ	4020	;# 
  1260   000FB5                     CVRCON          equ	4021	;# 
  1261   000FB6                     ECCP1AS         equ	4022	;# 
  1262   000FB7                     ECCP1DEL        equ	4023	;# 
  1263   000FB8                     BAUDCON         equ	4024	;# 
  1264   000FB8                     BAUDCTL         equ	4024	;# 
  1265   000FBA                     ECCP1CON        equ	4026	;# 
  1266   000FBB                     ECCPR1          equ	4027	;# 
  1267   000FBB                     ECCPR1L         equ	4027	;# 
  1268   000FBC                     ECCPR1H         equ	4028	;# 
  1269   000FBD                     CCP1CON         equ	4029	;# 
  1270   000FBE                     CCPR1           equ	4030	;# 
  1271   000FBE                     CCPR1L          equ	4030	;# 
  1272   000FBF                     CCPR1H          equ	4031	;# 
  1273   000FC0                     ADCON2          equ	4032	;# 
  1274   000FC1                     ADCON1          equ	4033	;# 
  1275   000FC2                     ADCON0          equ	4034	;# 
  1276   000FC3                     ADRES           equ	4035	;# 
  1277   000FC3                     ADRESL          equ	4035	;# 
  1278   000FC4                     ADRESH          equ	4036	;# 
  1279   000FC5                     SSPCON2         equ	4037	;# 
  1280   000FC6                     SSPCON1         equ	4038	;# 
  1281   000FC7                     SSPSTAT         equ	4039	;# 
  1282   000FC8                     SSPADD          equ	4040	;# 
  1283   000FC9                     SSPBUF          equ	4041	;# 
  1284   000FCA                     T2CON           equ	4042	;# 
  1285   000FCB                     PR2             equ	4043	;# 
  1286   000FCB                     MEMCON          equ	4043	;# 
  1287   000FCC                     TMR2            equ	4044	;# 
  1288   000FCD                     T1CON           equ	4045	;# 
  1289   000FCE                     TMR1            equ	4046	;# 
  1290   000FCE                     TMR1L           equ	4046	;# 
  1291   000FCF                     TMR1H           equ	4047	;# 
  1292   000FD0                     RCON            equ	4048	;# 
  1293   000FD1                     WDTCON          equ	4049	;# 
  1294   000FD2                     HLVDCON         equ	4050	;# 
  1295   000FD2                     LVDCON          equ	4050	;# 
  1296   000FD3                     OSCCON          equ	4051	;# 
  1297   000FD5                     T0CON           equ	4053	;# 
  1298   000FD6                     TMR0            equ	4054	;# 
  1299   000FD6                     TMR0L           equ	4054	;# 
  1300   000FD7                     TMR0H           equ	4055	;# 
  1301   000FD8                     STATUS          equ	4056	;# 
  1302   000FD9                     FSR2            equ	4057	;# 
  1303   000FD9                     FSR2L           equ	4057	;# 
  1304   000FDA                     FSR2H           equ	4058	;# 
  1305   000FDB                     PLUSW2          equ	4059	;# 
  1306   000FDC                     PREINC2         equ	4060	;# 
  1307   000FDD                     POSTDEC2        equ	4061	;# 
  1308   000FDE                     POSTINC2        equ	4062	;# 
  1309   000FDF                     INDF2           equ	4063	;# 
  1310   000FE0                     BSR             equ	4064	;# 
  1311   000FE1                     FSR1            equ	4065	;# 
  1312   000FE1                     FSR1L           equ	4065	;# 
  1313   000FE2                     FSR1H           equ	4066	;# 
  1314   000FE3                     PLUSW1          equ	4067	;# 
  1315   000FE4                     PREINC1         equ	4068	;# 
  1316   000FE5                     POSTDEC1        equ	4069	;# 
  1317   000FE6                     POSTINC1        equ	4070	;# 
  1318   000FE7                     INDF1           equ	4071	;# 
  1319   000FE8                     WREG            equ	4072	;# 
  1320   000FE9                     FSR0            equ	4073	;# 
  1321   000FE9                     FSR0L           equ	4073	;# 
  1322   000FEA                     FSR0H           equ	4074	;# 
  1323   000FEB                     PLUSW0          equ	4075	;# 
  1324   000FEC                     PREINC0         equ	4076	;# 
  1325   000FED                     POSTDEC0        equ	4077	;# 
  1326   000FEE                     POSTINC0        equ	4078	;# 
  1327   000FEF                     INDF0           equ	4079	;# 
  1328   000FF0                     INTCON3         equ	4080	;# 
  1329   000FF1                     INTCON2         equ	4081	;# 
  1330   000FF2                     INTCON          equ	4082	;# 
  1331   000FF3                     PROD            equ	4083	;# 
  1332   000FF3                     PRODL           equ	4083	;# 
  1333   000FF4                     PRODH           equ	4084	;# 
  1334   000FF5                     TABLAT          equ	4085	;# 
  1335   000FF6                     TBLPTR          equ	4086	;# 
  1336   000FF6                     TBLPTRL         equ	4086	;# 
  1337   000FF7                     TBLPTRH         equ	4087	;# 
  1338   000FF8                     TBLPTRU         equ	4088	;# 
  1339   000FF9                     PCLAT           equ	4089	;# 
  1340   000FF9                     PC              equ	4089	;# 
  1341   000FF9                     PCL             equ	4089	;# 
  1342   000FFA                     PCLATH          equ	4090	;# 
  1343   000FFB                     PCLATU          equ	4091	;# 
  1344   000FFC                     STKPTR          equ	4092	;# 
  1345   000FFD                     TOS             equ	4093	;# 
  1346   000FFD                     TOSL            equ	4093	;# 
  1347   000FFE                     TOSH            equ	4094	;# 
  1348   000FFF                     TOSU            equ	4095	;# 
  1349   000D60                     RXF6SIDH        equ	3424	;# 
  1350   000D61                     RXF6SIDL        equ	3425	;# 
  1351   000D62                     RXF6EIDH        equ	3426	;# 
  1352   000D63                     RXF6EIDL        equ	3427	;# 
  1353   000D64                     RXF7SIDH        equ	3428	;# 
  1354   000D65                     RXF7SIDL        equ	3429	;# 
  1355   000D66                     RXF7EIDH        equ	3430	;# 
  1356   000D67                     RXF7EIDL        equ	3431	;# 
  1357   000D68                     RXF8SIDH        equ	3432	;# 
  1358   000D69                     RXF8SIDL        equ	3433	;# 
  1359   000D6A                     RXF8EIDH        equ	3434	;# 
  1360   000D6B                     RXF8EIDL        equ	3435	;# 
  1361   000D70                     RXF9SIDH        equ	3440	;# 
  1362   000D71                     RXF9SIDL        equ	3441	;# 
  1363   000D72                     RXF9EIDH        equ	3442	;# 
  1364   000D73                     RXF9EIDL        equ	3443	;# 
  1365   000D74                     RXF10SIDH       equ	3444	;# 
  1366   000D75                     RXF10SIDL       equ	3445	;# 
  1367   000D76                     RXF10EIDH       equ	3446	;# 
  1368   000D77                     RXF10EIDL       equ	3447	;# 
  1369   000D78                     RXF11SIDH       equ	3448	;# 
  1370   000D79                     RXF11SIDL       equ	3449	;# 
  1371   000D7A                     RXF11EIDH       equ	3450	;# 
  1372   000D7B                     RXF11EIDL       equ	3451	;# 
  1373   000D80                     RXF12SIDH       equ	3456	;# 
  1374   000D81                     RXF12SIDL       equ	3457	;# 
  1375   000D82                     RXF12EIDH       equ	3458	;# 
  1376   000D83                     RXF12EIDL       equ	3459	;# 
  1377   000D84                     RXF13SIDH       equ	3460	;# 
  1378   000D85                     RXF13SIDL       equ	3461	;# 
  1379   000D86                     RXF13EIDH       equ	3462	;# 
  1380   000D87                     RXF13EIDL       equ	3463	;# 
  1381   000D88                     RXF14SIDH       equ	3464	;# 
  1382   000D89                     RXF14SIDL       equ	3465	;# 
  1383   000D8A                     RXF14EIDH       equ	3466	;# 
  1384   000D8B                     RXF14EIDL       equ	3467	;# 
  1385   000D90                     RXF15SIDH       equ	3472	;# 
  1386   000D91                     RXF15SIDL       equ	3473	;# 
  1387   000D92                     RXF15EIDH       equ	3474	;# 
  1388   000D93                     RXF15EIDL       equ	3475	;# 
  1389   000DD4                     RXFCON0         equ	3540	;# 
  1390   000DD5                     RXFCON1         equ	3541	;# 
  1391   000DD8                     SDFLC           equ	3544	;# 
  1392   000DE0                     RXFBCON0        equ	3552	;# 
  1393   000DE1                     RXFBCON1        equ	3553	;# 
  1394   000DE2                     RXFBCON2        equ	3554	;# 
  1395   000DE3                     RXFBCON3        equ	3555	;# 
  1396   000DE4                     RXFBCON4        equ	3556	;# 
  1397   000DE5                     RXFBCON5        equ	3557	;# 
  1398   000DE6                     RXFBCON6        equ	3558	;# 
  1399   000DE7                     RXFBCON7        equ	3559	;# 
  1400   000DF0                     MSEL0           equ	3568	;# 
  1401   000DF1                     MSEL1           equ	3569	;# 
  1402   000DF2                     MSEL2           equ	3570	;# 
  1403   000DF3                     MSEL3           equ	3571	;# 
  1404   000DF8                     BSEL0           equ	3576	;# 
  1405   000DFA                     BIE0            equ	3578	;# 
  1406   000DFC                     TXBIE           equ	3580	;# 
  1407   000E20                     B0CON           equ	3616	;# 
  1408   000E21                     B0SIDH          equ	3617	;# 
  1409   000E22                     B0SIDL          equ	3618	;# 
  1410   000E23                     B0EIDH          equ	3619	;# 
  1411   000E24                     B0EIDL          equ	3620	;# 
  1412   000E25                     B0DLC           equ	3621	;# 
  1413   000E26                     B0D0            equ	3622	;# 
  1414   000E27                     B0D1            equ	3623	;# 
  1415   000E28                     B0D2            equ	3624	;# 
  1416   000E29                     B0D3            equ	3625	;# 
  1417   000E2A                     B0D4            equ	3626	;# 
  1418   000E2B                     B0D5            equ	3627	;# 
  1419   000E2C                     B0D6            equ	3628	;# 
  1420   000E2D                     B0D7            equ	3629	;# 
  1421   000E2E                     CANSTAT_RO9     equ	3630	;# 
  1422   000E2F                     CANCON_RO9      equ	3631	;# 
  1423   000E30                     B1CON           equ	3632	;# 
  1424   000E31                     B1SIDH          equ	3633	;# 
  1425   000E32                     B1SIDL          equ	3634	;# 
  1426   000E33                     B1EIDH          equ	3635	;# 
  1427   000E34                     B1EIDL          equ	3636	;# 
  1428   000E35                     B1DLC           equ	3637	;# 
  1429   000E36                     B1D0            equ	3638	;# 
  1430   000E37                     B1D1            equ	3639	;# 
  1431   000E38                     B1D2            equ	3640	;# 
  1432   000E39                     B1D3            equ	3641	;# 
  1433   000E3A                     B1D4            equ	3642	;# 
  1434   000E3B                     B1D5            equ	3643	;# 
  1435   000E3C                     B1D6            equ	3644	;# 
  1436   000E3D                     B1D7            equ	3645	;# 
  1437   000E3E                     CANSTAT_RO8     equ	3646	;# 
  1438   000E3F                     CANCON_RO8      equ	3647	;# 
  1439   000E40                     B2CON           equ	3648	;# 
  1440   000E41                     B2SIDH          equ	3649	;# 
  1441   000E42                     B2SIDL          equ	3650	;# 
  1442   000E43                     B2EIDH          equ	3651	;# 
  1443   000E44                     B2EIDL          equ	3652	;# 
  1444   000E45                     B2DLC           equ	3653	;# 
  1445   000E46                     B2D0            equ	3654	;# 
  1446   000E47                     B2D1            equ	3655	;# 
  1447   000E48                     B2D2            equ	3656	;# 
  1448   000E49                     B2D3            equ	3657	;# 
  1449   000E4A                     B2D4            equ	3658	;# 
  1450   000E4B                     B2D5            equ	3659	;# 
  1451   000E4C                     B2D6            equ	3660	;# 
  1452   000E4D                     B2D7            equ	3661	;# 
  1453   000E4E                     CANSTAT_RO7     equ	3662	;# 
  1454   000E4F                     CANCON_RO7      equ	3663	;# 
  1455   000E50                     B3CON           equ	3664	;# 
  1456   000E51                     B3SIDH          equ	3665	;# 
  1457   000E52                     B3SIDL          equ	3666	;# 
  1458   000E53                     B3EIDH          equ	3667	;# 
  1459   000E54                     B3EIDL          equ	3668	;# 
  1460   000E55                     B3DLC           equ	3669	;# 
  1461   000E56                     B3D0            equ	3670	;# 
  1462   000E57                     B3D1            equ	3671	;# 
  1463   000E58                     B3D2            equ	3672	;# 
  1464   000E59                     B3D3            equ	3673	;# 
  1465   000E5A                     B3D4            equ	3674	;# 
  1466   000E5B                     B3D5            equ	3675	;# 
  1467   000E5C                     B3D6            equ	3676	;# 
  1468   000E5D                     B3D7            equ	3677	;# 
  1469   000E5E                     CANSTAT_RO6     equ	3678	;# 
  1470   000E5F                     CANCON_RO6      equ	3679	;# 
  1471   000E60                     B4CON           equ	3680	;# 
  1472   000E61                     B4SIDH          equ	3681	;# 
  1473   000E62                     B4SIDL          equ	3682	;# 
  1474   000E63                     B4EIDH          equ	3683	;# 
  1475   000E64                     B4EIDL          equ	3684	;# 
  1476   000E65                     B4DLC           equ	3685	;# 
  1477   000E66                     B4D0            equ	3686	;# 
  1478   000E67                     B4D1            equ	3687	;# 
  1479   000E68                     B4D2            equ	3688	;# 
  1480   000E69                     B4D3            equ	3689	;# 
  1481   000E6A                     B4D4            equ	3690	;# 
  1482   000E6B                     B4D5            equ	3691	;# 
  1483   000E6C                     B4D6            equ	3692	;# 
  1484   000E6D                     B4D7            equ	3693	;# 
  1485   000E6E                     CANSTAT_RO5     equ	3694	;# 
  1486   000E6F                     CANCON_RO5      equ	3695	;# 
  1487   000E70                     B5CON           equ	3696	;# 
  1488   000E71                     B5SIDH          equ	3697	;# 
  1489   000E72                     B5SIDL          equ	3698	;# 
  1490   000E73                     B5EIDH          equ	3699	;# 
  1491   000E74                     B5EIDL          equ	3700	;# 
  1492   000E75                     B5DLC           equ	3701	;# 
  1493   000E76                     B5D0            equ	3702	;# 
  1494   000E77                     B5D1            equ	3703	;# 
  1495   000E78                     B5D2            equ	3704	;# 
  1496   000E79                     B5D3            equ	3705	;# 
  1497   000E7A                     B5D4            equ	3706	;# 
  1498   000E7B                     B5D5            equ	3707	;# 
  1499   000E7C                     B5D6            equ	3708	;# 
  1500   000E7D                     B5D7            equ	3709	;# 
  1501   000E7E                     CANSTAT_RO4     equ	3710	;# 
  1502   000E7F                     CANCON_RO4      equ	3711	;# 
  1503   000F00                     RXF0SIDH        equ	3840	;# 
  1504   000F01                     RXF0SIDL        equ	3841	;# 
  1505   000F02                     RXF0EIDH        equ	3842	;# 
  1506   000F03                     RXF0EIDL        equ	3843	;# 
  1507   000F04                     RXF1SIDH        equ	3844	;# 
  1508   000F05                     RXF1SIDL        equ	3845	;# 
  1509   000F06                     RXF1EIDH        equ	3846	;# 
  1510   000F07                     RXF1EIDL        equ	3847	;# 
  1511   000F08                     RXF2SIDH        equ	3848	;# 
  1512   000F09                     RXF2SIDL        equ	3849	;# 
  1513   000F0A                     RXF2EIDH        equ	3850	;# 
  1514   000F0B                     RXF2EIDL        equ	3851	;# 
  1515   000F0C                     RXF3SIDH        equ	3852	;# 
  1516   000F0D                     RXF3SIDL        equ	3853	;# 
  1517   000F0E                     RXF3EIDH        equ	3854	;# 
  1518   000F0F                     RXF3EIDL        equ	3855	;# 
  1519   000F10                     RXF4SIDH        equ	3856	;# 
  1520   000F11                     RXF4SIDL        equ	3857	;# 
  1521   000F12                     RXF4EIDH        equ	3858	;# 
  1522   000F13                     RXF4EIDL        equ	3859	;# 
  1523   000F14                     RXF5SIDH        equ	3860	;# 
  1524   000F15                     RXF5SIDL        equ	3861	;# 
  1525   000F16                     RXF5EIDH        equ	3862	;# 
  1526   000F17                     RXF5EIDL        equ	3863	;# 
  1527   000F18                     RXM0SIDH        equ	3864	;# 
  1528   000F19                     RXM0SIDL        equ	3865	;# 
  1529   000F1A                     RXM0EIDH        equ	3866	;# 
  1530   000F1B                     RXM0EIDL        equ	3867	;# 
  1531   000F1C                     RXM1SIDH        equ	3868	;# 
  1532   000F1D                     RXM1SIDL        equ	3869	;# 
  1533   000F1E                     RXM1EIDH        equ	3870	;# 
  1534   000F1F                     RXM1EIDL        equ	3871	;# 
  1535   000F20                     TXB2CON         equ	3872	;# 
  1536   000F21                     TXB2SIDH        equ	3873	;# 
  1537   000F22                     TXB2SIDL        equ	3874	;# 
  1538   000F23                     TXB2EIDH        equ	3875	;# 
  1539   000F24                     TXB2EIDL        equ	3876	;# 
  1540   000F25                     TXB2DLC         equ	3877	;# 
  1541   000F26                     TXB2D0          equ	3878	;# 
  1542   000F27                     TXB2D1          equ	3879	;# 
  1543   000F28                     TXB2D2          equ	3880	;# 
  1544   000F29                     TXB2D3          equ	3881	;# 
  1545   000F2A                     TXB2D4          equ	3882	;# 
  1546   000F2B                     TXB2D5          equ	3883	;# 
  1547   000F2C                     TXB2D6          equ	3884	;# 
  1548   000F2D                     TXB2D7          equ	3885	;# 
  1549   000F2E                     CANSTAT_RO3     equ	3886	;# 
  1550   000F2F                     CANCON_RO3      equ	3887	;# 
  1551   000F30                     TXB1CON         equ	3888	;# 
  1552   000F31                     TXB1SIDH        equ	3889	;# 
  1553   000F32                     TXB1SIDL        equ	3890	;# 
  1554   000F33                     TXB1EIDH        equ	3891	;# 
  1555   000F34                     TXB1EIDL        equ	3892	;# 
  1556   000F35                     TXB1DLC         equ	3893	;# 
  1557   000F36                     TXB1D0          equ	3894	;# 
  1558   000F37                     TXB1D1          equ	3895	;# 
  1559   000F38                     TXB1D2          equ	3896	;# 
  1560   000F39                     TXB1D3          equ	3897	;# 
  1561   000F3A                     TXB1D4          equ	3898	;# 
  1562   000F3B                     TXB1D5          equ	3899	;# 
  1563   000F3C                     TXB1D6          equ	3900	;# 
  1564   000F3D                     TXB1D7          equ	3901	;# 
  1565   000F3E                     CANSTAT_RO2     equ	3902	;# 
  1566   000F3F                     CANCON_RO2      equ	3903	;# 
  1567   000F40                     TXB0CON         equ	3904	;# 
  1568   000F41                     TXB0SIDH        equ	3905	;# 
  1569   000F42                     TXB0SIDL        equ	3906	;# 
  1570   000F43                     TXB0EIDH        equ	3907	;# 
  1571   000F44                     TXB0EIDL        equ	3908	;# 
  1572   000F45                     TXB0DLC         equ	3909	;# 
  1573   000F46                     TXB0D0          equ	3910	;# 
  1574   000F47                     TXB0D1          equ	3911	;# 
  1575   000F48                     TXB0D2          equ	3912	;# 
  1576   000F49                     TXB0D3          equ	3913	;# 
  1577   000F4A                     TXB0D4          equ	3914	;# 
  1578   000F4B                     TXB0D5          equ	3915	;# 
  1579   000F4C                     TXB0D6          equ	3916	;# 
  1580   000F4D                     TXB0D7          equ	3917	;# 
  1581   000F4E                     CANSTAT_RO1     equ	3918	;# 
  1582   000F4F                     CANCON_RO1      equ	3919	;# 
  1583   000F50                     RXB1CON         equ	3920	;# 
  1584   000F51                     RXB1SIDH        equ	3921	;# 
  1585   000F52                     RXB1SIDL        equ	3922	;# 
  1586   000F53                     RXB1EIDH        equ	3923	;# 
  1587   000F54                     RXB1EIDL        equ	3924	;# 
  1588   000F55                     RXB1DLC         equ	3925	;# 
  1589   000F56                     RXB1D0          equ	3926	;# 
  1590   000F57                     RXB1D1          equ	3927	;# 
  1591   000F58                     RXB1D2          equ	3928	;# 
  1592   000F59                     RXB1D3          equ	3929	;# 
  1593   000F5A                     RXB1D4          equ	3930	;# 
  1594   000F5B                     RXB1D5          equ	3931	;# 
  1595   000F5C                     RXB1D6          equ	3932	;# 
  1596   000F5D                     RXB1D7          equ	3933	;# 
  1597   000F5E                     CANSTAT_RO0     equ	3934	;# 
  1598   000F5F                     CANCON_RO0      equ	3935	;# 
  1599   000F60                     RXB0CON         equ	3936	;# 
  1600   000F61                     RXB0SIDH        equ	3937	;# 
  1601   000F62                     RXB0SIDL        equ	3938	;# 
  1602   000F63                     RXB0EIDH        equ	3939	;# 
  1603   000F64                     RXB0EIDL        equ	3940	;# 
  1604   000F65                     RXB0DLC         equ	3941	;# 
  1605   000F66                     RXB0D0          equ	3942	;# 
  1606   000F67                     RXB0D1          equ	3943	;# 
  1607   000F68                     RXB0D2          equ	3944	;# 
  1608   000F69                     RXB0D3          equ	3945	;# 
  1609   000F6A                     RXB0D4          equ	3946	;# 
  1610   000F6B                     RXB0D5          equ	3947	;# 
  1611   000F6C                     RXB0D6          equ	3948	;# 
  1612   000F6D                     RXB0D7          equ	3949	;# 
  1613   000F6E                     CANSTAT         equ	3950	;# 
  1614   000F6F                     CANCON          equ	3951	;# 
  1615   000F70                     BRGCON1         equ	3952	;# 
  1616   000F71                     BRGCON2         equ	3953	;# 
  1617   000F72                     BRGCON3         equ	3954	;# 
  1618   000F73                     CIOCON          equ	3955	;# 
  1619   000F74                     COMSTAT         equ	3956	;# 
  1620   000F75                     RXERRCNT        equ	3957	;# 
  1621   000F76                     TXERRCNT        equ	3958	;# 
  1622   000F77                     ECANCON         equ	3959	;# 
  1623   000F80                     PORTA           equ	3968	;# 
  1624   000F81                     PORTB           equ	3969	;# 
  1625   000F82                     PORTC           equ	3970	;# 
  1626   000F83                     PORTD           equ	3971	;# 
  1627   000F84                     PORTE           equ	3972	;# 
  1628   000F89                     LATA            equ	3977	;# 
  1629   000F8A                     LATB            equ	3978	;# 
  1630   000F8B                     LATC            equ	3979	;# 
  1631   000F8C                     LATD            equ	3980	;# 
  1632   000F8D                     LATE            equ	3981	;# 
  1633   000F92                     TRISA           equ	3986	;# 
  1634   000F92                     DDRA            equ	3986	;# 
  1635   000F93                     TRISB           equ	3987	;# 
  1636   000F93                     DDRB            equ	3987	;# 
  1637   000F94                     TRISC           equ	3988	;# 
  1638   000F94                     DDRC            equ	3988	;# 
  1639   000F95                     TRISD           equ	3989	;# 
  1640   000F95                     DDRD            equ	3989	;# 
  1641   000F96                     TRISE           equ	3990	;# 
  1642   000F96                     DDRE            equ	3990	;# 
  1643   000F9B                     OSCTUNE         equ	3995	;# 
  1644   000F9D                     PIE1            equ	3997	;# 
  1645   000F9E                     PIR1            equ	3998	;# 
  1646   000F9F                     IPR1            equ	3999	;# 
  1647   000FA0                     PIE2            equ	4000	;# 
  1648   000FA1                     PIR2            equ	4001	;# 
  1649   000FA2                     IPR2            equ	4002	;# 
  1650   000FA3                     PIE3            equ	4003	;# 
  1651   000FA4                     PIR3            equ	4004	;# 
  1652   000FA5                     IPR3            equ	4005	;# 
  1653   000FA6                     EECON1          equ	4006	;# 
  1654   000FA7                     EECON2          equ	4007	;# 
  1655   000FA8                     EEDATA          equ	4008	;# 
  1656   000FA9                     EEADR           equ	4009	;# 
  1657   000FAB                     RCSTA           equ	4011	;# 
  1658   000FAB                     RCSTA1          equ	4011	;# 
  1659   000FAC                     TXSTA           equ	4012	;# 
  1660   000FAC                     TXSTA1          equ	4012	;# 
  1661   000FAD                     TXREG           equ	4013	;# 
  1662   000FAD                     TXREG1          equ	4013	;# 
  1663   000FAE                     RCREG           equ	4014	;# 
  1664   000FAE                     RCREG1          equ	4014	;# 
  1665   000FAF                     SPBRG           equ	4015	;# 
  1666   000FAF                     SPBRG1          equ	4015	;# 
  1667   000FB0                     SPBRGH          equ	4016	;# 
  1668   000FB1                     T3CON           equ	4017	;# 
  1669   000FB2                     TMR3            equ	4018	;# 
  1670   000FB2                     TMR3L           equ	4018	;# 
  1671   000FB3                     TMR3H           equ	4019	;# 
  1672   000FB4                     CMCON           equ	4020	;# 
  1673   000FB5                     CVRCON          equ	4021	;# 
  1674   000FB6                     ECCP1AS         equ	4022	;# 
  1675   000FB7                     ECCP1DEL        equ	4023	;# 
  1676   000FB8                     BAUDCON         equ	4024	;# 
  1677   000FB8                     BAUDCTL         equ	4024	;# 
  1678   000FBA                     ECCP1CON        equ	4026	;# 
  1679   000FBB                     ECCPR1          equ	4027	;# 
  1680   000FBB                     ECCPR1L         equ	4027	;# 
  1681   000FBC                     ECCPR1H         equ	4028	;# 
  1682   000FBD                     CCP1CON         equ	4029	;# 
  1683   000FBE                     CCPR1           equ	4030	;# 
  1684   000FBE                     CCPR1L          equ	4030	;# 
  1685   000FBF                     CCPR1H          equ	4031	;# 
  1686   000FC0                     ADCON2          equ	4032	;# 
  1687   000FC1                     ADCON1          equ	4033	;# 
  1688   000FC2                     ADCON0          equ	4034	;# 
  1689   000FC3                     ADRES           equ	4035	;# 
  1690   000FC3                     ADRESL          equ	4035	;# 
  1691   000FC4                     ADRESH          equ	4036	;# 
  1692   000FC5                     SSPCON2         equ	4037	;# 
  1693   000FC6                     SSPCON1         equ	4038	;# 
  1694   000FC7                     SSPSTAT         equ	4039	;# 
  1695   000FC8                     SSPADD          equ	4040	;# 
  1696   000FC9                     SSPBUF          equ	4041	;# 
  1697   000FCA                     T2CON           equ	4042	;# 
  1698   000FCB                     PR2             equ	4043	;# 
  1699   000FCB                     MEMCON          equ	4043	;# 
  1700   000FCC                     TMR2            equ	4044	;# 
  1701   000FCD                     T1CON           equ	4045	;# 
  1702   000FCE                     TMR1            equ	4046	;# 
  1703   000FCE                     TMR1L           equ	4046	;# 
  1704   000FCF                     TMR1H           equ	4047	;# 
  1705   000FD0                     RCON            equ	4048	;# 
  1706   000FD1                     WDTCON          equ	4049	;# 
  1707   000FD2                     HLVDCON         equ	4050	;# 
  1708   000FD2                     LVDCON          equ	4050	;# 
  1709   000FD3                     OSCCON          equ	4051	;# 
  1710   000FD5                     T0CON           equ	4053	;# 
  1711   000FD6                     TMR0            equ	4054	;# 
  1712   000FD6                     TMR0L           equ	4054	;# 
  1713   000FD7                     TMR0H           equ	4055	;# 
  1714   000FD8                     STATUS          equ	4056	;# 
  1715   000FD9                     FSR2            equ	4057	;# 
  1716   000FD9                     FSR2L           equ	4057	;# 
  1717   000FDA                     FSR2H           equ	4058	;# 
  1718   000FDB                     PLUSW2          equ	4059	;# 
  1719   000FDC                     PREINC2         equ	4060	;# 
  1720   000FDD                     POSTDEC2        equ	4061	;# 
  1721   000FDE                     POSTINC2        equ	4062	;# 
  1722   000FDF                     INDF2           equ	4063	;# 
  1723   000FE0                     BSR             equ	4064	;# 
  1724   000FE1                     FSR1            equ	4065	;# 
  1725   000FE1                     FSR1L           equ	4065	;# 
  1726   000FE2                     FSR1H           equ	4066	;# 
  1727   000FE3                     PLUSW1          equ	4067	;# 
  1728   000FE4                     PREINC1         equ	4068	;# 
  1729   000FE5                     POSTDEC1        equ	4069	;# 
  1730   000FE6                     POSTINC1        equ	4070	;# 
  1731   000FE7                     INDF1           equ	4071	;# 
  1732   000FE8                     WREG            equ	4072	;# 
  1733   000FE9                     FSR0            equ	4073	;# 
  1734   000FE9                     FSR0L           equ	4073	;# 
  1735   000FEA                     FSR0H           equ	4074	;# 
  1736   000FEB                     PLUSW0          equ	4075	;# 
  1737   000FEC                     PREINC0         equ	4076	;# 
  1738   000FED                     POSTDEC0        equ	4077	;# 
  1739   000FEE                     POSTINC0        equ	4078	;# 
  1740   000FEF                     INDF0           equ	4079	;# 
  1741   000FF0                     INTCON3         equ	4080	;# 
  1742   000FF1                     INTCON2         equ	4081	;# 
  1743   000FF2                     INTCON          equ	4082	;# 
  1744   000FF3                     PROD            equ	4083	;# 
  1745   000FF3                     PRODL           equ	4083	;# 
  1746   000FF4                     PRODH           equ	4084	;# 
  1747   000FF5                     TABLAT          equ	4085	;# 
  1748   000FF6                     TBLPTR          equ	4086	;# 
  1749   000FF6                     TBLPTRL         equ	4086	;# 
  1750   000FF7                     TBLPTRH         equ	4087	;# 
  1751   000FF8                     TBLPTRU         equ	4088	;# 
  1752   000FF9                     PCLAT           equ	4089	;# 
  1753   000FF9                     PC              equ	4089	;# 
  1754   000FF9                     PCL             equ	4089	;# 
  1755   000FFA                     PCLATH          equ	4090	;# 
  1756   000FFB                     PCLATU          equ	4091	;# 
  1757   000FFC                     STKPTR          equ	4092	;# 
  1758   000FFD                     TOS             equ	4093	;# 
  1759   000FFD                     TOSL            equ	4093	;# 
  1760   000FFE                     TOSH            equ	4094	;# 
  1761   000FFF                     TOSU            equ	4095	;# 
  1762   000D60                     RXF6SIDH        equ	3424	;# 
  1763   000D61                     RXF6SIDL        equ	3425	;# 
  1764   000D62                     RXF6EIDH        equ	3426	;# 
  1765   000D63                     RXF6EIDL        equ	3427	;# 
  1766   000D64                     RXF7SIDH        equ	3428	;# 
  1767   000D65                     RXF7SIDL        equ	3429	;# 
  1768   000D66                     RXF7EIDH        equ	3430	;# 
  1769   000D67                     RXF7EIDL        equ	3431	;# 
  1770   000D68                     RXF8SIDH        equ	3432	;# 
  1771   000D69                     RXF8SIDL        equ	3433	;# 
  1772   000D6A                     RXF8EIDH        equ	3434	;# 
  1773   000D6B                     RXF8EIDL        equ	3435	;# 
  1774   000D70                     RXF9SIDH        equ	3440	;# 
  1775   000D71                     RXF9SIDL        equ	3441	;# 
  1776   000D72                     RXF9EIDH        equ	3442	;# 
  1777   000D73                     RXF9EIDL        equ	3443	;# 
  1778   000D74                     RXF10SIDH       equ	3444	;# 
  1779   000D75                     RXF10SIDL       equ	3445	;# 
  1780   000D76                     RXF10EIDH       equ	3446	;# 
  1781   000D77                     RXF10EIDL       equ	3447	;# 
  1782   000D78                     RXF11SIDH       equ	3448	;# 
  1783   000D79                     RXF11SIDL       equ	3449	;# 
  1784   000D7A                     RXF11EIDH       equ	3450	;# 
  1785   000D7B                     RXF11EIDL       equ	3451	;# 
  1786   000D80                     RXF12SIDH       equ	3456	;# 
  1787   000D81                     RXF12SIDL       equ	3457	;# 
  1788   000D82                     RXF12EIDH       equ	3458	;# 
  1789   000D83                     RXF12EIDL       equ	3459	;# 
  1790   000D84                     RXF13SIDH       equ	3460	;# 
  1791   000D85                     RXF13SIDL       equ	3461	;# 
  1792   000D86                     RXF13EIDH       equ	3462	;# 
  1793   000D87                     RXF13EIDL       equ	3463	;# 
  1794   000D88                     RXF14SIDH       equ	3464	;# 
  1795   000D89                     RXF14SIDL       equ	3465	;# 
  1796   000D8A                     RXF14EIDH       equ	3466	;# 
  1797   000D8B                     RXF14EIDL       equ	3467	;# 
  1798   000D90                     RXF15SIDH       equ	3472	;# 
  1799   000D91                     RXF15SIDL       equ	3473	;# 
  1800   000D92                     RXF15EIDH       equ	3474	;# 
  1801   000D93                     RXF15EIDL       equ	3475	;# 
  1802   000DD4                     RXFCON0         equ	3540	;# 
  1803   000DD5                     RXFCON1         equ	3541	;# 
  1804   000DD8                     SDFLC           equ	3544	;# 
  1805   000DE0                     RXFBCON0        equ	3552	;# 
  1806   000DE1                     RXFBCON1        equ	3553	;# 
  1807   000DE2                     RXFBCON2        equ	3554	;# 
  1808   000DE3                     RXFBCON3        equ	3555	;# 
  1809   000DE4                     RXFBCON4        equ	3556	;# 
  1810   000DE5                     RXFBCON5        equ	3557	;# 
  1811   000DE6                     RXFBCON6        equ	3558	;# 
  1812   000DE7                     RXFBCON7        equ	3559	;# 
  1813   000DF0                     MSEL0           equ	3568	;# 
  1814   000DF1                     MSEL1           equ	3569	;# 
  1815   000DF2                     MSEL2           equ	3570	;# 
  1816   000DF3                     MSEL3           equ	3571	;# 
  1817   000DF8                     BSEL0           equ	3576	;# 
  1818   000DFA                     BIE0            equ	3578	;# 
  1819   000DFC                     TXBIE           equ	3580	;# 
  1820   000E20                     B0CON           equ	3616	;# 
  1821   000E21                     B0SIDH          equ	3617	;# 
  1822   000E22                     B0SIDL          equ	3618	;# 
  1823   000E23                     B0EIDH          equ	3619	;# 
  1824   000E24                     B0EIDL          equ	3620	;# 
  1825   000E25                     B0DLC           equ	3621	;# 
  1826   000E26                     B0D0            equ	3622	;# 
  1827   000E27                     B0D1            equ	3623	;# 
  1828   000E28                     B0D2            equ	3624	;# 
  1829   000E29                     B0D3            equ	3625	;# 
  1830   000E2A                     B0D4            equ	3626	;# 
  1831   000E2B                     B0D5            equ	3627	;# 
  1832   000E2C                     B0D6            equ	3628	;# 
  1833   000E2D                     B0D7            equ	3629	;# 
  1834   000E2E                     CANSTAT_RO9     equ	3630	;# 
  1835   000E2F                     CANCON_RO9      equ	3631	;# 
  1836   000E30                     B1CON           equ	3632	;# 
  1837   000E31                     B1SIDH          equ	3633	;# 
  1838   000E32                     B1SIDL          equ	3634	;# 
  1839   000E33                     B1EIDH          equ	3635	;# 
  1840   000E34                     B1EIDL          equ	3636	;# 
  1841   000E35                     B1DLC           equ	3637	;# 
  1842   000E36                     B1D0            equ	3638	;# 
  1843   000E37                     B1D1            equ	3639	;# 
  1844   000E38                     B1D2            equ	3640	;# 
  1845   000E39                     B1D3            equ	3641	;# 
  1846   000E3A                     B1D4            equ	3642	;# 
  1847   000E3B                     B1D5            equ	3643	;# 
  1848   000E3C                     B1D6            equ	3644	;# 
  1849   000E3D                     B1D7            equ	3645	;# 
  1850   000E3E                     CANSTAT_RO8     equ	3646	;# 
  1851   000E3F                     CANCON_RO8      equ	3647	;# 
  1852   000E40                     B2CON           equ	3648	;# 
  1853   000E41                     B2SIDH          equ	3649	;# 
  1854   000E42                     B2SIDL          equ	3650	;# 
  1855   000E43                     B2EIDH          equ	3651	;# 
  1856   000E44                     B2EIDL          equ	3652	;# 
  1857   000E45                     B2DLC           equ	3653	;# 
  1858   000E46                     B2D0            equ	3654	;# 
  1859   000E47                     B2D1            equ	3655	;# 
  1860   000E48                     B2D2            equ	3656	;# 
  1861   000E49                     B2D3            equ	3657	;# 
  1862   000E4A                     B2D4            equ	3658	;# 
  1863   000E4B                     B2D5            equ	3659	;# 
  1864   000E4C                     B2D6            equ	3660	;# 
  1865   000E4D                     B2D7            equ	3661	;# 
  1866   000E4E                     CANSTAT_RO7     equ	3662	;# 
  1867   000E4F                     CANCON_RO7      equ	3663	;# 
  1868   000E50                     B3CON           equ	3664	;# 
  1869   000E51                     B3SIDH          equ	3665	;# 
  1870   000E52                     B3SIDL          equ	3666	;# 
  1871   000E53                     B3EIDH          equ	3667	;# 
  1872   000E54                     B3EIDL          equ	3668	;# 
  1873   000E55                     B3DLC           equ	3669	;# 
  1874   000E56                     B3D0            equ	3670	;# 
  1875   000E57                     B3D1            equ	3671	;# 
  1876   000E58                     B3D2            equ	3672	;# 
  1877   000E59                     B3D3            equ	3673	;# 
  1878   000E5A                     B3D4            equ	3674	;# 
  1879   000E5B                     B3D5            equ	3675	;# 
  1880   000E5C                     B3D6            equ	3676	;# 
  1881   000E5D                     B3D7            equ	3677	;# 
  1882   000E5E                     CANSTAT_RO6     equ	3678	;# 
  1883   000E5F                     CANCON_RO6      equ	3679	;# 
  1884   000E60                     B4CON           equ	3680	;# 
  1885   000E61                     B4SIDH          equ	3681	;# 
  1886   000E62                     B4SIDL          equ	3682	;# 
  1887   000E63                     B4EIDH          equ	3683	;# 
  1888   000E64                     B4EIDL          equ	3684	;# 
  1889   000E65                     B4DLC           equ	3685	;# 
  1890   000E66                     B4D0            equ	3686	;# 
  1891   000E67                     B4D1            equ	3687	;# 
  1892   000E68                     B4D2            equ	3688	;# 
  1893   000E69                     B4D3            equ	3689	;# 
  1894   000E6A                     B4D4            equ	3690	;# 
  1895   000E6B                     B4D5            equ	3691	;# 
  1896   000E6C                     B4D6            equ	3692	;# 
  1897   000E6D                     B4D7            equ	3693	;# 
  1898   000E6E                     CANSTAT_RO5     equ	3694	;# 
  1899   000E6F                     CANCON_RO5      equ	3695	;# 
  1900   000E70                     B5CON           equ	3696	;# 
  1901   000E71                     B5SIDH          equ	3697	;# 
  1902   000E72                     B5SIDL          equ	3698	;# 
  1903   000E73                     B5EIDH          equ	3699	;# 
  1904   000E74                     B5EIDL          equ	3700	;# 
  1905   000E75                     B5DLC           equ	3701	;# 
  1906   000E76                     B5D0            equ	3702	;# 
  1907   000E77                     B5D1            equ	3703	;# 
  1908   000E78                     B5D2            equ	3704	;# 
  1909   000E79                     B5D3            equ	3705	;# 
  1910   000E7A                     B5D4            equ	3706	;# 
  1911   000E7B                     B5D5            equ	3707	;# 
  1912   000E7C                     B5D6            equ	3708	;# 
  1913   000E7D                     B5D7            equ	3709	;# 
  1914   000E7E                     CANSTAT_RO4     equ	3710	;# 
  1915   000E7F                     CANCON_RO4      equ	3711	;# 
  1916   000F00                     RXF0SIDH        equ	3840	;# 
  1917   000F01                     RXF0SIDL        equ	3841	;# 
  1918   000F02                     RXF0EIDH        equ	3842	;# 
  1919   000F03                     RXF0EIDL        equ	3843	;# 
  1920   000F04                     RXF1SIDH        equ	3844	;# 
  1921   000F05                     RXF1SIDL        equ	3845	;# 
  1922   000F06                     RXF1EIDH        equ	3846	;# 
  1923   000F07                     RXF1EIDL        equ	3847	;# 
  1924   000F08                     RXF2SIDH        equ	3848	;# 
  1925   000F09                     RXF2SIDL        equ	3849	;# 
  1926   000F0A                     RXF2EIDH        equ	3850	;# 
  1927   000F0B                     RXF2EIDL        equ	3851	;# 
  1928   000F0C                     RXF3SIDH        equ	3852	;# 
  1929   000F0D                     RXF3SIDL        equ	3853	;# 
  1930   000F0E                     RXF3EIDH        equ	3854	;# 
  1931   000F0F                     RXF3EIDL        equ	3855	;# 
  1932   000F10                     RXF4SIDH        equ	3856	;# 
  1933   000F11                     RXF4SIDL        equ	3857	;# 
  1934   000F12                     RXF4EIDH        equ	3858	;# 
  1935   000F13                     RXF4EIDL        equ	3859	;# 
  1936   000F14                     RXF5SIDH        equ	3860	;# 
  1937   000F15                     RXF5SIDL        equ	3861	;# 
  1938   000F16                     RXF5EIDH        equ	3862	;# 
  1939   000F17                     RXF5EIDL        equ	3863	;# 
  1940   000F18                     RXM0SIDH        equ	3864	;# 
  1941   000F19                     RXM0SIDL        equ	3865	;# 
  1942   000F1A                     RXM0EIDH        equ	3866	;# 
  1943   000F1B                     RXM0EIDL        equ	3867	;# 
  1944   000F1C                     RXM1SIDH        equ	3868	;# 
  1945   000F1D                     RXM1SIDL        equ	3869	;# 
  1946   000F1E                     RXM1EIDH        equ	3870	;# 
  1947   000F1F                     RXM1EIDL        equ	3871	;# 
  1948   000F20                     TXB2CON         equ	3872	;# 
  1949   000F21                     TXB2SIDH        equ	3873	;# 
  1950   000F22                     TXB2SIDL        equ	3874	;# 
  1951   000F23                     TXB2EIDH        equ	3875	;# 
  1952   000F24                     TXB2EIDL        equ	3876	;# 
  1953   000F25                     TXB2DLC         equ	3877	;# 
  1954   000F26                     TXB2D0          equ	3878	;# 
  1955   000F27                     TXB2D1          equ	3879	;# 
  1956   000F28                     TXB2D2          equ	3880	;# 
  1957   000F29                     TXB2D3          equ	3881	;# 
  1958   000F2A                     TXB2D4          equ	3882	;# 
  1959   000F2B                     TXB2D5          equ	3883	;# 
  1960   000F2C                     TXB2D6          equ	3884	;# 
  1961   000F2D                     TXB2D7          equ	3885	;# 
  1962   000F2E                     CANSTAT_RO3     equ	3886	;# 
  1963   000F2F                     CANCON_RO3      equ	3887	;# 
  1964   000F30                     TXB1CON         equ	3888	;# 
  1965   000F31                     TXB1SIDH        equ	3889	;# 
  1966   000F32                     TXB1SIDL        equ	3890	;# 
  1967   000F33                     TXB1EIDH        equ	3891	;# 
  1968   000F34                     TXB1EIDL        equ	3892	;# 
  1969   000F35                     TXB1DLC         equ	3893	;# 
  1970   000F36                     TXB1D0          equ	3894	;# 
  1971   000F37                     TXB1D1          equ	3895	;# 
  1972   000F38                     TXB1D2          equ	3896	;# 
  1973   000F39                     TXB1D3          equ	3897	;# 
  1974   000F3A                     TXB1D4          equ	3898	;# 
  1975   000F3B                     TXB1D5          equ	3899	;# 
  1976   000F3C                     TXB1D6          equ	3900	;# 
  1977   000F3D                     TXB1D7          equ	3901	;# 
  1978   000F3E                     CANSTAT_RO2     equ	3902	;# 
  1979   000F3F                     CANCON_RO2      equ	3903	;# 
  1980   000F40                     TXB0CON         equ	3904	;# 
  1981   000F41                     TXB0SIDH        equ	3905	;# 
  1982   000F42                     TXB0SIDL        equ	3906	;# 
  1983   000F43                     TXB0EIDH        equ	3907	;# 
  1984   000F44                     TXB0EIDL        equ	3908	;# 
  1985   000F45                     TXB0DLC         equ	3909	;# 
  1986   000F46                     TXB0D0          equ	3910	;# 
  1987   000F47                     TXB0D1          equ	3911	;# 
  1988   000F48                     TXB0D2          equ	3912	;# 
  1989   000F49                     TXB0D3          equ	3913	;# 
  1990   000F4A                     TXB0D4          equ	3914	;# 
  1991   000F4B                     TXB0D5          equ	3915	;# 
  1992   000F4C                     TXB0D6          equ	3916	;# 
  1993   000F4D                     TXB0D7          equ	3917	;# 
  1994   000F4E                     CANSTAT_RO1     equ	3918	;# 
  1995   000F4F                     CANCON_RO1      equ	3919	;# 
  1996   000F50                     RXB1CON         equ	3920	;# 
  1997   000F51                     RXB1SIDH        equ	3921	;# 
  1998   000F52                     RXB1SIDL        equ	3922	;# 
  1999   000F53                     RXB1EIDH        equ	3923	;# 
  2000   000F54                     RXB1EIDL        equ	3924	;# 
  2001   000F55                     RXB1DLC         equ	3925	;# 
  2002   000F56                     RXB1D0          equ	3926	;# 
  2003   000F57                     RXB1D1          equ	3927	;# 
  2004   000F58                     RXB1D2          equ	3928	;# 
  2005   000F59                     RXB1D3          equ	3929	;# 
  2006   000F5A                     RXB1D4          equ	3930	;# 
  2007   000F5B                     RXB1D5          equ	3931	;# 
  2008   000F5C                     RXB1D6          equ	3932	;# 
  2009   000F5D                     RXB1D7          equ	3933	;# 
  2010   000F5E                     CANSTAT_RO0     equ	3934	;# 
  2011   000F5F                     CANCON_RO0      equ	3935	;# 
  2012   000F60                     RXB0CON         equ	3936	;# 
  2013   000F61                     RXB0SIDH        equ	3937	;# 
  2014   000F62                     RXB0SIDL        equ	3938	;# 
  2015   000F63                     RXB0EIDH        equ	3939	;# 
  2016   000F64                     RXB0EIDL        equ	3940	;# 
  2017   000F65                     RXB0DLC         equ	3941	;# 
  2018   000F66                     RXB0D0          equ	3942	;# 
  2019   000F67                     RXB0D1          equ	3943	;# 
  2020   000F68                     RXB0D2          equ	3944	;# 
  2021   000F69                     RXB0D3          equ	3945	;# 
  2022   000F6A                     RXB0D4          equ	3946	;# 
  2023   000F6B                     RXB0D5          equ	3947	;# 
  2024   000F6C                     RXB0D6          equ	3948	;# 
  2025   000F6D                     RXB0D7          equ	3949	;# 
  2026   000F6E                     CANSTAT         equ	3950	;# 
  2027   000F6F                     CANCON          equ	3951	;# 
  2028   000F70                     BRGCON1         equ	3952	;# 
  2029   000F71                     BRGCON2         equ	3953	;# 
  2030   000F72                     BRGCON3         equ	3954	;# 
  2031   000F73                     CIOCON          equ	3955	;# 
  2032   000F74                     COMSTAT         equ	3956	;# 
  2033   000F75                     RXERRCNT        equ	3957	;# 
  2034   000F76                     TXERRCNT        equ	3958	;# 
  2035   000F77                     ECANCON         equ	3959	;# 
  2036   000F80                     PORTA           equ	3968	;# 
  2037   000F81                     PORTB           equ	3969	;# 
  2038   000F82                     PORTC           equ	3970	;# 
  2039   000F83                     PORTD           equ	3971	;# 
  2040   000F84                     PORTE           equ	3972	;# 
  2041   000F89                     LATA            equ	3977	;# 
  2042   000F8A                     LATB            equ	3978	;# 
  2043   000F8B                     LATC            equ	3979	;# 
  2044   000F8C                     LATD            equ	3980	;# 
  2045   000F8D                     LATE            equ	3981	;# 
  2046   000F92                     TRISA           equ	3986	;# 
  2047   000F92                     DDRA            equ	3986	;# 
  2048   000F93                     TRISB           equ	3987	;# 
  2049   000F93                     DDRB            equ	3987	;# 
  2050   000F94                     TRISC           equ	3988	;# 
  2051   000F94                     DDRC            equ	3988	;# 
  2052   000F95                     TRISD           equ	3989	;# 
  2053   000F95                     DDRD            equ	3989	;# 
  2054   000F96                     TRISE           equ	3990	;# 
  2055   000F96                     DDRE            equ	3990	;# 
  2056   000F9B                     OSCTUNE         equ	3995	;# 
  2057   000F9D                     PIE1            equ	3997	;# 
  2058   000F9E                     PIR1            equ	3998	;# 
  2059   000F9F                     IPR1            equ	3999	;# 
  2060   000FA0                     PIE2            equ	4000	;# 
  2061   000FA1                     PIR2            equ	4001	;# 
  2062   000FA2                     IPR2            equ	4002	;# 
  2063   000FA3                     PIE3            equ	4003	;# 
  2064   000FA4                     PIR3            equ	4004	;# 
  2065   000FA5                     IPR3            equ	4005	;# 
  2066   000FA6                     EECON1          equ	4006	;# 
  2067   000FA7                     EECON2          equ	4007	;# 
  2068   000FA8                     EEDATA          equ	4008	;# 
  2069   000FA9                     EEADR           equ	4009	;# 
  2070   000FAB                     RCSTA           equ	4011	;# 
  2071   000FAB                     RCSTA1          equ	4011	;# 
  2072   000FAC                     TXSTA           equ	4012	;# 
  2073   000FAC                     TXSTA1          equ	4012	;# 
  2074   000FAD                     TXREG           equ	4013	;# 
  2075   000FAD                     TXREG1          equ	4013	;# 
  2076   000FAE                     RCREG           equ	4014	;# 
  2077   000FAE                     RCREG1          equ	4014	;# 
  2078   000FAF                     SPBRG           equ	4015	;# 
  2079   000FAF                     SPBRG1          equ	4015	;# 
  2080   000FB0                     SPBRGH          equ	4016	;# 
  2081   000FB1                     T3CON           equ	4017	;# 
  2082   000FB2                     TMR3            equ	4018	;# 
  2083   000FB2                     TMR3L           equ	4018	;# 
  2084   000FB3                     TMR3H           equ	4019	;# 
  2085   000FB4                     CMCON           equ	4020	;# 
  2086   000FB5                     CVRCON          equ	4021	;# 
  2087   000FB6                     ECCP1AS         equ	4022	;# 
  2088   000FB7                     ECCP1DEL        equ	4023	;# 
  2089   000FB8                     BAUDCON         equ	4024	;# 
  2090   000FB8                     BAUDCTL         equ	4024	;# 
  2091   000FBA                     ECCP1CON        equ	4026	;# 
  2092   000FBB                     ECCPR1          equ	4027	;# 
  2093   000FBB                     ECCPR1L         equ	4027	;# 
  2094   000FBC                     ECCPR1H         equ	4028	;# 
  2095   000FBD                     CCP1CON         equ	4029	;# 
  2096   000FBE                     CCPR1           equ	4030	;# 
  2097   000FBE                     CCPR1L          equ	4030	;# 
  2098   000FBF                     CCPR1H          equ	4031	;# 
  2099   000FC0                     ADCON2          equ	4032	;# 
  2100   000FC1                     ADCON1          equ	4033	;# 
  2101   000FC2                     ADCON0          equ	4034	;# 
  2102   000FC3                     ADRES           equ	4035	;# 
  2103   000FC3                     ADRESL          equ	4035	;# 
  2104   000FC4                     ADRESH          equ	4036	;# 
  2105   000FC5                     SSPCON2         equ	4037	;# 
  2106   000FC6                     SSPCON1         equ	4038	;# 
  2107   000FC7                     SSPSTAT         equ	4039	;# 
  2108   000FC8                     SSPADD          equ	4040	;# 
  2109   000FC9                     SSPBUF          equ	4041	;# 
  2110   000FCA                     T2CON           equ	4042	;# 
  2111   000FCB                     PR2             equ	4043	;# 
  2112   000FCB                     MEMCON          equ	4043	;# 
  2113   000FCC                     TMR2            equ	4044	;# 
  2114   000FCD                     T1CON           equ	4045	;# 
  2115   000FCE                     TMR1            equ	4046	;# 
  2116   000FCE                     TMR1L           equ	4046	;# 
  2117   000FCF                     TMR1H           equ	4047	;# 
  2118   000FD0                     RCON            equ	4048	;# 
  2119   000FD1                     WDTCON          equ	4049	;# 
  2120   000FD2                     HLVDCON         equ	4050	;# 
  2121   000FD2                     LVDCON          equ	4050	;# 
  2122   000FD3                     OSCCON          equ	4051	;# 
  2123   000FD5                     T0CON           equ	4053	;# 
  2124   000FD6                     TMR0            equ	4054	;# 
  2125   000FD6                     TMR0L           equ	4054	;# 
  2126   000FD7                     TMR0H           equ	4055	;# 
  2127   000FD8                     STATUS          equ	4056	;# 
  2128   000FD9                     FSR2            equ	4057	;# 
  2129   000FD9                     FSR2L           equ	4057	;# 
  2130   000FDA                     FSR2H           equ	4058	;# 
  2131   000FDB                     PLUSW2          equ	4059	;# 
  2132   000FDC                     PREINC2         equ	4060	;# 
  2133   000FDD                     POSTDEC2        equ	4061	;# 
  2134   000FDE                     POSTINC2        equ	4062	;# 
  2135   000FDF                     INDF2           equ	4063	;# 
  2136   000FE0                     BSR             equ	4064	;# 
  2137   000FE1                     FSR1            equ	4065	;# 
  2138   000FE1                     FSR1L           equ	4065	;# 
  2139   000FE2                     FSR1H           equ	4066	;# 
  2140   000FE3                     PLUSW1          equ	4067	;# 
  2141   000FE4                     PREINC1         equ	4068	;# 
  2142   000FE5                     POSTDEC1        equ	4069	;# 
  2143   000FE6                     POSTINC1        equ	4070	;# 
  2144   000FE7                     INDF1           equ	4071	;# 
  2145   000FE8                     WREG            equ	4072	;# 
  2146   000FE9                     FSR0            equ	4073	;# 
  2147   000FE9                     FSR0L           equ	4073	;# 
  2148   000FEA                     FSR0H           equ	4074	;# 
  2149   000FEB                     PLUSW0          equ	4075	;# 
  2150   000FEC                     PREINC0         equ	4076	;# 
  2151   000FED                     POSTDEC0        equ	4077	;# 
  2152   000FEE                     POSTINC0        equ	4078	;# 
  2153   000FEF                     INDF0           equ	4079	;# 
  2154   000FF0                     INTCON3         equ	4080	;# 
  2155   000FF1                     INTCON2         equ	4081	;# 
  2156   000FF2                     INTCON          equ	4082	;# 
  2157   000FF3                     PROD            equ	4083	;# 
  2158   000FF3                     PRODL           equ	4083	;# 
  2159   000FF4                     PRODH           equ	4084	;# 
  2160   000FF5                     TABLAT          equ	4085	;# 
  2161   000FF6                     TBLPTR          equ	4086	;# 
  2162   000FF6                     TBLPTRL         equ	4086	;# 
  2163   000FF7                     TBLPTRH         equ	4087	;# 
  2164   000FF8                     TBLPTRU         equ	4088	;# 
  2165   000FF9                     PCLAT           equ	4089	;# 
  2166   000FF9                     PC              equ	4089	;# 
  2167   000FF9                     PCL             equ	4089	;# 
  2168   000FFA                     PCLATH          equ	4090	;# 
  2169   000FFB                     PCLATU          equ	4091	;# 
  2170   000FFC                     STKPTR          equ	4092	;# 
  2171   000FFD                     TOS             equ	4093	;# 
  2172   000FFD                     TOSL            equ	4093	;# 
  2173   000FFE                     TOSH            equ	4094	;# 
  2174   000FFF                     TOSU            equ	4095	;# 
  2175   000D60                     RXF6SIDH        equ	3424	;# 
  2176   000D61                     RXF6SIDL        equ	3425	;# 
  2177   000D62                     RXF6EIDH        equ	3426	;# 
  2178   000D63                     RXF6EIDL        equ	3427	;# 
  2179   000D64                     RXF7SIDH        equ	3428	;# 
  2180   000D65                     RXF7SIDL        equ	3429	;# 
  2181   000D66                     RXF7EIDH        equ	3430	;# 
  2182   000D67                     RXF7EIDL        equ	3431	;# 
  2183   000D68                     RXF8SIDH        equ	3432	;# 
  2184   000D69                     RXF8SIDL        equ	3433	;# 
  2185   000D6A                     RXF8EIDH        equ	3434	;# 
  2186   000D6B                     RXF8EIDL        equ	3435	;# 
  2187   000D70                     RXF9SIDH        equ	3440	;# 
  2188   000D71                     RXF9SIDL        equ	3441	;# 
  2189   000D72                     RXF9EIDH        equ	3442	;# 
  2190   000D73                     RXF9EIDL        equ	3443	;# 
  2191   000D74                     RXF10SIDH       equ	3444	;# 
  2192   000D75                     RXF10SIDL       equ	3445	;# 
  2193   000D76                     RXF10EIDH       equ	3446	;# 
  2194   000D77                     RXF10EIDL       equ	3447	;# 
  2195   000D78                     RXF11SIDH       equ	3448	;# 
  2196   000D79                     RXF11SIDL       equ	3449	;# 
  2197   000D7A                     RXF11EIDH       equ	3450	;# 
  2198   000D7B                     RXF11EIDL       equ	3451	;# 
  2199   000D80                     RXF12SIDH       equ	3456	;# 
  2200   000D81                     RXF12SIDL       equ	3457	;# 
  2201   000D82                     RXF12EIDH       equ	3458	;# 
  2202   000D83                     RXF12EIDL       equ	3459	;# 
  2203   000D84                     RXF13SIDH       equ	3460	;# 
  2204   000D85                     RXF13SIDL       equ	3461	;# 
  2205   000D86                     RXF13EIDH       equ	3462	;# 
  2206   000D87                     RXF13EIDL       equ	3463	;# 
  2207   000D88                     RXF14SIDH       equ	3464	;# 
  2208   000D89                     RXF14SIDL       equ	3465	;# 
  2209   000D8A                     RXF14EIDH       equ	3466	;# 
  2210   000D8B                     RXF14EIDL       equ	3467	;# 
  2211   000D90                     RXF15SIDH       equ	3472	;# 
  2212   000D91                     RXF15SIDL       equ	3473	;# 
  2213   000D92                     RXF15EIDH       equ	3474	;# 
  2214   000D93                     RXF15EIDL       equ	3475	;# 
  2215   000DD4                     RXFCON0         equ	3540	;# 
  2216   000DD5                     RXFCON1         equ	3541	;# 
  2217   000DD8                     SDFLC           equ	3544	;# 
  2218   000DE0                     RXFBCON0        equ	3552	;# 
  2219   000DE1                     RXFBCON1        equ	3553	;# 
  2220   000DE2                     RXFBCON2        equ	3554	;# 
  2221   000DE3                     RXFBCON3        equ	3555	;# 
  2222   000DE4                     RXFBCON4        equ	3556	;# 
  2223   000DE5                     RXFBCON5        equ	3557	;# 
  2224   000DE6                     RXFBCON6        equ	3558	;# 
  2225   000DE7                     RXFBCON7        equ	3559	;# 
  2226   000DF0                     MSEL0           equ	3568	;# 
  2227   000DF1                     MSEL1           equ	3569	;# 
  2228   000DF2                     MSEL2           equ	3570	;# 
  2229   000DF3                     MSEL3           equ	3571	;# 
  2230   000DF8                     BSEL0           equ	3576	;# 
  2231   000DFA                     BIE0            equ	3578	;# 
  2232   000DFC                     TXBIE           equ	3580	;# 
  2233   000E20                     B0CON           equ	3616	;# 
  2234   000E21                     B0SIDH          equ	3617	;# 
  2235   000E22                     B0SIDL          equ	3618	;# 
  2236   000E23                     B0EIDH          equ	3619	;# 
  2237   000E24                     B0EIDL          equ	3620	;# 
  2238   000E25                     B0DLC           equ	3621	;# 
  2239   000E26                     B0D0            equ	3622	;# 
  2240   000E27                     B0D1            equ	3623	;# 
  2241   000E28                     B0D2            equ	3624	;# 
  2242   000E29                     B0D3            equ	3625	;# 
  2243   000E2A                     B0D4            equ	3626	;# 
  2244   000E2B                     B0D5            equ	3627	;# 
  2245   000E2C                     B0D6            equ	3628	;# 
  2246   000E2D                     B0D7            equ	3629	;# 
  2247   000E2E                     CANSTAT_RO9     equ	3630	;# 
  2248   000E2F                     CANCON_RO9      equ	3631	;# 
  2249   000E30                     B1CON           equ	3632	;# 
  2250   000E31                     B1SIDH          equ	3633	;# 
  2251   000E32                     B1SIDL          equ	3634	;# 
  2252   000E33                     B1EIDH          equ	3635	;# 
  2253   000E34                     B1EIDL          equ	3636	;# 
  2254   000E35                     B1DLC           equ	3637	;# 
  2255   000E36                     B1D0            equ	3638	;# 
  2256   000E37                     B1D1            equ	3639	;# 
  2257   000E38                     B1D2            equ	3640	;# 
  2258   000E39                     B1D3            equ	3641	;# 
  2259   000E3A                     B1D4            equ	3642	;# 
  2260   000E3B                     B1D5            equ	3643	;# 
  2261   000E3C                     B1D6            equ	3644	;# 
  2262   000E3D                     B1D7            equ	3645	;# 
  2263   000E3E                     CANSTAT_RO8     equ	3646	;# 
  2264   000E3F                     CANCON_RO8      equ	3647	;# 
  2265   000E40                     B2CON           equ	3648	;# 
  2266   000E41                     B2SIDH          equ	3649	;# 
  2267   000E42                     B2SIDL          equ	3650	;# 
  2268   000E43                     B2EIDH          equ	3651	;# 
  2269   000E44                     B2EIDL          equ	3652	;# 
  2270   000E45                     B2DLC           equ	3653	;# 
  2271   000E46                     B2D0            equ	3654	;# 
  2272   000E47                     B2D1            equ	3655	;# 
  2273   000E48                     B2D2            equ	3656	;# 
  2274   000E49                     B2D3            equ	3657	;# 
  2275   000E4A                     B2D4            equ	3658	;# 
  2276   000E4B                     B2D5            equ	3659	;# 
  2277   000E4C                     B2D6            equ	3660	;# 
  2278   000E4D                     B2D7            equ	3661	;# 
  2279   000E4E                     CANSTAT_RO7     equ	3662	;# 
  2280   000E4F                     CANCON_RO7      equ	3663	;# 
  2281   000E50                     B3CON           equ	3664	;# 
  2282   000E51                     B3SIDH          equ	3665	;# 
  2283   000E52                     B3SIDL          equ	3666	;# 
  2284   000E53                     B3EIDH          equ	3667	;# 
  2285   000E54                     B3EIDL          equ	3668	;# 
  2286   000E55                     B3DLC           equ	3669	;# 
  2287   000E56                     B3D0            equ	3670	;# 
  2288   000E57                     B3D1            equ	3671	;# 
  2289   000E58                     B3D2            equ	3672	;# 
  2290   000E59                     B3D3            equ	3673	;# 
  2291   000E5A                     B3D4            equ	3674	;# 
  2292   000E5B                     B3D5            equ	3675	;# 
  2293   000E5C                     B3D6            equ	3676	;# 
  2294   000E5D                     B3D7            equ	3677	;# 
  2295   000E5E                     CANSTAT_RO6     equ	3678	;# 
  2296   000E5F                     CANCON_RO6      equ	3679	;# 
  2297   000E60                     B4CON           equ	3680	;# 
  2298   000E61                     B4SIDH          equ	3681	;# 
  2299   000E62                     B4SIDL          equ	3682	;# 
  2300   000E63                     B4EIDH          equ	3683	;# 
  2301   000E64                     B4EIDL          equ	3684	;# 
  2302   000E65                     B4DLC           equ	3685	;# 
  2303   000E66                     B4D0            equ	3686	;# 
  2304   000E67                     B4D1            equ	3687	;# 
  2305   000E68                     B4D2            equ	3688	;# 
  2306   000E69                     B4D3            equ	3689	;# 
  2307   000E6A                     B4D4            equ	3690	;# 
  2308   000E6B                     B4D5            equ	3691	;# 
  2309   000E6C                     B4D6            equ	3692	;# 
  2310   000E6D                     B4D7            equ	3693	;# 
  2311   000E6E                     CANSTAT_RO5     equ	3694	;# 
  2312   000E6F                     CANCON_RO5      equ	3695	;# 
  2313   000E70                     B5CON           equ	3696	;# 
  2314   000E71                     B5SIDH          equ	3697	;# 
  2315   000E72                     B5SIDL          equ	3698	;# 
  2316   000E73                     B5EIDH          equ	3699	;# 
  2317   000E74                     B5EIDL          equ	3700	;# 
  2318   000E75                     B5DLC           equ	3701	;# 
  2319   000E76                     B5D0            equ	3702	;# 
  2320   000E77                     B5D1            equ	3703	;# 
  2321   000E78                     B5D2            equ	3704	;# 
  2322   000E79                     B5D3            equ	3705	;# 
  2323   000E7A                     B5D4            equ	3706	;# 
  2324   000E7B                     B5D5            equ	3707	;# 
  2325   000E7C                     B5D6            equ	3708	;# 
  2326   000E7D                     B5D7            equ	3709	;# 
  2327   000E7E                     CANSTAT_RO4     equ	3710	;# 
  2328   000E7F                     CANCON_RO4      equ	3711	;# 
  2329   000F00                     RXF0SIDH        equ	3840	;# 
  2330   000F01                     RXF0SIDL        equ	3841	;# 
  2331   000F02                     RXF0EIDH        equ	3842	;# 
  2332   000F03                     RXF0EIDL        equ	3843	;# 
  2333   000F04                     RXF1SIDH        equ	3844	;# 
  2334   000F05                     RXF1SIDL        equ	3845	;# 
  2335   000F06                     RXF1EIDH        equ	3846	;# 
  2336   000F07                     RXF1EIDL        equ	3847	;# 
  2337   000F08                     RXF2SIDH        equ	3848	;# 
  2338   000F09                     RXF2SIDL        equ	3849	;# 
  2339   000F0A                     RXF2EIDH        equ	3850	;# 
  2340   000F0B                     RXF2EIDL        equ	3851	;# 
  2341   000F0C                     RXF3SIDH        equ	3852	;# 
  2342   000F0D                     RXF3SIDL        equ	3853	;# 
  2343   000F0E                     RXF3EIDH        equ	3854	;# 
  2344   000F0F                     RXF3EIDL        equ	3855	;# 
  2345   000F10                     RXF4SIDH        equ	3856	;# 
  2346   000F11                     RXF4SIDL        equ	3857	;# 
  2347   000F12                     RXF4EIDH        equ	3858	;# 
  2348   000F13                     RXF4EIDL        equ	3859	;# 
  2349   000F14                     RXF5SIDH        equ	3860	;# 
  2350   000F15                     RXF5SIDL        equ	3861	;# 
  2351   000F16                     RXF5EIDH        equ	3862	;# 
  2352   000F17                     RXF5EIDL        equ	3863	;# 
  2353   000F18                     RXM0SIDH        equ	3864	;# 
  2354   000F19                     RXM0SIDL        equ	3865	;# 
  2355   000F1A                     RXM0EIDH        equ	3866	;# 
  2356   000F1B                     RXM0EIDL        equ	3867	;# 
  2357   000F1C                     RXM1SIDH        equ	3868	;# 
  2358   000F1D                     RXM1SIDL        equ	3869	;# 
  2359   000F1E                     RXM1EIDH        equ	3870	;# 
  2360   000F1F                     RXM1EIDL        equ	3871	;# 
  2361   000F20                     TXB2CON         equ	3872	;# 
  2362   000F21                     TXB2SIDH        equ	3873	;# 
  2363   000F22                     TXB2SIDL        equ	3874	;# 
  2364   000F23                     TXB2EIDH        equ	3875	;# 
  2365   000F24                     TXB2EIDL        equ	3876	;# 
  2366   000F25                     TXB2DLC         equ	3877	;# 
  2367   000F26                     TXB2D0          equ	3878	;# 
  2368   000F27                     TXB2D1          equ	3879	;# 
  2369   000F28                     TXB2D2          equ	3880	;# 
  2370   000F29                     TXB2D3          equ	3881	;# 
  2371   000F2A                     TXB2D4          equ	3882	;# 
  2372   000F2B                     TXB2D5          equ	3883	;# 
  2373   000F2C                     TXB2D6          equ	3884	;# 
  2374   000F2D                     TXB2D7          equ	3885	;# 
  2375   000F2E                     CANSTAT_RO3     equ	3886	;# 
  2376   000F2F                     CANCON_RO3      equ	3887	;# 
  2377   000F30                     TXB1CON         equ	3888	;# 
  2378   000F31                     TXB1SIDH        equ	3889	;# 
  2379   000F32                     TXB1SIDL        equ	3890	;# 
  2380   000F33                     TXB1EIDH        equ	3891	;# 
  2381   000F34                     TXB1EIDL        equ	3892	;# 
  2382   000F35                     TXB1DLC         equ	3893	;# 
  2383   000F36                     TXB1D0          equ	3894	;# 
  2384   000F37                     TXB1D1          equ	3895	;# 
  2385   000F38                     TXB1D2          equ	3896	;# 
  2386   000F39                     TXB1D3          equ	3897	;# 
  2387   000F3A                     TXB1D4          equ	3898	;# 
  2388   000F3B                     TXB1D5          equ	3899	;# 
  2389   000F3C                     TXB1D6          equ	3900	;# 
  2390   000F3D                     TXB1D7          equ	3901	;# 
  2391   000F3E                     CANSTAT_RO2     equ	3902	;# 
  2392   000F3F                     CANCON_RO2      equ	3903	;# 
  2393   000F40                     TXB0CON         equ	3904	;# 
  2394   000F41                     TXB0SIDH        equ	3905	;# 
  2395   000F42                     TXB0SIDL        equ	3906	;# 
  2396   000F43                     TXB0EIDH        equ	3907	;# 
  2397   000F44                     TXB0EIDL        equ	3908	;# 
  2398   000F45                     TXB0DLC         equ	3909	;# 
  2399   000F46                     TXB0D0          equ	3910	;# 
  2400   000F47                     TXB0D1          equ	3911	;# 
  2401   000F48                     TXB0D2          equ	3912	;# 
  2402   000F49                     TXB0D3          equ	3913	;# 
  2403   000F4A                     TXB0D4          equ	3914	;# 
  2404   000F4B                     TXB0D5          equ	3915	;# 
  2405   000F4C                     TXB0D6          equ	3916	;# 
  2406   000F4D                     TXB0D7          equ	3917	;# 
  2407   000F4E                     CANSTAT_RO1     equ	3918	;# 
  2408   000F4F                     CANCON_RO1      equ	3919	;# 
  2409   000F50                     RXB1CON         equ	3920	;# 
  2410   000F51                     RXB1SIDH        equ	3921	;# 
  2411   000F52                     RXB1SIDL        equ	3922	;# 
  2412   000F53                     RXB1EIDH        equ	3923	;# 
  2413   000F54                     RXB1EIDL        equ	3924	;# 
  2414   000F55                     RXB1DLC         equ	3925	;# 
  2415   000F56                     RXB1D0          equ	3926	;# 
  2416   000F57                     RXB1D1          equ	3927	;# 
  2417   000F58                     RXB1D2          equ	3928	;# 
  2418   000F59                     RXB1D3          equ	3929	;# 
  2419   000F5A                     RXB1D4          equ	3930	;# 
  2420   000F5B                     RXB1D5          equ	3931	;# 
  2421   000F5C                     RXB1D6          equ	3932	;# 
  2422   000F5D                     RXB1D7          equ	3933	;# 
  2423   000F5E                     CANSTAT_RO0     equ	3934	;# 
  2424   000F5F                     CANCON_RO0      equ	3935	;# 
  2425   000F60                     RXB0CON         equ	3936	;# 
  2426   000F61                     RXB0SIDH        equ	3937	;# 
  2427   000F62                     RXB0SIDL        equ	3938	;# 
  2428   000F63                     RXB0EIDH        equ	3939	;# 
  2429   000F64                     RXB0EIDL        equ	3940	;# 
  2430   000F65                     RXB0DLC         equ	3941	;# 
  2431   000F66                     RXB0D0          equ	3942	;# 
  2432   000F67                     RXB0D1          equ	3943	;# 
  2433   000F68                     RXB0D2          equ	3944	;# 
  2434   000F69                     RXB0D3          equ	3945	;# 
  2435   000F6A                     RXB0D4          equ	3946	;# 
  2436   000F6B                     RXB0D5          equ	3947	;# 
  2437   000F6C                     RXB0D6          equ	3948	;# 
  2438   000F6D                     RXB0D7          equ	3949	;# 
  2439   000F6E                     CANSTAT         equ	3950	;# 
  2440   000F6F                     CANCON          equ	3951	;# 
  2441   000F70                     BRGCON1         equ	3952	;# 
  2442   000F71                     BRGCON2         equ	3953	;# 
  2443   000F72                     BRGCON3         equ	3954	;# 
  2444   000F73                     CIOCON          equ	3955	;# 
  2445   000F74                     COMSTAT         equ	3956	;# 
  2446   000F75                     RXERRCNT        equ	3957	;# 
  2447   000F76                     TXERRCNT        equ	3958	;# 
  2448   000F77                     ECANCON         equ	3959	;# 
  2449   000F80                     PORTA           equ	3968	;# 
  2450   000F81                     PORTB           equ	3969	;# 
  2451   000F82                     PORTC           equ	3970	;# 
  2452   000F83                     PORTD           equ	3971	;# 
  2453   000F84                     PORTE           equ	3972	;# 
  2454   000F89                     LATA            equ	3977	;# 
  2455   000F8A                     LATB            equ	3978	;# 
  2456   000F8B                     LATC            equ	3979	;# 
  2457   000F8C                     LATD            equ	3980	;# 
  2458   000F8D                     LATE            equ	3981	;# 
  2459   000F92                     TRISA           equ	3986	;# 
  2460   000F92                     DDRA            equ	3986	;# 
  2461   000F93                     TRISB           equ	3987	;# 
  2462   000F93                     DDRB            equ	3987	;# 
  2463   000F94                     TRISC           equ	3988	;# 
  2464   000F94                     DDRC            equ	3988	;# 
  2465   000F95                     TRISD           equ	3989	;# 
  2466   000F95                     DDRD            equ	3989	;# 
  2467   000F96                     TRISE           equ	3990	;# 
  2468   000F96                     DDRE            equ	3990	;# 
  2469   000F9B                     OSCTUNE         equ	3995	;# 
  2470   000F9D                     PIE1            equ	3997	;# 
  2471   000F9E                     PIR1            equ	3998	;# 
  2472   000F9F                     IPR1            equ	3999	;# 
  2473   000FA0                     PIE2            equ	4000	;# 
  2474   000FA1                     PIR2            equ	4001	;# 
  2475   000FA2                     IPR2            equ	4002	;# 
  2476   000FA3                     PIE3            equ	4003	;# 
  2477   000FA4                     PIR3            equ	4004	;# 
  2478   000FA5                     IPR3            equ	4005	;# 
  2479   000FA6                     EECON1          equ	4006	;# 
  2480   000FA7                     EECON2          equ	4007	;# 
  2481   000FA8                     EEDATA          equ	4008	;# 
  2482   000FA9                     EEADR           equ	4009	;# 
  2483   000FAB                     RCSTA           equ	4011	;# 
  2484   000FAB                     RCSTA1          equ	4011	;# 
  2485   000FAC                     TXSTA           equ	4012	;# 
  2486   000FAC                     TXSTA1          equ	4012	;# 
  2487   000FAD                     TXREG           equ	4013	;# 
  2488   000FAD                     TXREG1          equ	4013	;# 
  2489   000FAE                     RCREG           equ	4014	;# 
  2490   000FAE                     RCREG1          equ	4014	;# 
  2491   000FAF                     SPBRG           equ	4015	;# 
  2492   000FAF                     SPBRG1          equ	4015	;# 
  2493   000FB0                     SPBRGH          equ	4016	;# 
  2494   000FB1                     T3CON           equ	4017	;# 
  2495   000FB2                     TMR3            equ	4018	;# 
  2496   000FB2                     TMR3L           equ	4018	;# 
  2497   000FB3                     TMR3H           equ	4019	;# 
  2498   000FB4                     CMCON           equ	4020	;# 
  2499   000FB5                     CVRCON          equ	4021	;# 
  2500   000FB6                     ECCP1AS         equ	4022	;# 
  2501   000FB7                     ECCP1DEL        equ	4023	;# 
  2502   000FB8                     BAUDCON         equ	4024	;# 
  2503   000FB8                     BAUDCTL         equ	4024	;# 
  2504   000FBA                     ECCP1CON        equ	4026	;# 
  2505   000FBB                     ECCPR1          equ	4027	;# 
  2506   000FBB                     ECCPR1L         equ	4027	;# 
  2507   000FBC                     ECCPR1H         equ	4028	;# 
  2508   000FBD                     CCP1CON         equ	4029	;# 
  2509   000FBE                     CCPR1           equ	4030	;# 
  2510   000FBE                     CCPR1L          equ	4030	;# 
  2511   000FBF                     CCPR1H          equ	4031	;# 
  2512   000FC0                     ADCON2          equ	4032	;# 
  2513   000FC1                     ADCON1          equ	4033	;# 
  2514   000FC2                     ADCON0          equ	4034	;# 
  2515   000FC3                     ADRES           equ	4035	;# 
  2516   000FC3                     ADRESL          equ	4035	;# 
  2517   000FC4                     ADRESH          equ	4036	;# 
  2518   000FC5                     SSPCON2         equ	4037	;# 
  2519   000FC6                     SSPCON1         equ	4038	;# 
  2520   000FC7                     SSPSTAT         equ	4039	;# 
  2521   000FC8                     SSPADD          equ	4040	;# 
  2522   000FC9                     SSPBUF          equ	4041	;# 
  2523   000FCA                     T2CON           equ	4042	;# 
  2524   000FCB                     PR2             equ	4043	;# 
  2525   000FCB                     MEMCON          equ	4043	;# 
  2526   000FCC                     TMR2            equ	4044	;# 
  2527   000FCD                     T1CON           equ	4045	;# 
  2528   000FCE                     TMR1            equ	4046	;# 
  2529   000FCE                     TMR1L           equ	4046	;# 
  2530   000FCF                     TMR1H           equ	4047	;# 
  2531   000FD0                     RCON            equ	4048	;# 
  2532   000FD1                     WDTCON          equ	4049	;# 
  2533   000FD2                     HLVDCON         equ	4050	;# 
  2534   000FD2                     LVDCON          equ	4050	;# 
  2535   000FD3                     OSCCON          equ	4051	;# 
  2536   000FD5                     T0CON           equ	4053	;# 
  2537   000FD6                     TMR0            equ	4054	;# 
  2538   000FD6                     TMR0L           equ	4054	;# 
  2539   000FD7                     TMR0H           equ	4055	;# 
  2540   000FD8                     STATUS          equ	4056	;# 
  2541   000FD9                     FSR2            equ	4057	;# 
  2542   000FD9                     FSR2L           equ	4057	;# 
  2543   000FDA                     FSR2H           equ	4058	;# 
  2544   000FDB                     PLUSW2          equ	4059	;# 
  2545   000FDC                     PREINC2         equ	4060	;# 
  2546   000FDD                     POSTDEC2        equ	4061	;# 
  2547   000FDE                     POSTINC2        equ	4062	;# 
  2548   000FDF                     INDF2           equ	4063	;# 
  2549   000FE0                     BSR             equ	4064	;# 
  2550   000FE1                     FSR1            equ	4065	;# 
  2551   000FE1                     FSR1L           equ	4065	;# 
  2552   000FE2                     FSR1H           equ	4066	;# 
  2553   000FE3                     PLUSW1          equ	4067	;# 
  2554   000FE4                     PREINC1         equ	4068	;# 
  2555   000FE5                     POSTDEC1        equ	4069	;# 
  2556   000FE6                     POSTINC1        equ	4070	;# 
  2557   000FE7                     INDF1           equ	4071	;# 
  2558   000FE8                     WREG            equ	4072	;# 
  2559   000FE9                     FSR0            equ	4073	;# 
  2560   000FE9                     FSR0L           equ	4073	;# 
  2561   000FEA                     FSR0H           equ	4074	;# 
  2562   000FEB                     PLUSW0          equ	4075	;# 
  2563   000FEC                     PREINC0         equ	4076	;# 
  2564   000FED                     POSTDEC0        equ	4077	;# 
  2565   000FEE                     POSTINC0        equ	4078	;# 
  2566   000FEF                     INDF0           equ	4079	;# 
  2567   000FF0                     INTCON3         equ	4080	;# 
  2568   000FF1                     INTCON2         equ	4081	;# 
  2569   000FF2                     INTCON          equ	4082	;# 
  2570   000FF3                     PROD            equ	4083	;# 
  2571   000FF3                     PRODL           equ	4083	;# 
  2572   000FF4                     PRODH           equ	4084	;# 
  2573   000FF5                     TABLAT          equ	4085	;# 
  2574   000FF6                     TBLPTR          equ	4086	;# 
  2575   000FF6                     TBLPTRL         equ	4086	;# 
  2576   000FF7                     TBLPTRH         equ	4087	;# 
  2577   000FF8                     TBLPTRU         equ	4088	;# 
  2578   000FF9                     PCLAT           equ	4089	;# 
  2579   000FF9                     PC              equ	4089	;# 
  2580   000FF9                     PCL             equ	4089	;# 
  2581   000FFA                     PCLATH          equ	4090	;# 
  2582   000FFB                     PCLATU          equ	4091	;# 
  2583   000FFC                     STKPTR          equ	4092	;# 
  2584   000FFD                     TOS             equ	4093	;# 
  2585   000FFD                     TOSL            equ	4093	;# 
  2586   000FFE                     TOSH            equ	4094	;# 
  2587   000FFF                     TOSU            equ	4095	;# 
  2588   000D60                     RXF6SIDH        equ	3424	;# 
  2589   000D61                     RXF6SIDL        equ	3425	;# 
  2590   000D62                     RXF6EIDH        equ	3426	;# 
  2591   000D63                     RXF6EIDL        equ	3427	;# 
  2592   000D64                     RXF7SIDH        equ	3428	;# 
  2593   000D65                     RXF7SIDL        equ	3429	;# 
  2594   000D66                     RXF7EIDH        equ	3430	;# 
  2595   000D67                     RXF7EIDL        equ	3431	;# 
  2596   000D68                     RXF8SIDH        equ	3432	;# 
  2597   000D69                     RXF8SIDL        equ	3433	;# 
  2598   000D6A                     RXF8EIDH        equ	3434	;# 
  2599   000D6B                     RXF8EIDL        equ	3435	;# 
  2600   000D70                     RXF9SIDH        equ	3440	;# 
  2601   000D71                     RXF9SIDL        equ	3441	;# 
  2602   000D72                     RXF9EIDH        equ	3442	;# 
  2603   000D73                     RXF9EIDL        equ	3443	;# 
  2604   000D74                     RXF10SIDH       equ	3444	;# 
  2605   000D75                     RXF10SIDL       equ	3445	;# 
  2606   000D76                     RXF10EIDH       equ	3446	;# 
  2607   000D77                     RXF10EIDL       equ	3447	;# 
  2608   000D78                     RXF11SIDH       equ	3448	;# 
  2609   000D79                     RXF11SIDL       equ	3449	;# 
  2610   000D7A                     RXF11EIDH       equ	3450	;# 
  2611   000D7B                     RXF11EIDL       equ	3451	;# 
  2612   000D80                     RXF12SIDH       equ	3456	;# 
  2613   000D81                     RXF12SIDL       equ	3457	;# 
  2614   000D82                     RXF12EIDH       equ	3458	;# 
  2615   000D83                     RXF12EIDL       equ	3459	;# 
  2616   000D84                     RXF13SIDH       equ	3460	;# 
  2617   000D85                     RXF13SIDL       equ	3461	;# 
  2618   000D86                     RXF13EIDH       equ	3462	;# 
  2619   000D87                     RXF13EIDL       equ	3463	;# 
  2620   000D88                     RXF14SIDH       equ	3464	;# 
  2621   000D89                     RXF14SIDL       equ	3465	;# 
  2622   000D8A                     RXF14EIDH       equ	3466	;# 
  2623   000D8B                     RXF14EIDL       equ	3467	;# 
  2624   000D90                     RXF15SIDH       equ	3472	;# 
  2625   000D91                     RXF15SIDL       equ	3473	;# 
  2626   000D92                     RXF15EIDH       equ	3474	;# 
  2627   000D93                     RXF15EIDL       equ	3475	;# 
  2628   000DD4                     RXFCON0         equ	3540	;# 
  2629   000DD5                     RXFCON1         equ	3541	;# 
  2630   000DD8                     SDFLC           equ	3544	;# 
  2631   000DE0                     RXFBCON0        equ	3552	;# 
  2632   000DE1                     RXFBCON1        equ	3553	;# 
  2633   000DE2                     RXFBCON2        equ	3554	;# 
  2634   000DE3                     RXFBCON3        equ	3555	;# 
  2635   000DE4                     RXFBCON4        equ	3556	;# 
  2636   000DE5                     RXFBCON5        equ	3557	;# 
  2637   000DE6                     RXFBCON6        equ	3558	;# 
  2638   000DE7                     RXFBCON7        equ	3559	;# 
  2639   000DF0                     MSEL0           equ	3568	;# 
  2640   000DF1                     MSEL1           equ	3569	;# 
  2641   000DF2                     MSEL2           equ	3570	;# 
  2642   000DF3                     MSEL3           equ	3571	;# 
  2643   000DF8                     BSEL0           equ	3576	;# 
  2644   000DFA                     BIE0            equ	3578	;# 
  2645   000DFC                     TXBIE           equ	3580	;# 
  2646   000E20                     B0CON           equ	3616	;# 
  2647   000E21                     B0SIDH          equ	3617	;# 
  2648   000E22                     B0SIDL          equ	3618	;# 
  2649   000E23                     B0EIDH          equ	3619	;# 
  2650   000E24                     B0EIDL          equ	3620	;# 
  2651   000E25                     B0DLC           equ	3621	;# 
  2652   000E26                     B0D0            equ	3622	;# 
  2653   000E27                     B0D1            equ	3623	;# 
  2654   000E28                     B0D2            equ	3624	;# 
  2655   000E29                     B0D3            equ	3625	;# 
  2656   000E2A                     B0D4            equ	3626	;# 
  2657   000E2B                     B0D5            equ	3627	;# 
  2658   000E2C                     B0D6            equ	3628	;# 
  2659   000E2D                     B0D7            equ	3629	;# 
  2660   000E2E                     CANSTAT_RO9     equ	3630	;# 
  2661   000E2F                     CANCON_RO9      equ	3631	;# 
  2662   000E30                     B1CON           equ	3632	;# 
  2663   000E31                     B1SIDH          equ	3633	;# 
  2664   000E32                     B1SIDL          equ	3634	;# 
  2665   000E33                     B1EIDH          equ	3635	;# 
  2666   000E34                     B1EIDL          equ	3636	;# 
  2667   000E35                     B1DLC           equ	3637	;# 
  2668   000E36                     B1D0            equ	3638	;# 
  2669   000E37                     B1D1            equ	3639	;# 
  2670   000E38                     B1D2            equ	3640	;# 
  2671   000E39                     B1D3            equ	3641	;# 
  2672   000E3A                     B1D4            equ	3642	;# 
  2673   000E3B                     B1D5            equ	3643	;# 
  2674   000E3C                     B1D6            equ	3644	;# 
  2675   000E3D                     B1D7            equ	3645	;# 
  2676   000E3E                     CANSTAT_RO8     equ	3646	;# 
  2677   000E3F                     CANCON_RO8      equ	3647	;# 
  2678   000E40                     B2CON           equ	3648	;# 
  2679   000E41                     B2SIDH          equ	3649	;# 
  2680   000E42                     B2SIDL          equ	3650	;# 
  2681   000E43                     B2EIDH          equ	3651	;# 
  2682   000E44                     B2EIDL          equ	3652	;# 
  2683   000E45                     B2DLC           equ	3653	;# 
  2684   000E46                     B2D0            equ	3654	;# 
  2685   000E47                     B2D1            equ	3655	;# 
  2686   000E48                     B2D2            equ	3656	;# 
  2687   000E49                     B2D3            equ	3657	;# 
  2688   000E4A                     B2D4            equ	3658	;# 
  2689   000E4B                     B2D5            equ	3659	;# 
  2690   000E4C                     B2D6            equ	3660	;# 
  2691   000E4D                     B2D7            equ	3661	;# 
  2692   000E4E                     CANSTAT_RO7     equ	3662	;# 
  2693   000E4F                     CANCON_RO7      equ	3663	;# 
  2694   000E50                     B3CON           equ	3664	;# 
  2695   000E51                     B3SIDH          equ	3665	;# 
  2696   000E52                     B3SIDL          equ	3666	;# 
  2697   000E53                     B3EIDH          equ	3667	;# 
  2698   000E54                     B3EIDL          equ	3668	;# 
  2699   000E55                     B3DLC           equ	3669	;# 
  2700   000E56                     B3D0            equ	3670	;# 
  2701   000E57                     B3D1            equ	3671	;# 
  2702   000E58                     B3D2            equ	3672	;# 
  2703   000E59                     B3D3            equ	3673	;# 
  2704   000E5A                     B3D4            equ	3674	;# 
  2705   000E5B                     B3D5            equ	3675	;# 
  2706   000E5C                     B3D6            equ	3676	;# 
  2707   000E5D                     B3D7            equ	3677	;# 
  2708   000E5E                     CANSTAT_RO6     equ	3678	;# 
  2709   000E5F                     CANCON_RO6      equ	3679	;# 
  2710   000E60                     B4CON           equ	3680	;# 
  2711   000E61                     B4SIDH          equ	3681	;# 
  2712   000E62                     B4SIDL          equ	3682	;# 
  2713   000E63                     B4EIDH          equ	3683	;# 
  2714   000E64                     B4EIDL          equ	3684	;# 
  2715   000E65                     B4DLC           equ	3685	;# 
  2716   000E66                     B4D0            equ	3686	;# 
  2717   000E67                     B4D1            equ	3687	;# 
  2718   000E68                     B4D2            equ	3688	;# 
  2719   000E69                     B4D3            equ	3689	;# 
  2720   000E6A                     B4D4            equ	3690	;# 
  2721   000E6B                     B4D5            equ	3691	;# 
  2722   000E6C                     B4D6            equ	3692	;# 
  2723   000E6D                     B4D7            equ	3693	;# 
  2724   000E6E                     CANSTAT_RO5     equ	3694	;# 
  2725   000E6F                     CANCON_RO5      equ	3695	;# 
  2726   000E70                     B5CON           equ	3696	;# 
  2727   000E71                     B5SIDH          equ	3697	;# 
  2728   000E72                     B5SIDL          equ	3698	;# 
  2729   000E73                     B5EIDH          equ	3699	;# 
  2730   000E74                     B5EIDL          equ	3700	;# 
  2731   000E75                     B5DLC           equ	3701	;# 
  2732   000E76                     B5D0            equ	3702	;# 
  2733   000E77                     B5D1            equ	3703	;# 
  2734   000E78                     B5D2            equ	3704	;# 
  2735   000E79                     B5D3            equ	3705	;# 
  2736   000E7A                     B5D4            equ	3706	;# 
  2737   000E7B                     B5D5            equ	3707	;# 
  2738   000E7C                     B5D6            equ	3708	;# 
  2739   000E7D                     B5D7            equ	3709	;# 
  2740   000E7E                     CANSTAT_RO4     equ	3710	;# 
  2741   000E7F                     CANCON_RO4      equ	3711	;# 
  2742   000F00                     RXF0SIDH        equ	3840	;# 
  2743   000F01                     RXF0SIDL        equ	3841	;# 
  2744   000F02                     RXF0EIDH        equ	3842	;# 
  2745   000F03                     RXF0EIDL        equ	3843	;# 
  2746   000F04                     RXF1SIDH        equ	3844	;# 
  2747   000F05                     RXF1SIDL        equ	3845	;# 
  2748   000F06                     RXF1EIDH        equ	3846	;# 
  2749   000F07                     RXF1EIDL        equ	3847	;# 
  2750   000F08                     RXF2SIDH        equ	3848	;# 
  2751   000F09                     RXF2SIDL        equ	3849	;# 
  2752   000F0A                     RXF2EIDH        equ	3850	;# 
  2753   000F0B                     RXF2EIDL        equ	3851	;# 
  2754   000F0C                     RXF3SIDH        equ	3852	;# 
  2755   000F0D                     RXF3SIDL        equ	3853	;# 
  2756   000F0E                     RXF3EIDH        equ	3854	;# 
  2757   000F0F                     RXF3EIDL        equ	3855	;# 
  2758   000F10                     RXF4SIDH        equ	3856	;# 
  2759   000F11                     RXF4SIDL        equ	3857	;# 
  2760   000F12                     RXF4EIDH        equ	3858	;# 
  2761   000F13                     RXF4EIDL        equ	3859	;# 
  2762   000F14                     RXF5SIDH        equ	3860	;# 
  2763   000F15                     RXF5SIDL        equ	3861	;# 
  2764   000F16                     RXF5EIDH        equ	3862	;# 
  2765   000F17                     RXF5EIDL        equ	3863	;# 
  2766   000F18                     RXM0SIDH        equ	3864	;# 
  2767   000F19                     RXM0SIDL        equ	3865	;# 
  2768   000F1A                     RXM0EIDH        equ	3866	;# 
  2769   000F1B                     RXM0EIDL        equ	3867	;# 
  2770   000F1C                     RXM1SIDH        equ	3868	;# 
  2771   000F1D                     RXM1SIDL        equ	3869	;# 
  2772   000F1E                     RXM1EIDH        equ	3870	;# 
  2773   000F1F                     RXM1EIDL        equ	3871	;# 
  2774   000F20                     TXB2CON         equ	3872	;# 
  2775   000F21                     TXB2SIDH        equ	3873	;# 
  2776   000F22                     TXB2SIDL        equ	3874	;# 
  2777   000F23                     TXB2EIDH        equ	3875	;# 
  2778   000F24                     TXB2EIDL        equ	3876	;# 
  2779   000F25                     TXB2DLC         equ	3877	;# 
  2780   000F26                     TXB2D0          equ	3878	;# 
  2781   000F27                     TXB2D1          equ	3879	;# 
  2782   000F28                     TXB2D2          equ	3880	;# 
  2783   000F29                     TXB2D3          equ	3881	;# 
  2784   000F2A                     TXB2D4          equ	3882	;# 
  2785   000F2B                     TXB2D5          equ	3883	;# 
  2786   000F2C                     TXB2D6          equ	3884	;# 
  2787   000F2D                     TXB2D7          equ	3885	;# 
  2788   000F2E                     CANSTAT_RO3     equ	3886	;# 
  2789   000F2F                     CANCON_RO3      equ	3887	;# 
  2790   000F30                     TXB1CON         equ	3888	;# 
  2791   000F31                     TXB1SIDH        equ	3889	;# 
  2792   000F32                     TXB1SIDL        equ	3890	;# 
  2793   000F33                     TXB1EIDH        equ	3891	;# 
  2794   000F34                     TXB1EIDL        equ	3892	;# 
  2795   000F35                     TXB1DLC         equ	3893	;# 
  2796   000F36                     TXB1D0          equ	3894	;# 
  2797   000F37                     TXB1D1          equ	3895	;# 
  2798   000F38                     TXB1D2          equ	3896	;# 
  2799   000F39                     TXB1D3          equ	3897	;# 
  2800   000F3A                     TXB1D4          equ	3898	;# 
  2801   000F3B                     TXB1D5          equ	3899	;# 
  2802   000F3C                     TXB1D6          equ	3900	;# 
  2803   000F3D                     TXB1D7          equ	3901	;# 
  2804   000F3E                     CANSTAT_RO2     equ	3902	;# 
  2805   000F3F                     CANCON_RO2      equ	3903	;# 
  2806   000F40                     TXB0CON         equ	3904	;# 
  2807   000F41                     TXB0SIDH        equ	3905	;# 
  2808   000F42                     TXB0SIDL        equ	3906	;# 
  2809   000F43                     TXB0EIDH        equ	3907	;# 
  2810   000F44                     TXB0EIDL        equ	3908	;# 
  2811   000F45                     TXB0DLC         equ	3909	;# 
  2812   000F46                     TXB0D0          equ	3910	;# 
  2813   000F47                     TXB0D1          equ	3911	;# 
  2814   000F48                     TXB0D2          equ	3912	;# 
  2815   000F49                     TXB0D3          equ	3913	;# 
  2816   000F4A                     TXB0D4          equ	3914	;# 
  2817   000F4B                     TXB0D5          equ	3915	;# 
  2818   000F4C                     TXB0D6          equ	3916	;# 
  2819   000F4D                     TXB0D7          equ	3917	;# 
  2820   000F4E                     CANSTAT_RO1     equ	3918	;# 
  2821   000F4F                     CANCON_RO1      equ	3919	;# 
  2822   000F50                     RXB1CON         equ	3920	;# 
  2823   000F51                     RXB1SIDH        equ	3921	;# 
  2824   000F52                     RXB1SIDL        equ	3922	;# 
  2825   000F53                     RXB1EIDH        equ	3923	;# 
  2826   000F54                     RXB1EIDL        equ	3924	;# 
  2827   000F55                     RXB1DLC         equ	3925	;# 
  2828   000F56                     RXB1D0          equ	3926	;# 
  2829   000F57                     RXB1D1          equ	3927	;# 
  2830   000F58                     RXB1D2          equ	3928	;# 
  2831   000F59                     RXB1D3          equ	3929	;# 
  2832   000F5A                     RXB1D4          equ	3930	;# 
  2833   000F5B                     RXB1D5          equ	3931	;# 
  2834   000F5C                     RXB1D6          equ	3932	;# 
  2835   000F5D                     RXB1D7          equ	3933	;# 
  2836   000F5E                     CANSTAT_RO0     equ	3934	;# 
  2837   000F5F                     CANCON_RO0      equ	3935	;# 
  2838   000F60                     RXB0CON         equ	3936	;# 
  2839   000F61                     RXB0SIDH        equ	3937	;# 
  2840   000F62                     RXB0SIDL        equ	3938	;# 
  2841   000F63                     RXB0EIDH        equ	3939	;# 
  2842   000F64                     RXB0EIDL        equ	3940	;# 
  2843   000F65                     RXB0DLC         equ	3941	;# 
  2844   000F66                     RXB0D0          equ	3942	;# 
  2845   000F67                     RXB0D1          equ	3943	;# 
  2846   000F68                     RXB0D2          equ	3944	;# 
  2847   000F69                     RXB0D3          equ	3945	;# 
  2848   000F6A                     RXB0D4          equ	3946	;# 
  2849   000F6B                     RXB0D5          equ	3947	;# 
  2850   000F6C                     RXB0D6          equ	3948	;# 
  2851   000F6D                     RXB0D7          equ	3949	;# 
  2852   000F6E                     CANSTAT         equ	3950	;# 
  2853   000F6F                     CANCON          equ	3951	;# 
  2854   000F70                     BRGCON1         equ	3952	;# 
  2855   000F71                     BRGCON2         equ	3953	;# 
  2856   000F72                     BRGCON3         equ	3954	;# 
  2857   000F73                     CIOCON          equ	3955	;# 
  2858   000F74                     COMSTAT         equ	3956	;# 
  2859   000F75                     RXERRCNT        equ	3957	;# 
  2860   000F76                     TXERRCNT        equ	3958	;# 
  2861   000F77                     ECANCON         equ	3959	;# 
  2862   000F80                     PORTA           equ	3968	;# 
  2863   000F81                     PORTB           equ	3969	;# 
  2864   000F82                     PORTC           equ	3970	;# 
  2865   000F83                     PORTD           equ	3971	;# 
  2866   000F84                     PORTE           equ	3972	;# 
  2867   000F89                     LATA            equ	3977	;# 
  2868   000F8A                     LATB            equ	3978	;# 
  2869   000F8B                     LATC            equ	3979	;# 
  2870   000F8C                     LATD            equ	3980	;# 
  2871   000F8D                     LATE            equ	3981	;# 
  2872   000F92                     TRISA           equ	3986	;# 
  2873   000F92                     DDRA            equ	3986	;# 
  2874   000F93                     TRISB           equ	3987	;# 
  2875   000F93                     DDRB            equ	3987	;# 
  2876   000F94                     TRISC           equ	3988	;# 
  2877   000F94                     DDRC            equ	3988	;# 
  2878   000F95                     TRISD           equ	3989	;# 
  2879   000F95                     DDRD            equ	3989	;# 
  2880   000F96                     TRISE           equ	3990	;# 
  2881   000F96                     DDRE            equ	3990	;# 
  2882   000F9B                     OSCTUNE         equ	3995	;# 
  2883   000F9D                     PIE1            equ	3997	;# 
  2884   000F9E                     PIR1            equ	3998	;# 
  2885   000F9F                     IPR1            equ	3999	;# 
  2886   000FA0                     PIE2            equ	4000	;# 
  2887   000FA1                     PIR2            equ	4001	;# 
  2888   000FA2                     IPR2            equ	4002	;# 
  2889   000FA3                     PIE3            equ	4003	;# 
  2890   000FA4                     PIR3            equ	4004	;# 
  2891   000FA5                     IPR3            equ	4005	;# 
  2892   000FA6                     EECON1          equ	4006	;# 
  2893   000FA7                     EECON2          equ	4007	;# 
  2894   000FA8                     EEDATA          equ	4008	;# 
  2895   000FA9                     EEADR           equ	4009	;# 
  2896   000FAB                     RCSTA           equ	4011	;# 
  2897   000FAB                     RCSTA1          equ	4011	;# 
  2898   000FAC                     TXSTA           equ	4012	;# 
  2899   000FAC                     TXSTA1          equ	4012	;# 
  2900   000FAD                     TXREG           equ	4013	;# 
  2901   000FAD                     TXREG1          equ	4013	;# 
  2902   000FAE                     RCREG           equ	4014	;# 
  2903   000FAE                     RCREG1          equ	4014	;# 
  2904   000FAF                     SPBRG           equ	4015	;# 
  2905   000FAF                     SPBRG1          equ	4015	;# 
  2906   000FB0                     SPBRGH          equ	4016	;# 
  2907   000FB1                     T3CON           equ	4017	;# 
  2908   000FB2                     TMR3            equ	4018	;# 
  2909   000FB2                     TMR3L           equ	4018	;# 
  2910   000FB3                     TMR3H           equ	4019	;# 
  2911   000FB4                     CMCON           equ	4020	;# 
  2912   000FB5                     CVRCON          equ	4021	;# 
  2913   000FB6                     ECCP1AS         equ	4022	;# 
  2914   000FB7                     ECCP1DEL        equ	4023	;# 
  2915   000FB8                     BAUDCON         equ	4024	;# 
  2916   000FB8                     BAUDCTL         equ	4024	;# 
  2917   000FBA                     ECCP1CON        equ	4026	;# 
  2918   000FBB                     ECCPR1          equ	4027	;# 
  2919   000FBB                     ECCPR1L         equ	4027	;# 
  2920   000FBC                     ECCPR1H         equ	4028	;# 
  2921   000FBD                     CCP1CON         equ	4029	;# 
  2922   000FBE                     CCPR1           equ	4030	;# 
  2923   000FBE                     CCPR1L          equ	4030	;# 
  2924   000FBF                     CCPR1H          equ	4031	;# 
  2925   000FC0                     ADCON2          equ	4032	;# 
  2926   000FC1                     ADCON1          equ	4033	;# 
  2927   000FC2                     ADCON0          equ	4034	;# 
  2928   000FC3                     ADRES           equ	4035	;# 
  2929   000FC3                     ADRESL          equ	4035	;# 
  2930   000FC4                     ADRESH          equ	4036	;# 
  2931   000FC5                     SSPCON2         equ	4037	;# 
  2932   000FC6                     SSPCON1         equ	4038	;# 
  2933   000FC7                     SSPSTAT         equ	4039	;# 
  2934   000FC8                     SSPADD          equ	4040	;# 
  2935   000FC9                     SSPBUF          equ	4041	;# 
  2936   000FCA                     T2CON           equ	4042	;# 
  2937   000FCB                     PR2             equ	4043	;# 
  2938   000FCB                     MEMCON          equ	4043	;# 
  2939   000FCC                     TMR2            equ	4044	;# 
  2940   000FCD                     T1CON           equ	4045	;# 
  2941   000FCE                     TMR1            equ	4046	;# 
  2942   000FCE                     TMR1L           equ	4046	;# 
  2943   000FCF                     TMR1H           equ	4047	;# 
  2944   000FD0                     RCON            equ	4048	;# 
  2945   000FD1                     WDTCON          equ	4049	;# 
  2946   000FD2                     HLVDCON         equ	4050	;# 
  2947   000FD2                     LVDCON          equ	4050	;# 
  2948   000FD3                     OSCCON          equ	4051	;# 
  2949   000FD5                     T0CON           equ	4053	;# 
  2950   000FD6                     TMR0            equ	4054	;# 
  2951   000FD6                     TMR0L           equ	4054	;# 
  2952   000FD7                     TMR0H           equ	4055	;# 
  2953   000FD8                     STATUS          equ	4056	;# 
  2954   000FD9                     FSR2            equ	4057	;# 
  2955   000FD9                     FSR2L           equ	4057	;# 
  2956   000FDA                     FSR2H           equ	4058	;# 
  2957   000FDB                     PLUSW2          equ	4059	;# 
  2958   000FDC                     PREINC2         equ	4060	;# 
  2959   000FDD                     POSTDEC2        equ	4061	;# 
  2960   000FDE                     POSTINC2        equ	4062	;# 
  2961   000FDF                     INDF2           equ	4063	;# 
  2962   000FE0                     BSR             equ	4064	;# 
  2963   000FE1                     FSR1            equ	4065	;# 
  2964   000FE1                     FSR1L           equ	4065	;# 
  2965   000FE2                     FSR1H           equ	4066	;# 
  2966   000FE3                     PLUSW1          equ	4067	;# 
  2967   000FE4                     PREINC1         equ	4068	;# 
  2968   000FE5                     POSTDEC1        equ	4069	;# 
  2969   000FE6                     POSTINC1        equ	4070	;# 
  2970   000FE7                     INDF1           equ	4071	;# 
  2971   000FE8                     WREG            equ	4072	;# 
  2972   000FE9                     FSR0            equ	4073	;# 
  2973   000FE9                     FSR0L           equ	4073	;# 
  2974   000FEA                     FSR0H           equ	4074	;# 
  2975   000FEB                     PLUSW0          equ	4075	;# 
  2976   000FEC                     PREINC0         equ	4076	;# 
  2977   000FED                     POSTDEC0        equ	4077	;# 
  2978   000FEE                     POSTINC0        equ	4078	;# 
  2979   000FEF                     INDF0           equ	4079	;# 
  2980   000FF0                     INTCON3         equ	4080	;# 
  2981   000FF1                     INTCON2         equ	4081	;# 
  2982   000FF2                     INTCON          equ	4082	;# 
  2983   000FF3                     PROD            equ	4083	;# 
  2984   000FF3                     PRODL           equ	4083	;# 
  2985   000FF4                     PRODH           equ	4084	;# 
  2986   000FF5                     TABLAT          equ	4085	;# 
  2987   000FF6                     TBLPTR          equ	4086	;# 
  2988   000FF6                     TBLPTRL         equ	4086	;# 
  2989   000FF7                     TBLPTRH         equ	4087	;# 
  2990   000FF8                     TBLPTRU         equ	4088	;# 
  2991   000FF9                     PCLAT           equ	4089	;# 
  2992   000FF9                     PC              equ	4089	;# 
  2993   000FF9                     PCL             equ	4089	;# 
  2994   000FFA                     PCLATH          equ	4090	;# 
  2995   000FFB                     PCLATU          equ	4091	;# 
  2996   000FFC                     STKPTR          equ	4092	;# 
  2997   000FFD                     TOS             equ	4093	;# 
  2998   000FFD                     TOSL            equ	4093	;# 
  2999   000FFE                     TOSH            equ	4094	;# 
  3000   000FFF                     TOSU            equ	4095	;# 
  3001                           
  3002                           	psect	idataCOMRAM
  3003   003000                     __pidataCOMRAM:
  3004                           	callstack 0
  3005                           
  3006                           ;initializer for read_digital_keypad@once
  3007   003000  01                 	db	1
  3008   000DD4                     _RXFCON0        set	3540
  3009   000F45                     _TXB0DLC        set	3909
  3010   000F44                     _TXB0EIDL       set	3908
  3011   000F43                     _TXB0EIDH       set	3907
  3012   000F41                     _TXB0SIDH       set	3905
  3013   000F42                     _TXB0SIDL       set	3906
  3014   000F46                     _TXB0D0         set	3910
  3015   007A03                     _TXB0REQ        set	31235
  3016   000FD6                     _TMR0           set	4054
  3017   000FAE                     _RCREG          set	4014
  3018   000FAD                     _TXREG          set	4013
  3019   000FAF                     _SPBRG          set	4015
  3020   000F82                     _PORTC          set	3970
  3021   000F94                     _TRISC          set	3988
  3022   000F95                     _TRISD          set	3989
  3023   000F83                     _PORTD          set	3971
  3024   000F65                     _RXB0DLC        set	3941
  3025   000F61                     _RXB0SIDH       set	3937
  3026   000F62                     _RXB0SIDL       set	3938
  3027   000F60                     _RXB0CONbits    set	3936
  3028   000F60                     _RXB0CON        set	3936
  3029   000F72                     _BRGCON3        set	3954
  3030   000F71                     _BRGCON2        set	3953
  3031   000F70                     _BRGCON1        set	3952
  3032   000F77                     _ECANCON        set	3959
  3033   000F6E                     _CANSTAT        set	3950
  3034   000F6F                     _CANCON         set	3951
  3035   000F81                     _PORTB          set	3969
  3036   000F93                     _TRISB          set	3987
  3037   000F66                     _RXB0D0         set	3942
  3038   007CF5                     _RCIF           set	31989
  3039   007CF4                     _TXIF           set	31988
  3040   007DC3                     _BRG16          set	32195
  3041   007D5C                     _CREN           set	32092
  3042   007D5E                     _RX9            set	32094
  3043   007D5F                     _SPEN           set	32095
  3044   007D62                     _BRGH           set	32098
  3045   007D63                     _SENDB          set	32099
  3046   007D64                     _SYNC           set	32100
  3047   007D65                     _TXEN           set	32101
  3048   007D66                     _TX9            set	32102
  3049   007CA6                     _TRISC6         set	31910
  3050   007CA7                     _TRISC7         set	31911
  3051   007F95                     _TMR0IE         set	32661
  3052   007EAB                     _PSA            set	32427
  3053   007EAF                     _TMR0ON         set	32431
  3054   007EAD                     _T0CS           set	32429
  3055   007EAE                     _T08BIT         set	32430
  3056   007F92                     _TMR0IF         set	32658
  3057   007C09                     _RB1            set	31753
  3058   007C08                     _RB0            set	31752
  3059   007C0F                     _RB7            set	31759
  3060   007C0E                     _RB6            set	31758
  3061   007C1F                     _RD7            set	31775
  3062   007C10                     _RC0            set	31760
  3063   007CAF                     _TRISD7         set	31919
  3064   007C12                     _RC2            set	31762
  3065   007C11                     _RC1            set	31761
  3066   007D20                     _RXB0IF         set	32032
  3067   007B07                     _RXB0FUL        set	31495
  3068   007C9B                     _TRISB3         set	31899
  3069   007C9A                     _TRISB2         set	31898
  3070   007F96                     _PEIE           set	32662
  3071   007F97                     _GIE            set	32663
  3072                           
  3073                           	psect	mediumconst
  3074   002FEA                     __pmediumconst:
  3075                           	callstack 0
  3076   002FEA  00                 	db	0
  3077   002FEB                     STR_4:
  3078   002FEB  53                 	db	83	;'S'
  3079   002FEC  50                 	db	80	;'P'
  3080   002FED  44                 	db	68	;'D'
  3081   002FEE  20                 	db	32
  3082   002FEF  47                 	db	71	;'G'
  3083   002FF0  52                 	db	82	;'R'
  3084   002FF1  20                 	db	32
  3085   002FF2  20                 	db	32
  3086   002FF3  52                 	db	82	;'R'
  3087   002FF4  50                 	db	80	;'P'
  3088   002FF5  4D                 	db	77	;'M'
  3089   002FF6  20                 	db	32
  3090   002FF7  20                 	db	32
  3091   002FF8  49                 	db	73	;'I'
  3092   002FF9  4E                 	db	78	;'N'
  3093   002FFA  44                 	db	68	;'D'
  3094   002FFB  00                 	db	0
  3095   002FFC                     STR_2:
  3096   002FFC  20                 	db	32
  3097   002FFD  20                 	db	32
  3098   002FFE  00                 	db	0
  3099   002FFD                     STR_1           equ	STR_2+1
  3100   002FFD                     STR_3           equ	STR_2+1
  3101   002FFF  00                 	db	0	; dummy byte at the end
  3102   002FEA                     __smallconst    set	__pmediumconst
  3103   002FEA                     __mediumconst   set	__pmediumconst
  3104   000002                     __activetblptr  equ	2
  3105                           
  3106                           ; #config settings
  3107                           
  3108                           	psect	cinit
  3109   000450                     __pcinit:
  3110                           	callstack 0
  3111   000450                     start_initialization:
  3112                           	callstack 0
  3113   000450                     __initialization:
  3114                           	callstack 0
  3115                           
  3116                           ; Initialize objects allocated to COMRAM (1 bytes)
  3117                           ; load TBLPTR registers with __pidataCOMRAM
  3118   000450  0E00               	movlw	low __pidataCOMRAM
  3119   000452  6EF6               	movwf	tblptrl,c
  3120   000454  0E30               	movlw	high __pidataCOMRAM
  3121   000456  6EF7               	movwf	tblptrh,c
  3122   000458  0E00               	movlw	low (__pidataCOMRAM shr (0+16))
  3123   00045A  6EF8               	movwf	tblptru,c
  3124   00045C  0009               	tblrd		*+	;fetch initializer
  3125   00045E  CFF5 F028          	movff	tablat,__pdataCOMRAM
  3126                           
  3127                           ; Clear objects allocated to COMRAM (4 bytes)
  3128   000462  6A27               	clrf	(__pbssCOMRAM+3)& (0+255),c
  3129   000464  6A26               	clrf	(__pbssCOMRAM+2)& (0+255),c
  3130   000466  6A25               	clrf	(__pbssCOMRAM+1)& (0+255),c
  3131   000468  6A24               	clrf	__pbssCOMRAM& (0+255),c
  3132   00046A                     end_of_initialization:
  3133                           	callstack 0
  3134   00046A                     __end_of__initialization:
  3135                           	callstack 0
  3136   00046A  9001               	bcf	int$flags,0,c	;clear compiler interrupt flag (level 1)
  3137   00046C  9201               	bcf	int$flags,1,c	;clear compiler interrupt flag (level 2)
  3138   00046E  0E00               	movlw	low (__Lmediumconst shr (0+16))
  3139   000470  6EF8               	movwf	tblptru,c
  3140   000472  0100               	movlb	0
  3141   000474  EF81  F002         	goto	_main	;jump to C main() function
  3142                           
  3143                           	psect	bssCOMRAM
  3144   000024                     __pbssCOMRAM:
  3145                           	callstack 0
  3146   000024                     isr@count:
  3147                           	callstack 0
  3148   000024                     	ds	2
  3149   000026                     _sec:
  3150                           	callstack 0
  3151   000026                     	ds	2
  3152                           
  3153                           	psect	dataCOMRAM
  3154   000028                     __pdataCOMRAM:
  3155                           	callstack 0
  3156   000028                     read_digital_keypad@once:
  3157                           	callstack 0
  3158   000028                     	ds	1
  3159                           
  3160                           	psect	cstackCOMRAM
  3161   000002                     __pcstackCOMRAM:
  3162                           	callstack 0
  3163   000002                     ?_get_msg_id_std:
  3164                           	callstack 0
  3165   000002                     clcd_write@control_bit:
  3166                           	callstack 0
  3167   000002                     handle_engine_temp_data@data:
  3168                           	callstack 0
  3169   000002                     
  3170                           ; 1 bytes @ 0x0
  3171   000002                     	ds	1
  3172   000003                     clcd_write@byte:
  3173                           	callstack 0
  3174   000003                     handle_engine_temp_data@len:
  3175                           	callstack 0
  3176   000003                     
  3177                           ; 1 bytes @ 0x1
  3178   000003                     	ds	1
  3179   000004                     clcd_print@data:
  3180                           	callstack 0
  3181   000004                     ??_get_msg_id_std:
  3182   000004                     
  3183                           ; 1 bytes @ 0x2
  3184   000004                     	ds	2
  3185   000006                     clcd_print@addr:
  3186                           	callstack 0
  3187                           
  3188                           ; 1 bytes @ 0x4
  3189   000006                     	ds	1
  3190   000007                     handle_speed_data@data:
  3191                           	callstack 0
  3192   000007                     handle_gear_data@data:
  3193                           	callstack 0
  3194   000007                     handle_rpm_data@data:
  3195                           	callstack 0
  3196   000007                     handle_indicator_data@data:
  3197                           	callstack 0
  3198   000007                     
  3199                           ; 1 bytes @ 0x5
  3200   000007                     	ds	1
  3201   000008                     handle_speed_data@len:
  3202                           	callstack 0
  3203   000008                     handle_gear_data@len:
  3204                           	callstack 0
  3205   000008                     handle_rpm_data@len:
  3206                           	callstack 0
  3207   000008                     handle_indicator_data@len:
  3208                           	callstack 0
  3209   000008                     get_msg_id_std@id:
  3210                           	callstack 0
  3211                           
  3212                           ; 2 bytes @ 0x6
  3213   000008                     	ds	1
  3214   000009                     
  3215                           ; 1 bytes @ 0x7
  3216   000009                     	ds	1
  3217   00000A                     can_receive@msg_id:
  3218                           	callstack 0
  3219                           
  3220                           ; 1 bytes @ 0x8
  3221   00000A                     	ds	1
  3222   00000B                     can_receive@data:
  3223                           	callstack 0
  3224                           
  3225                           ; 1 bytes @ 0x9
  3226   00000B                     	ds	1
  3227   00000C                     can_receive@len:
  3228                           	callstack 0
  3229                           
  3230                           ; 1 bytes @ 0xA
  3231   00000C                     	ds	1
  3232   00000D                     ??_can_receive:
  3233                           
  3234                           ; 1 bytes @ 0xB
  3235   00000D                     	ds	3
  3236   000010                     can_receive@ptr:
  3237                           	callstack 0
  3238                           
  3239                           ; 2 bytes @ 0xE
  3240   000010                     	ds	2
  3241   000012                     can_receive@i:
  3242                           	callstack 0
  3243                           
  3244                           ; 2 bytes @ 0x10
  3245   000012                     	ds	2
  3246   000014                     ??_process_canbus_data:
  3247                           
  3248                           ; 1 bytes @ 0x12
  3249   000014                     	ds	2
  3250   000016                     process_canbus_data@str:
  3251                           	callstack 0
  3252                           
  3253                           ; 8 bytes @ 0x14
  3254   000016                     	ds	8
  3255   00001E                     process_canbus_data@i:
  3256                           	callstack 0
  3257                           
  3258                           ; 2 bytes @ 0x1C
  3259   00001E                     	ds	2
  3260   000020                     process_canbus_data@msg_id:
  3261                           	callstack 0
  3262                           
  3263                           ; 2 bytes @ 0x1E
  3264   000020                     	ds	2
  3265   000022                     process_canbus_data@len:
  3266                           	callstack 0
  3267                           
  3268                           ; 2 bytes @ 0x20
  3269   000022                     	ds	2
  3270   000024                     
  3271                           ; 1 bytes @ 0x22
  3272 ;;
  3273 ;;Main: autosize = 0, tempsize = 0, incstack = 0, save=0
  3274 ;;
  3275 ;; *************** function _main *****************
  3276 ;; Defined at:
  3277 ;;		line 36 in file "main.c"
  3278 ;; Parameters:    Size  Location     Type
  3279 ;;		None
  3280 ;; Auto vars:     Size  Location     Type
  3281 ;;		None
  3282 ;; Return value:  Size  Location     Type
  3283 ;;                  1    wreg      void 
  3284 ;; Registers used:
  3285 ;;		wreg, fsr0l, fsr0h, fsr1l, fsr1h, fsr2l, fsr2h, status,2, status,0, tblptrl, tblptrh, tblptru, cstack
  3286 ;; Tracked objects:
  3287 ;;		On entry : 0/0
  3288 ;;		On exit  : 0/0
  3289 ;;		Unchanged: 0/0
  3290 ;; Data sizes:     COMRAM   BANK0   BANK1   BANK2   BANK3   BANK4   BANK5
  3291 ;;      Params:         0       0       0       0       0       0       0
  3292 ;;      Locals:         0       0       0       0       0       0       0
  3293 ;;      Temps:          0       0       0       0       0       0       0
  3294 ;;      Totals:         0       0       0       0       0       0       0
  3295 ;;Total ram usage:        0 bytes
  3296 ;; Hardware stack levels required when called: 4
  3297 ;; This function calls:
  3298 ;;		_init_config
  3299 ;;		_process_canbus_data
  3300 ;; This function is called by:
  3301 ;;		Startup code after reset
  3302 ;; This function uses a non-reentrant model
  3303 ;;
  3304                           
  3305                           	psect	text0
  3306   000502                     __ptext0:
  3307                           	callstack 0
  3308   000502                     _main:
  3309                           	callstack 27
  3310   000502                     
  3311                           ;main.c: 38:     init_config();
  3312   000502  EC6C  F002         	call	_init_config	;wreg free
  3313   000506                     l1533:
  3314                           
  3315                           ;main.c: 43:         process_canbus_data();
  3316   000506  EC09  F000         	call	_process_canbus_data	;wreg free
  3317   00050A  EF83  F002         	goto	l1533
  3318   00050E  EF07  F000         	goto	start
  3319   000512                     __end_of_main:
  3320                           	callstack 0
  3321                           
  3322 ;; *************** function _process_canbus_data *****************
  3323 ;; Defined at:
  3324 ;;		line 92 in file "message_handler.c"
  3325 ;; Parameters:    Size  Location     Type
  3326 ;;		None
  3327 ;; Auto vars:     Size  Location     Type
  3328 ;;  i               2   28[COMRAM] int 
  3329 ;;  str             8   20[COMRAM] unsigned char [8]
  3330 ;;  len             2   32[COMRAM] int 
  3331 ;;  msg_id          2   30[COMRAM] int 
  3332 ;; Return value:  Size  Location     Type
  3333 ;;                  1    wreg      void 
  3334 ;; Registers used:
  3335 ;;		wreg, fsr0l, fsr0h, fsr1l, fsr1h, fsr2l, fsr2h, status,2, status,0, tblptrl, tblptrh, tblptru, cstack
  3336 ;; Tracked objects:
  3337 ;;		On entry : 0/0
  3338 ;;		On exit  : 0/0
  3339 ;;		Unchanged: 0/0
  3340 ;; Data sizes:     COMRAM   BANK0   BANK1   BANK2   BANK3   BANK4   BANK5
  3341 ;;      Params:         0       0       0       0       0       0       0
  3342 ;;      Locals:        14       0       0       0       0       0       0
  3343 ;;      Temps:          2       0       0       0       0       0       0
  3344 ;;      Totals:        16       0       0       0       0       0       0
  3345 ;;Total ram usage:       16 bytes
  3346 ;; Hardware stack levels used: 1
  3347 ;; Hardware stack levels required when called: 3
  3348 ;; This function calls:
  3349 ;;		_can_receive
  3350 ;;		_clcd_print
  3351 ;;		_handle_engine_temp_data
  3352 ;;		_handle_gear_data
  3353 ;;		_handle_indicator_data
  3354 ;;		_handle_rpm_data
  3355 ;;		_handle_speed_data
  3356 ;; This function is called by:
  3357 ;;		_main
  3358 ;; This function uses a non-reentrant model
  3359 ;;
  3360                           
  3361                           	psect	text1
  3362   000012                     __ptext1:
  3363                           	callstack 0
  3364   000012                     _process_canbus_data:
  3365                           	callstack 27
  3366   000012                     
  3367                           ;message_handler.c: 95:     int msg_id=0;
  3368   000012  6A21               	clrf	(process_canbus_data@msg_id+1)^0,c
  3369   000014  0E00               	movlw	0
  3370   000016  6E20               	movwf	process_canbus_data@msg_id^0,c
  3371                           
  3372                           ;message_handler.c: 96:     int len=0;
  3373   000018  6A23               	clrf	(process_canbus_data@len+1)^0,c
  3374   00001A  0E00               	movlw	0
  3375   00001C  6E22               	movwf	process_canbus_data@len^0,c
  3376   00001E                     
  3377                           ;message_handler.c: 97:     char str[8];;message_handler.c: 98:     can_receive(&msg_id,
      +                          str,&len);
  3378   00001E  0E20               	movlw	low process_canbus_data@msg_id
  3379   000020  6E0A               	movwf	can_receive@msg_id^0,c
  3380   000022  0E16               	movlw	low process_canbus_data@str
  3381   000024  6E0B               	movwf	can_receive@data^0,c
  3382   000026  0E22               	movlw	low process_canbus_data@len
  3383   000028  6E0C               	movwf	can_receive@len^0,c
  3384   00002A  EC12  F001         	call	_can_receive	;wreg free
  3385   00002E                     
  3386                           ;message_handler.c: 100:     for(int i=0;i<5000;i++);
  3387   00002E  6A1F               	clrf	(process_canbus_data@i+1)^0,c
  3388   000030  0E00               	movlw	0
  3389   000032  6E1E               	movwf	process_canbus_data@i^0,c
  3390   000034                     l1499:
  3391   000034  4A1E               	infsnz	process_canbus_data@i^0,f,c
  3392   000036  2A1F               	incf	(process_canbus_data@i+1)^0,f,c
  3393   000038  BE1F               	btfsc	(process_canbus_data@i+1)^0,7,c
  3394   00003A  EF28  F000         	goto	u591
  3395   00003E  0E88               	movlw	136
  3396   000040  5C1E               	subwf	process_canbus_data@i^0,w,c
  3397   000042  0E13               	movlw	19
  3398   000044  581F               	subwfb	(process_canbus_data@i+1)^0,w,c
  3399   000046  A0D8               	btfss	status,0,c
  3400   000048  EF28  F000         	goto	u591
  3401   00004C  EF2A  F000         	goto	u590
  3402   000050                     u591:
  3403   000050  EF1A  F000         	goto	l1499
  3404   000054                     u590:
  3405   000054                     
  3406                           ;message_handler.c: 101:     if(len==0)
  3407   000054  5022               	movf	process_canbus_data@len^0,w,c
  3408   000056  1023               	iorwf	(process_canbus_data@len+1)^0,w,c
  3409   000058  A4D8               	btfss	status,2,c
  3410   00005A  EF31  F000         	goto	u601
  3411   00005E  EF33  F000         	goto	u600
  3412   000062                     u601:
  3413   000062  EF35  F000         	goto	l1507
  3414   000066                     u600:
  3415   000066  EF97  F000         	goto	l199
  3416   00006A                     l1507:
  3417                           
  3418                           ;message_handler.c: 105:     if(len >= sizeof(str))
  3419   00006A  5023               	movf	(process_canbus_data@len+1)^0,w,c
  3420   00006C  E109               	bnz	u610
  3421   00006E  0E08               	movlw	8
  3422   000070  5C22               	subwf	process_canbus_data@len^0,w,c
  3423   000072  A0D8               	btfss	status,0,c
  3424   000074  EF3E  F000         	goto	u611
  3425   000078  EF40  F000         	goto	u610
  3426   00007C                     u611:
  3427   00007C  EF43  F000         	goto	l1511
  3428   000080                     u610:
  3429   000080                     
  3430                           ;message_handler.c: 106:     {;message_handler.c: 107:         len = sizeof(str) - 1;
  3431   000080  6A23               	clrf	(process_canbus_data@len+1)^0,c
  3432   000082  0E07               	movlw	7
  3433   000084  6E22               	movwf	process_canbus_data@len^0,c
  3434   000086                     l1511:
  3435                           
  3436                           ;message_handler.c: 112:     clcd_print("SPD GR  RPM  IND",(0x80 + (0)));
  3437   000086  0EEB               	movlw	low STR_4
  3438   000088  6E04               	movwf	clcd_print@data^0,c
  3439   00008A  0E2F               	movlw	high STR_4
  3440   00008C  6E05               	movwf	(clcd_print@data+1)^0,c
  3441   00008E  0E80               	movlw	128
  3442   000090  6E06               	movwf	clcd_print@addr^0,c
  3443   000092  EC5C  F001         	call	_clcd_print	;wreg free
  3444                           
  3445                           ;message_handler.c: 115:     switch(msg_id)
  3446   000096  EF75  F000         	goto	l1525
  3447   00009A                     l1513:
  3448                           
  3449                           ;message_handler.c: 118:         {;message_handler.c: 119:             handle_speed_data
      +                          (str,len);
  3450   00009A  0E16               	movlw	low process_canbus_data@str
  3451   00009C  6E07               	movwf	handle_speed_data@data^0,c
  3452   00009E  C022  F008         	movff	process_canbus_data@len,handle_speed_data@len
  3453   0000A2  EC3C  F002         	call	_handle_speed_data	;wreg free
  3454                           
  3455                           ;message_handler.c: 120:             break;
  3456   0000A6  EF97  F000         	goto	l199
  3457   0000AA                     l1515:
  3458                           
  3459                           ;message_handler.c: 123:         {;message_handler.c: 124:             handle_gear_data(
      +                          str,len);
  3460   0000AA  0E16               	movlw	low process_canbus_data@str
  3461   0000AC  6E07               	movwf	handle_gear_data@data^0,c
  3462   0000AE  C022  F008         	movff	process_canbus_data@len,handle_gear_data@len
  3463   0000B2  EC5C  F002         	call	_handle_gear_data	;wreg free
  3464                           
  3465                           ;message_handler.c: 125:             break;
  3466   0000B6  EF97  F000         	goto	l199
  3467   0000BA                     l1517:
  3468                           
  3469                           ;message_handler.c: 128:         {;message_handler.c: 129:             handle_rpm_data(s
      +                          tr,len);
  3470   0000BA  0E16               	movlw	low process_canbus_data@str
  3471   0000BC  6E07               	movwf	handle_rpm_data@data^0,c
  3472   0000BE  C022  F008         	movff	process_canbus_data@len,handle_rpm_data@len
  3473   0000C2  EC4C  F002         	call	_handle_rpm_data	;wreg free
  3474                           
  3475                           ;message_handler.c: 130:             break;
  3476   0000C6  EF97  F000         	goto	l199
  3477   0000CA                     l1519:
  3478                           
  3479                           ;message_handler.c: 133:         {;message_handler.c: 134:             handle_indicator_
      +                          data(str,len);
  3480   0000CA  0E16               	movlw	low process_canbus_data@str
  3481   0000CC  6E07               	movwf	handle_indicator_data@data^0,c
  3482   0000CE  C022  F008         	movff	process_canbus_data@len,handle_indicator_data@len
  3483   0000D2  EC98  F000         	call	_handle_indicator_data	;wreg free
  3484                           
  3485                           ;message_handler.c: 135:             break;
  3486   0000D6  EF97  F000         	goto	l199
  3487   0000DA                     l1521:
  3488                           
  3489                           ;message_handler.c: 138:         {;message_handler.c: 139:             handle_engine_tem
      +                          p_data(str,len);
  3490   0000DA  0E16               	movlw	low process_canbus_data@str
  3491   0000DC  6E02               	movwf	handle_engine_temp_data@data^0,c
  3492   0000DE  C022  F003         	movff	process_canbus_data@len,handle_engine_temp_data@len
  3493   0000E2  EC8D  F002         	call	_handle_engine_temp_data	;wreg free
  3494                           
  3495                           ;message_handler.c: 140:             break;
  3496   0000E6  EF97  F000         	goto	l199
  3497   0000EA                     l1525:
  3498   0000EA  C020  F014         	movff	process_canbus_data@msg_id,??_process_canbus_data
  3499   0000EE  C021  F015         	movff	process_canbus_data@msg_id+1,??_process_canbus_data+1
  3500                           
  3501                           ; Switch on 2 bytes has been partitioned into a top level switch of size 1, and 1 sub-sw
      +                          itches
  3502                           ; Switch size 1, requested type "simple"
  3503                           ; Number of cases is 1, Range of values is 0 to 0
  3504                           ; switch strategies available:
  3505                           ; Name         Instructions Cycles
  3506                           ; simple_byte            4     3 (average)
  3507                           ;	Chosen strategy is simple_byte
  3508   0000F2  5015               	movf	(??_process_canbus_data+1)^0,w,c
  3509   0000F4  0A00               	xorlw	0	; case 0
  3510   0000F6  B4D8               	btfsc	status,2,c
  3511   0000F8  EF80  F000         	goto	l1557
  3512   0000FC  EF97  F000         	goto	l199
  3513   000100                     l1557:
  3514                           
  3515                           ; Switch size 1, requested type "simple"
  3516                           ; Number of cases is 5, Range of values is 16 to 80
  3517                           ; switch strategies available:
  3518                           ; Name         Instructions Cycles
  3519                           ; simple_byte           16     9 (average)
  3520                           ;	Chosen strategy is simple_byte
  3521   000100  5014               	movf	??_process_canbus_data^0,w,c
  3522   000102  0A10               	xorlw	16	; case 16
  3523   000104  B4D8               	btfsc	status,2,c
  3524   000106  EF4D  F000         	goto	l1513
  3525   00010A  0A30               	xorlw	48	; case 32
  3526   00010C  B4D8               	btfsc	status,2,c
  3527   00010E  EF55  F000         	goto	l1515
  3528   000112  0A10               	xorlw	16	; case 48
  3529   000114  B4D8               	btfsc	status,2,c
  3530   000116  EF5D  F000         	goto	l1517
  3531   00011A  0A70               	xorlw	112	; case 64
  3532   00011C  B4D8               	btfsc	status,2,c
  3533   00011E  EF6D  F000         	goto	l1521
  3534   000122  0A10               	xorlw	16	; case 80
  3535   000124  B4D8               	btfsc	status,2,c
  3536   000126  EF65  F000         	goto	l1519
  3537   00012A  EF97  F000         	goto	l199
  3538   00012E                     l199:
  3539   00012E  0012               	return		;funcret
  3540   000130                     __end_of_process_canbus_data:
  3541                           	callstack 0
  3542                           
  3543 ;; *************** function _handle_speed_data *****************
  3544 ;; Defined at:
  3545 ;;		line 20 in file "message_handler.c"
  3546 ;; Parameters:    Size  Location     Type
  3547 ;;  data            1    5[COMRAM] PTR unsigned char 
  3548 ;;		 -> process_canbus_data@str(8), 
  3549 ;;  len             1    6[COMRAM] unsigned char 
  3550 ;; Auto vars:     Size  Location     Type
  3551 ;;		None
  3552 ;; Return value:  Size  Location     Type
  3553 ;;                  1    wreg      void 
  3554 ;; Registers used:
  3555 ;;		wreg, fsr0l, fsr0h, status,2, status,0, tblptrl, tblptrh, tblptru, cstack
  3556 ;; Tracked objects:
  3557 ;;		On entry : 0/0
  3558 ;;		On exit  : 0/0
  3559 ;;		Unchanged: 0/0
  3560 ;; Data sizes:     COMRAM   BANK0   BANK1   BANK2   BANK3   BANK4   BANK5
  3561 ;;      Params:         2       0       0       0       0       0       0
  3562 ;;      Locals:         0       0       0       0       0       0       0
  3563 ;;      Temps:          0       0       0       0       0       0       0
  3564 ;;      Totals:         2       0       0       0       0       0       0
  3565 ;;Total ram usage:        2 bytes
  3566 ;; Hardware stack levels used: 1
  3567 ;; Hardware stack levels required when called: 2
  3568 ;; This function calls:
  3569 ;;		_clcd_print
  3570 ;; This function is called by:
  3571 ;;		_process_canbus_data
  3572 ;; This function uses a non-reentrant model
  3573 ;;
  3574                           
  3575                           	psect	text2
  3576   000478                     __ptext2:
  3577                           	callstack 0
  3578   000478                     _handle_speed_data:
  3579                           	callstack 27
  3580   000478                     
  3581                           ;message_handler.c: 20: void handle_speed_data(uint8_t *data, uint8_t len);message_handl
      +                          er.c: 21: {;message_handler.c: 23:     clcd_print(data,(0xC0 + (0)));
  3582   000478  C007  F004         	movff	handle_speed_data@data,clcd_print@data
  3583   00047C  6A05               	clrf	(clcd_print@data+1)^0,c
  3584   00047E  0EC0               	movlw	192
  3585   000480  6E06               	movwf	clcd_print@addr^0,c
  3586   000482  EC5C  F001         	call	_clcd_print	;wreg free
  3587                           
  3588                           ;message_handler.c: 24:     clcd_print(" ",(0xC0 + (3)));
  3589   000486  0EFD               	movlw	low (STR_2+1)
  3590   000488  6E04               	movwf	clcd_print@data^0,c
  3591   00048A  0E2F               	movlw	high (STR_2+1)
  3592   00048C  6E05               	movwf	(clcd_print@data+1)^0,c
  3593   00048E  0EC3               	movlw	195
  3594   000490  6E06               	movwf	clcd_print@addr^0,c
  3595   000492  EC5C  F001         	call	_clcd_print	;wreg free
  3596   000496  0012               	return		;funcret
  3597   000498                     __end_of_handle_speed_data:
  3598                           	callstack 0
  3599                           
  3600 ;; *************** function _handle_rpm_data *****************
  3601 ;; Defined at:
  3602 ;;		line 38 in file "message_handler.c"
  3603 ;; Parameters:    Size  Location     Type
  3604 ;;  data            1    5[COMRAM] PTR unsigned char 
  3605 ;;		 -> process_canbus_data@str(8), 
  3606 ;;  len             1    6[COMRAM] unsigned char 
  3607 ;; Auto vars:     Size  Location     Type
  3608 ;;		None
  3609 ;; Return value:  Size  Location     Type
  3610 ;;                  1    wreg      void 
  3611 ;; Registers used:
  3612 ;;		wreg, fsr0l, fsr0h, status,2, status,0, tblptrl, tblptrh, tblptru, cstack
  3613 ;; Tracked objects:
  3614 ;;		On entry : 0/0
  3615 ;;		On exit  : 0/0
  3616 ;;		Unchanged: 0/0
  3617 ;; Data sizes:     COMRAM   BANK0   BANK1   BANK2   BANK3   BANK4   BANK5
  3618 ;;      Params:         2       0       0       0       0       0       0
  3619 ;;      Locals:         0       0       0       0       0       0       0
  3620 ;;      Temps:          0       0       0       0       0       0       0
  3621 ;;      Totals:         2       0       0       0       0       0       0
  3622 ;;Total ram usage:        2 bytes
  3623 ;; Hardware stack levels used: 1
  3624 ;; Hardware stack levels required when called: 2
  3625 ;; This function calls:
  3626 ;;		_clcd_print
  3627 ;; This function is called by:
  3628 ;;		_process_canbus_data
  3629 ;; This function uses a non-reentrant model
  3630 ;;
  3631                           
  3632                           	psect	text3
  3633   000498                     __ptext3:
  3634                           	callstack 0
  3635   000498                     _handle_rpm_data:
  3636                           	callstack 27
  3637   000498                     
  3638                           ;message_handler.c: 38: void handle_rpm_data(uint8_t *data, uint8_t len);message_handler
      +                          .c: 39: {;message_handler.c: 41:     clcd_print(data,(0xC0 + (8)));
  3639   000498  C007  F004         	movff	handle_rpm_data@data,clcd_print@data
  3640   00049C  6A05               	clrf	(clcd_print@data+1)^0,c
  3641   00049E  0EC8               	movlw	200
  3642   0004A0  6E06               	movwf	clcd_print@addr^0,c
  3643   0004A2  EC5C  F001         	call	_clcd_print	;wreg free
  3644                           
  3645                           ;message_handler.c: 42:     clcd_print(" ",(0xC0 + (12)));
  3646   0004A6  0EFD               	movlw	low (STR_2+1)
  3647   0004A8  6E04               	movwf	clcd_print@data^0,c
  3648   0004AA  0E2F               	movlw	high (STR_2+1)
  3649   0004AC  6E05               	movwf	(clcd_print@data+1)^0,c
  3650   0004AE  0ECC               	movlw	204
  3651   0004B0  6E06               	movwf	clcd_print@addr^0,c
  3652   0004B2  EC5C  F001         	call	_clcd_print	;wreg free
  3653   0004B6  0012               	return		;funcret
  3654   0004B8                     __end_of_handle_rpm_data:
  3655                           	callstack 0
  3656                           
  3657 ;; *************** function _handle_indicator_data *****************
  3658 ;; Defined at:
  3659 ;;		line 48 in file "message_handler.c"
  3660 ;; Parameters:    Size  Location     Type
  3661 ;;  data            1    5[COMRAM] PTR unsigned char 
  3662 ;;		 -> process_canbus_data@str(8), 
  3663 ;;  len             1    6[COMRAM] unsigned char 
  3664 ;; Auto vars:     Size  Location     Type
  3665 ;;		None
  3666 ;; Return value:  Size  Location     Type
  3667 ;;                  1    wreg      void 
  3668 ;; Registers used:
  3669 ;;		wreg, fsr0l, fsr0h, fsr2l, fsr2h, status,2, status,0, tblptrl, tblptrh, tblptru, cstack
  3670 ;; Tracked objects:
  3671 ;;		On entry : 0/0
  3672 ;;		On exit  : 0/0
  3673 ;;		Unchanged: 0/0
  3674 ;; Data sizes:     COMRAM   BANK0   BANK1   BANK2   BANK3   BANK4   BANK5
  3675 ;;      Params:         2       0       0       0       0       0       0
  3676 ;;      Locals:         0       0       0       0       0       0       0
  3677 ;;      Temps:          1       0       0       0       0       0       0
  3678 ;;      Totals:         3       0       0       0       0       0       0
  3679 ;;Total ram usage:        3 bytes
  3680 ;; Hardware stack levels used: 1
  3681 ;; Hardware stack levels required when called: 2
  3682 ;; This function calls:
  3683 ;;		_clcd_print
  3684 ;; This function is called by:
  3685 ;;		_process_canbus_data
  3686 ;; This function uses a non-reentrant model
  3687 ;;
  3688                           
  3689                           	psect	text4
  3690   000130                     __ptext4:
  3691                           	callstack 0
  3692   000130                     _handle_indicator_data:
  3693                           	callstack 27
  3694   000130                     
  3695                           ;message_handler.c: 48: void handle_indicator_data(uint8_t *data, uint8_t len);message_h
      +                          andler.c: 49: {;message_handler.c: 51:     clcd_print(data,(0xC0 + (13)));
  3696   000130  C007  F004         	movff	handle_indicator_data@data,clcd_print@data
  3697   000134  6A05               	clrf	(clcd_print@data+1)^0,c
  3698   000136  0ECD               	movlw	205
  3699   000138  6E06               	movwf	clcd_print@addr^0,c
  3700   00013A  EC5C  F001         	call	_clcd_print	;wreg free
  3701   00013E                     
  3702                           ;message_handler.c: 52:     if(data[0]=='<')
  3703   00013E  5007               	movf	handle_indicator_data@data^0,w,c
  3704   000140  6ED9               	movwf	fsr2l,c
  3705   000142  6ADA               	clrf	fsr2h,c
  3706   000144  0E3C               	movlw	60
  3707   000146  18DE               	xorwf	postinc2,w,c
  3708   000148  A4D8               	btfss	status,2,c
  3709   00014A  EFA9  F000         	goto	u461
  3710   00014E  EFAB  F000         	goto	u460
  3711   000152                     u461:
  3712   000152  EFD0  F000         	goto	l1463
  3713   000156                     u460:
  3714   000156                     
  3715                           ;message_handler.c: 53:     {;message_handler.c: 54:         RB6=0;
  3716   000156  9C81               	bcf	3969,6,c	;volatile
  3717                           
  3718                           ;message_handler.c: 55:         RB7=0;
  3719   000158  9E81               	bcf	3969,7,c	;volatile
  3720   00015A                     
  3721                           ;message_handler.c: 56:         if(sec>=2)
  3722   00015A  BE27               	btfsc	(_sec+1)^0,7,c
  3723   00015C  EFB9  F000         	goto	u471
  3724   000160  5027               	movf	(_sec+1)^0,w,c
  3725   000162  E109               	bnz	u470
  3726   000164  0E02               	movlw	2
  3727   000166  5C26               	subwf	_sec^0,w,c
  3728   000168  A0D8               	btfss	status,0,c
  3729   00016A  EFB9  F000         	goto	u471
  3730   00016E  EFBB  F000         	goto	u470
  3731   000172                     u471:
  3732   000172  EFD0  F000         	goto	l1463
  3733   000176                     u470:
  3734   000176                     
  3735                           ;message_handler.c: 57:         {;message_handler.c: 58:             sec=0;
  3736   000176  6A27               	clrf	(_sec+1)^0,c
  3737   000178  0E00               	movlw	0
  3738   00017A  6E26               	movwf	_sec^0,c
  3739   00017C                     
  3740                           ;message_handler.c: 59:             RB0=!RB0;
  3741   00017C  A081               	btfss	3969,0,c	;volatile
  3742   00017E  EFC3  F000         	goto	u481
  3743   000182  EFC6  F000         	goto	u480
  3744   000186                     u481:
  3745   000186  8081               	bsf	3969,0,c	;volatile
  3746   000188  EFC7  F000         	goto	u495
  3747   00018C                     u480:
  3748   00018C  9081               	bcf	3969,0,c	;volatile
  3749   00018E                     u495:
  3750   00018E                     
  3751                           ;message_handler.c: 60:             RB1=!RB1;
  3752   00018E  A281               	btfss	3969,1,c	;volatile
  3753   000190  EFCC  F000         	goto	u501
  3754   000194  EFCF  F000         	goto	u500
  3755   000198                     u501:
  3756   000198  8281               	bsf	3969,1,c	;volatile
  3757   00019A  EFD0  F000         	goto	u515
  3758   00019E                     u500:
  3759   00019E  9281               	bcf	3969,1,c	;volatile
  3760   0001A0                     u515:
  3761   0001A0                     l1463:
  3762                           
  3763                           ;message_handler.c: 63:     if(data[0]=='-')
  3764   0001A0  5007               	movf	handle_indicator_data@data^0,w,c
  3765   0001A2  6ED9               	movwf	fsr2l,c
  3766   0001A4  6ADA               	clrf	fsr2h,c
  3767   0001A6  0E2D               	movlw	45
  3768   0001A8  18DE               	xorwf	postinc2,w,c
  3769   0001AA  A4D8               	btfss	status,2,c
  3770   0001AC  EFDA  F000         	goto	u521
  3771   0001B0  EFDC  F000         	goto	u520
  3772   0001B4                     u521:
  3773   0001B4  EF01  F001         	goto	l1475
  3774   0001B8                     u520:
  3775   0001B8                     
  3776                           ;message_handler.c: 64:     {;message_handler.c: 65:         RB0=0;
  3777   0001B8  9081               	bcf	3969,0,c	;volatile
  3778                           
  3779                           ;message_handler.c: 66:         RB1=0;
  3780   0001BA  9281               	bcf	3969,1,c	;volatile
  3781   0001BC                     
  3782                           ;message_handler.c: 67:         if(sec>=2)
  3783   0001BC  BE27               	btfsc	(_sec+1)^0,7,c
  3784   0001BE  EFEA  F000         	goto	u531
  3785   0001C2  5027               	movf	(_sec+1)^0,w,c
  3786   0001C4  E109               	bnz	u530
  3787   0001C6  0E02               	movlw	2
  3788   0001C8  5C26               	subwf	_sec^0,w,c
  3789   0001CA  A0D8               	btfss	status,0,c
  3790   0001CC  EFEA  F000         	goto	u531
  3791   0001D0  EFEC  F000         	goto	u530
  3792   0001D4                     u531:
  3793   0001D4  EF01  F001         	goto	l1475
  3794   0001D8                     u530:
  3795   0001D8                     
  3796                           ;message_handler.c: 68:         {;message_handler.c: 69:             sec=0;
  3797   0001D8  6A27               	clrf	(_sec+1)^0,c
  3798   0001DA  0E00               	movlw	0
  3799   0001DC  6E26               	movwf	_sec^0,c
  3800   0001DE                     
  3801                           ;message_handler.c: 70:             RB6=!RB6;
  3802   0001DE  AC81               	btfss	3969,6,c	;volatile
  3803   0001E0  EFF4  F000         	goto	u541
  3804   0001E4  EFF7  F000         	goto	u540
  3805   0001E8                     u541:
  3806   0001E8  8C81               	bsf	3969,6,c	;volatile
  3807   0001EA  EFF8  F000         	goto	u555
  3808   0001EE                     u540:
  3809   0001EE  9C81               	bcf	3969,6,c	;volatile
  3810   0001F0                     u555:
  3811   0001F0                     
  3812                           ;message_handler.c: 71:             RB7=!RB7;
  3813   0001F0  AE81               	btfss	3969,7,c	;volatile
  3814   0001F2  EFFD  F000         	goto	u561
  3815   0001F6  EF00  F001         	goto	u560
  3816   0001FA                     u561:
  3817   0001FA  8E81               	bsf	3969,7,c	;volatile
  3818   0001FC  EF01  F001         	goto	u575
  3819   000200                     u560:
  3820   000200  9E81               	bcf	3969,7,c	;volatile
  3821   000202                     u575:
  3822   000202                     l1475:
  3823                           
  3824                           ;message_handler.c: 74:     if(data[0]=='O')
  3825   000202  5007               	movf	handle_indicator_data@data^0,w,c
  3826   000204  6ED9               	movwf	fsr2l,c
  3827   000206  6ADA               	clrf	fsr2h,c
  3828   000208  0E4F               	movlw	79
  3829   00020A  18DE               	xorwf	postinc2,w,c
  3830   00020C  A4D8               	btfss	status,2,c
  3831   00020E  EF0B  F001         	goto	u581
  3832   000212  EF0D  F001         	goto	u580
  3833   000216                     u581:
  3834   000216  EF11  F001         	goto	l190
  3835   00021A                     u580:
  3836   00021A                     
  3837                           ;message_handler.c: 75:     {;message_handler.c: 76:         RB0=0;
  3838   00021A  9081               	bcf	3969,0,c	;volatile
  3839                           
  3840                           ;message_handler.c: 77:         RB1=0;
  3841   00021C  9281               	bcf	3969,1,c	;volatile
  3842                           
  3843                           ;message_handler.c: 78:         RB6=0;
  3844   00021E  9C81               	bcf	3969,6,c	;volatile
  3845                           
  3846                           ;message_handler.c: 79:         RB7=0;
  3847   000220  9E81               	bcf	3969,7,c	;volatile
  3848   000222                     l190:
  3849   000222  0012               	return		;funcret
  3850   000224                     __end_of_handle_indicator_data:
  3851                           	callstack 0
  3852                           
  3853 ;; *************** function _handle_gear_data *****************
  3854 ;; Defined at:
  3855 ;;		line 29 in file "message_handler.c"
  3856 ;; Parameters:    Size  Location     Type
  3857 ;;  data            1    5[COMRAM] PTR unsigned char 
  3858 ;;		 -> process_canbus_data@str(8), 
  3859 ;;  len             1    6[COMRAM] unsigned char 
  3860 ;; Auto vars:     Size  Location     Type
  3861 ;;		None
  3862 ;; Return value:  Size  Location     Type
  3863 ;;                  1    wreg      void 
  3864 ;; Registers used:
  3865 ;;		wreg, fsr0l, fsr0h, status,2, status,0, tblptrl, tblptrh, tblptru, cstack
  3866 ;; Tracked objects:
  3867 ;;		On entry : 0/0
  3868 ;;		On exit  : 0/0
  3869 ;;		Unchanged: 0/0
  3870 ;; Data sizes:     COMRAM   BANK0   BANK1   BANK2   BANK3   BANK4   BANK5
  3871 ;;      Params:         2       0       0       0       0       0       0
  3872 ;;      Locals:         0       0       0       0       0       0       0
  3873 ;;      Temps:          0       0       0       0       0       0       0
  3874 ;;      Totals:         2       0       0       0       0       0       0
  3875 ;;Total ram usage:        2 bytes
  3876 ;; Hardware stack levels used: 1
  3877 ;; Hardware stack levels required when called: 2
  3878 ;; This function calls:
  3879 ;;		_clcd_print
  3880 ;; This function is called by:
  3881 ;;		_process_canbus_data
  3882 ;; This function uses a non-reentrant model
  3883 ;;
  3884                           
  3885                           	psect	text5
  3886   0004B8                     __ptext5:
  3887                           	callstack 0
  3888   0004B8                     _handle_gear_data:
  3889                           	callstack 27
  3890   0004B8                     
  3891                           ;message_handler.c: 29: void handle_gear_data(uint8_t *data, uint8_t len);message_handle
      +                          r.c: 30: {;message_handler.c: 32:     clcd_print(data,(0xC0 + (4)));
  3892   0004B8  C007  F004         	movff	handle_gear_data@data,clcd_print@data
  3893   0004BC  6A05               	clrf	(clcd_print@data+1)^0,c
  3894   0004BE  0EC4               	movlw	196
  3895   0004C0  6E06               	movwf	clcd_print@addr^0,c
  3896   0004C2  EC5C  F001         	call	_clcd_print	;wreg free
  3897                           
  3898                           ;message_handler.c: 33:     clcd_print("  ",(0xC0 + (6)));
  3899   0004C6  0EFC               	movlw	low STR_2
  3900   0004C8  6E04               	movwf	clcd_print@data^0,c
  3901   0004CA  0E2F               	movlw	high STR_2
  3902   0004CC  6E05               	movwf	(clcd_print@data+1)^0,c
  3903   0004CE  0EC6               	movlw	198
  3904   0004D0  6E06               	movwf	clcd_print@addr^0,c
  3905   0004D2  EC5C  F001         	call	_clcd_print	;wreg free
  3906   0004D6  0012               	return		;funcret
  3907   0004D8                     __end_of_handle_gear_data:
  3908                           	callstack 0
  3909                           
  3910 ;; *************** function _clcd_print *****************
  3911 ;; Defined at:
  3912 ;;		line 51 in file "clcd.c"
  3913 ;; Parameters:    Size  Location     Type
  3914 ;;  data            2    2[COMRAM] PTR const unsigned char 
  3915 ;;		 -> STR_4(17), process_canbus_data@str(8), STR_3(2), STR_2(3), 
  3916 ;;		 -> STR_1(2), 
  3917 ;;  addr            1    4[COMRAM] unsigned char 
  3918 ;; Auto vars:     Size  Location     Type
  3919 ;;		None
  3920 ;; Return value:  Size  Location     Type
  3921 ;;                  1    wreg      void 
  3922 ;; Registers used:
  3923 ;;		wreg, fsr0l, fsr0h, status,2, status,0, tblptrl, tblptrh, tblptru, cstack
  3924 ;; Tracked objects:
  3925 ;;		On entry : 0/0
  3926 ;;		On exit  : 0/0
  3927 ;;		Unchanged: 0/0
  3928 ;; Data sizes:     COMRAM   BANK0   BANK1   BANK2   BANK3   BANK4   BANK5
  3929 ;;      Params:         3       0       0       0       0       0       0
  3930 ;;      Locals:         0       0       0       0       0       0       0
  3931 ;;      Temps:          0       0       0       0       0       0       0
  3932 ;;      Totals:         3       0       0       0       0       0       0
  3933 ;;Total ram usage:        3 bytes
  3934 ;; Hardware stack levels used: 1
  3935 ;; Hardware stack levels required when called: 1
  3936 ;; This function calls:
  3937 ;;		_clcd_write
  3938 ;; This function is called by:
  3939 ;;		_handle_speed_data
  3940 ;;		_handle_gear_data
  3941 ;;		_handle_rpm_data
  3942 ;;		_handle_indicator_data
  3943 ;;		_process_canbus_data
  3944 ;; This function uses a non-reentrant model
  3945 ;;
  3946                           
  3947                           	psect	text6
  3948   0002B8                     __ptext6:
  3949                           	callstack 0
  3950   0002B8                     _clcd_print:
  3951                           	callstack 27
  3952   0002B8                     
  3953                           ;clcd.c: 51: void clcd_print(const unsigned char *data, unsigned char addr);clcd.c: 52: 
      +                          {;clcd.c: 53:  clcd_write(addr, 0);
  3954   0002B8  0E00               	movlw	0
  3955   0002BA  6E02               	movwf	clcd_write@control_bit^0,c
  3956   0002BC  5006               	movf	clcd_print@addr^0,w,c
  3957   0002BE  ECF1  F001         	call	_clcd_write
  3958                           
  3959                           ;clcd.c: 54:  while (*data != '\0')
  3960   0002C2  EF79  F001         	goto	l1409
  3961   0002C6                     l1405:
  3962                           
  3963                           ;clcd.c: 55:  {;clcd.c: 56:   clcd_write(*data++, 1);
  3964   0002C6  0E01               	movlw	1
  3965   0002C8  6E02               	movwf	clcd_write@control_bit^0,c
  3966   0002CA  C004  FFF6         	movff	clcd_print@data,tblptrl
  3967   0002CE  C005  FFF7         	movff	clcd_print@data+1,tblptrh
  3968   0002D2  6AF8               	clrf	tblptru,c
  3969   0002D4  0E05               	movlw	(high __ramtop+-1)
  3970   0002D6  64F7               	cpfsgt	tblptrh,c
  3971   0002D8  D003               	bra	u417
  3972   0002DA  0008               	tblrd		*
  3973   0002DC  50F5               	movf	tablat,w,c
  3974   0002DE  D005               	bra	u410
  3975   0002E0                     u417:
  3976   0002E0  CFF6 FFE9          	movff	tblptrl,fsr0l
  3977   0002E4  CFF7 FFEA          	movff	tblptrh,fsr0h
  3978   0002E8  50EF               	movf	indf0,w,c
  3979   0002EA                     u410:
  3980   0002EA  ECF1  F001         	call	_clcd_write
  3981   0002EE  4A04               	infsnz	clcd_print@data^0,f,c
  3982   0002F0  2A05               	incf	(clcd_print@data+1)^0,f,c
  3983   0002F2                     l1409:
  3984                           
  3985                           ;clcd.c: 54:  while (*data != '\0')
  3986   0002F2  C004  FFF6         	movff	clcd_print@data,tblptrl
  3987   0002F6  C005  FFF7         	movff	clcd_print@data+1,tblptrh
  3988   0002FA  6AF8               	clrf	tblptru,c
  3989   0002FC  0E05               	movlw	(high __ramtop+-1)
  3990   0002FE  64F7               	cpfsgt	tblptrh,c
  3991   000300  D003               	bra	u427
  3992   000302  0008               	tblrd		*
  3993   000304  50F5               	movf	tablat,w,c
  3994   000306  D005               	bra	u420
  3995   000308                     u427:
  3996   000308  CFF6 FFE9          	movff	tblptrl,fsr0l
  3997   00030C  CFF7 FFEA          	movff	tblptrh,fsr0h
  3998   000310  50EF               	movf	indf0,w,c
  3999   000312                     u420:
  4000   000312  0900               	iorlw	0
  4001   000314  A4D8               	btfss	status,2,c
  4002   000316  EF8F  F001         	goto	u431
  4003   00031A  EF91  F001         	goto	u430
  4004   00031E                     u431:
  4005   00031E  EF63  F001         	goto	l1405
  4006   000322                     u430:
  4007   000322  0012               	return		;funcret
  4008   000324                     __end_of_clcd_print:
  4009                           	callstack 0
  4010                           
  4011 ;; *************** function _handle_engine_temp_data *****************
  4012 ;; Defined at:
  4013 ;;		line 85 in file "message_handler.c"
  4014 ;; Parameters:    Size  Location     Type
  4015 ;;  data            1    0[COMRAM] PTR unsigned char 
  4016 ;;		 -> process_canbus_data@str(8), 
  4017 ;;  len             1    1[COMRAM] unsigned char 
  4018 ;; Auto vars:     Size  Location     Type
  4019 ;;		None
  4020 ;; Return value:  Size  Location     Type
  4021 ;;                  1    wreg      void 
  4022 ;; Registers used:
  4023 ;;		None
  4024 ;; Tracked objects:
  4025 ;;		On entry : 0/0
  4026 ;;		On exit  : 0/0
  4027 ;;		Unchanged: 0/0
  4028 ;; Data sizes:     COMRAM   BANK0   BANK1   BANK2   BANK3   BANK4   BANK5
  4029 ;;      Params:         2       0       0       0       0       0       0
  4030 ;;      Locals:         0       0       0       0       0       0       0
  4031 ;;      Temps:          0       0       0       0       0       0       0
  4032 ;;      Totals:         2       0       0       0       0       0       0
  4033 ;;Total ram usage:        2 bytes
  4034 ;; Hardware stack levels used: 1
  4035 ;; Hardware stack levels required when called: 1
  4036 ;; This function calls:
  4037 ;;		Nothing
  4038 ;; This function is called by:
  4039 ;;		_process_canbus_data
  4040 ;; This function uses a non-reentrant model
  4041 ;;
  4042                           
  4043                           	psect	text7
  4044   00051A                     __ptext7:
  4045                           	callstack 0
  4046   00051A                     _handle_engine_temp_data:
  4047                           	callstack 28
  4048   00051A  0012               	return		;funcret
  4049   00051C                     __end_of_handle_engine_temp_data:
  4050                           	callstack 0
  4051                           
  4052 ;; *************** function _can_receive *****************
  4053 ;; Defined at:
  4054 ;;		line 98 in file "can.c"
  4055 ;; Parameters:    Size  Location     Type
  4056 ;;  msg_id          1    8[COMRAM] PTR unsigned short 
  4057 ;;		 -> process_canbus_data@msg_id(2), 
  4058 ;;  data            1    9[COMRAM] PTR unsigned char 
  4059 ;;		 -> process_canbus_data@str(8), 
  4060 ;;  len             1   10[COMRAM] PTR unsigned char 
  4061 ;;		 -> process_canbus_data@len(2), 
  4062 ;; Auto vars:     Size  Location     Type
  4063 ;;  i               2   16[COMRAM] int 
  4064 ;;  ptr             2   14[COMRAM] PTR unsigned char 
  4065 ;;		 -> RXB0D0(1), 
  4066 ;; Return value:  Size  Location     Type
  4067 ;;                  1    wreg      void 
  4068 ;; Registers used:
  4069 ;;		wreg, fsr1l, fsr1h, fsr2l, fsr2h, status,2, status,0, cstack
  4070 ;; Tracked objects:
  4071 ;;		On entry : 0/0
  4072 ;;		On exit  : 0/0
  4073 ;;		Unchanged: 0/0
  4074 ;; Data sizes:     COMRAM   BANK0   BANK1   BANK2   BANK3   BANK4   BANK5
  4075 ;;      Params:         3       0       0       0       0       0       0
  4076 ;;      Locals:         4       0       0       0       0       0       0
  4077 ;;      Temps:          3       0       0       0       0       0       0
  4078 ;;      Totals:        10       0       0       0       0       0       0
  4079 ;;Total ram usage:       10 bytes
  4080 ;; Hardware stack levels used: 1
  4081 ;; Hardware stack levels required when called: 2
  4082 ;; This function calls:
  4083 ;;		_get_msg_id_std
  4084 ;; This function is called by:
  4085 ;;		_process_canbus_data
  4086 ;; This function uses a non-reentrant model
  4087 ;;
  4088                           
  4089                           	psect	text8
  4090   000224                     __ptext8:
  4091                           	callstack 0
  4092   000224                     _can_receive:
  4093                           	callstack 27
  4094   000224                     
  4095                           ;can.c: 99:     uint8_t *ptr;;can.c: 101:     if (RXB0FUL) {
  4096   000224  AE60               	btfss	3936,7,c	;volatile
  4097   000226  EF17  F001         	goto	u441
  4098   00022A  EF19  F001         	goto	u440
  4099   00022E                     u441:
  4100   00022E  EF57  F001         	goto	l1441
  4101   000232                     u440:
  4102   000232                     
  4103                           ;can.c: 103:         *msg_id = get_msg_id_std();
  4104   000232  ECD4  F001         	call	_get_msg_id_std	;wreg free
  4105   000236  500A               	movf	can_receive@msg_id^0,w,c
  4106   000238  6ED9               	movwf	fsr2l,c
  4107   00023A  6ADA               	clrf	fsr2h,c
  4108   00023C  C002  FFDE         	movff	?_get_msg_id_std,postinc2
  4109   000240  C003  FFDD         	movff	?_get_msg_id_std+1,postdec2
  4110   000244                     
  4111                           ;can.c: 105:         *len = RXB0DLC;
  4112   000244  500C               	movf	can_receive@len^0,w,c
  4113   000246  6ED9               	movwf	fsr2l,c
  4114   000248  6ADA               	clrf	fsr2h,c
  4115   00024A  CF65 FFDF          	movff	3941,indf2	;volatile
  4116   00024E                     
  4117                           ;can.c: 107:         ptr = (uint8_t *) & RXB0D0;
  4118   00024E  0E66               	movlw	102
  4119   000250  6E10               	movwf	can_receive@ptr^0,c
  4120   000252  0E0F               	movlw	15
  4121   000254  6E11               	movwf	(can_receive@ptr+1)^0,c
  4122   000256                     
  4123                           ;can.c: 109:         for (int i = 0; i < *len; i++) {
  4124   000256  6A13               	clrf	(can_receive@i+1)^0,c
  4125   000258  0E00               	movlw	0
  4126   00025A  6E12               	movwf	can_receive@i^0,c
  4127   00025C  EF3E  F001         	goto	l1439
  4128   000260                     l1435:
  4129                           
  4130                           ;can.c: 110:             data[i] = ptr[i];
  4131   000260  5012               	movf	can_receive@i^0,w,c
  4132   000262  2410               	addwf	can_receive@ptr^0,w,c
  4133   000264  6ED9               	movwf	fsr2l,c
  4134   000266  5013               	movf	(can_receive@i+1)^0,w,c
  4135   000268  2011               	addwfc	(can_receive@ptr+1)^0,w,c
  4136   00026A  6EDA               	movwf	fsr2h,c
  4137   00026C  500B               	movf	can_receive@data^0,w,c
  4138   00026E  2412               	addwf	can_receive@i^0,w,c
  4139   000270  6EE1               	movwf	fsr1l,c
  4140   000272  6AE2               	clrf	fsr1h,c
  4141   000274  CFDF FFE7          	movff	indf2,indf1
  4142   000278                     
  4143                           ;can.c: 111:         }
  4144   000278  4A12               	infsnz	can_receive@i^0,f,c
  4145   00027A  2A13               	incf	(can_receive@i+1)^0,f,c
  4146   00027C                     l1439:
  4147   00027C  500C               	movf	can_receive@len^0,w,c
  4148   00027E  6ED9               	movwf	fsr2l,c
  4149   000280  6ADA               	clrf	fsr2h,c
  4150   000282  50DF               	movf	indf2,w,c
  4151   000284  6E0D               	movwf	??_can_receive^0,c
  4152   000286  6A0E               	clrf	(??_can_receive+1)^0,c
  4153   000288  500D               	movf	??_can_receive^0,w,c
  4154   00028A  5C12               	subwf	can_receive@i^0,w,c
  4155   00028C  5013               	movf	(can_receive@i+1)^0,w,c
  4156   00028E  0A80               	xorlw	128
  4157   000290  6E0F               	movwf	(??_can_receive+2)^0,c
  4158   000292  500E               	movf	(??_can_receive+1)^0,w,c
  4159   000294  0A80               	xorlw	128
  4160   000296  580F               	subwfb	(??_can_receive+2)^0,w,c
  4161   000298  A0D8               	btfss	status,0,c
  4162   00029A  EF51  F001         	goto	u451
  4163   00029E  EF53  F001         	goto	u450
  4164   0002A2                     u451:
  4165   0002A2  EF30  F001         	goto	l1435
  4166   0002A6                     u450:
  4167   0002A6                     
  4168                           ;can.c: 113:         RXB0FUL = 0;
  4169   0002A6  9E60               	bcf	3936,7,c	;volatile
  4170                           
  4171                           ;can.c: 114:         RXB0IF = 0;
  4172   0002A8  90A4               	bcf	4004,0,c	;volatile
  4173                           
  4174                           ;can.c: 115:     }
  4175   0002AA  EF5B  F001         	goto	l104
  4176   0002AE                     l1441:
  4177                           
  4178                           ;can.c: 119:     {;can.c: 120:         *len = 0;
  4179   0002AE  500C               	movf	can_receive@len^0,w,c
  4180   0002B0  6ED9               	movwf	fsr2l,c
  4181   0002B2  6ADA               	clrf	fsr2h,c
  4182   0002B4  6ADF               	clrf	indf2,c
  4183   0002B6                     l104:
  4184   0002B6  0012               	return		;funcret
  4185   0002B8                     __end_of_can_receive:
  4186                           	callstack 0
  4187                           
  4188 ;; *************** function _get_msg_id_std *****************
  4189 ;; Defined at:
  4190 ;;		line 59 in file "can.c"
  4191 ;; Parameters:    Size  Location     Type
  4192 ;;		None
  4193 ;; Auto vars:     Size  Location     Type
  4194 ;;  id              2    6[COMRAM] unsigned short 
  4195 ;; Return value:  Size  Location     Type
  4196 ;;                  2    0[COMRAM] unsigned short 
  4197 ;; Registers used:
  4198 ;;		wreg, status,2, status,0
  4199 ;; Tracked objects:
  4200 ;;		On entry : 0/0
  4201 ;;		On exit  : 0/0
  4202 ;;		Unchanged: 0/0
  4203 ;; Data sizes:     COMRAM   BANK0   BANK1   BANK2   BANK3   BANK4   BANK5
  4204 ;;      Params:         2       0       0       0       0       0       0
  4205 ;;      Locals:         2       0       0       0       0       0       0
  4206 ;;      Temps:          4       0       0       0       0       0       0
  4207 ;;      Totals:         8       0       0       0       0       0       0
  4208 ;;Total ram usage:        8 bytes
  4209 ;; Hardware stack levels used: 1
  4210 ;; Hardware stack levels required when called: 1
  4211 ;; This function calls:
  4212 ;;		Nothing
  4213 ;; This function is called by:
  4214 ;;		_can_receive
  4215 ;; This function uses a non-reentrant model
  4216 ;;
  4217                           
  4218                           	psect	text9
  4219   0003A8                     __ptext9:
  4220                           	callstack 0
  4221   0003A8                     _get_msg_id_std:
  4222                           	callstack 27
  4223   0003A8                     
  4224                           ;can.c: 61:     id = ((RXB0SIDL >> 5) & 0x7) | (RXB0SIDH << 3);
  4225   0003A8  5061               	movf	97,w,c	;volatile
  4226   0003AA  6E04               	movwf	??_get_msg_id_std^0,c
  4227   0003AC  6A05               	clrf	(??_get_msg_id_std+1)^0,c
  4228   0003AE  90D8               	bcf	status,0,c
  4229   0003B0  3604               	rlcf	??_get_msg_id_std^0,f,c
  4230   0003B2  3605               	rlcf	(??_get_msg_id_std+1)^0,f,c
  4231   0003B4  90D8               	bcf	status,0,c
  4232   0003B6  3604               	rlcf	??_get_msg_id_std^0,f,c
  4233   0003B8  3605               	rlcf	(??_get_msg_id_std+1)^0,f,c
  4234   0003BA  90D8               	bcf	status,0,c
  4235   0003BC  3604               	rlcf	??_get_msg_id_std^0,f,c
  4236   0003BE  3605               	rlcf	(??_get_msg_id_std+1)^0,f,c
  4237   0003C0  3862               	swapf	98,w,c	;volatile
  4238   0003C2  42E8               	rrncf	wreg,f,c
  4239   0003C4  0B07               	andlw	7
  4240   0003C6  0B07               	andlw	7
  4241   0003C8  6E06               	movwf	(??_get_msg_id_std+2)^0,c
  4242   0003CA  6A07               	clrf	(??_get_msg_id_std+3)^0,c
  4243   0003CC  5004               	movf	??_get_msg_id_std^0,w,c
  4244   0003CE  1006               	iorwf	(??_get_msg_id_std+2)^0,w,c
  4245   0003D0  6E08               	movwf	get_msg_id_std@id^0,c
  4246   0003D2  5005               	movf	(??_get_msg_id_std+1)^0,w,c
  4247   0003D4  1007               	iorwf	(??_get_msg_id_std+3)^0,w,c
  4248   0003D6  6E09               	movwf	(get_msg_id_std@id+1)^0,c
  4249   0003D8                     
  4250                           ;can.c: 62:     return id;
  4251   0003D8  C008  F002         	movff	get_msg_id_std@id,?_get_msg_id_std
  4252   0003DC  C009  F003         	movff	get_msg_id_std@id+1,?_get_msg_id_std+1
  4253   0003E0  0012               	return		;funcret
  4254   0003E2                     __end_of_get_msg_id_std:
  4255                           	callstack 0
  4256                           
  4257 ;; *************** function _init_config *****************
  4258 ;; Defined at:
  4259 ;;		line 24 in file "main.c"
  4260 ;; Parameters:    Size  Location     Type
  4261 ;;		None
  4262 ;; Auto vars:     Size  Location     Type
  4263 ;;		None
  4264 ;; Return value:  Size  Location     Type
  4265 ;;                  1    wreg      void 
  4266 ;; Registers used:
  4267 ;;		wreg, status,2, status,0, cstack
  4268 ;; Tracked objects:
  4269 ;;		On entry : 0/0
  4270 ;;		On exit  : 0/0
  4271 ;;		Unchanged: 0/0
  4272 ;; Data sizes:     COMRAM   BANK0   BANK1   BANK2   BANK3   BANK4   BANK5
  4273 ;;      Params:         0       0       0       0       0       0       0
  4274 ;;      Locals:         0       0       0       0       0       0       0
  4275 ;;      Temps:          0       0       0       0       0       0       0
  4276 ;;      Totals:         0       0       0       0       0       0       0
  4277 ;;Total ram usage:        0 bytes
  4278 ;; Hardware stack levels used: 1
  4279 ;; Hardware stack levels required when called: 3
  4280 ;; This function calls:
  4281 ;;		_init_can
  4282 ;;		_init_clcd
  4283 ;;		_init_leds
  4284 ;;		_init_timer0
  4285 ;; This function is called by:
  4286 ;;		_main
  4287 ;; This function uses a non-reentrant model
  4288 ;;
  4289                           
  4290                           	psect	text10
  4291   0004D8                     __ptext10:
  4292                           	callstack 0
  4293   0004D8                     _init_config:
  4294                           	callstack 27
  4295   0004D8                     
  4296                           ;main.c: 26:     init_clcd();
  4297   0004D8  EC0E  F002         	call	_init_clcd	;wreg free
  4298   0004DC                     
  4299                           ;main.c: 27:     init_leds();
  4300   0004DC  EC89  F002         	call	_init_leds	;wreg free
  4301   0004E0                     
  4302                           ;main.c: 28:     init_can();
  4303   0004E0  ECB6  F001         	call	_init_can	;wreg free
  4304   0004E4                     
  4305                           ;main.c: 31:     GIE = 1;
  4306   0004E4  8EF2               	bsf	4082,7,c	;volatile
  4307   0004E6                     
  4308                           ;main.c: 32:     PEIE = 1;
  4309   0004E6  8CF2               	bsf	4082,6,c	;volatile
  4310                           
  4311                           ;main.c: 33:     init_timer0();
  4312   0004E8  EC77  F002         	call	_init_timer0	;wreg free
  4313   0004EC  0012               	return		;funcret
  4314   0004EE                     __end_of_init_config:
  4315                           	callstack 0
  4316                           
  4317 ;; *************** function _init_timer0 *****************
  4318 ;; Defined at:
  4319 ;;		line 12 in file "timer0.c"
  4320 ;; Parameters:    Size  Location     Type
  4321 ;;		None
  4322 ;; Auto vars:     Size  Location     Type
  4323 ;;		None
  4324 ;; Return value:  Size  Location     Type
  4325 ;;                  1    wreg      void 
  4326 ;; Registers used:
  4327 ;;		wreg, status,2
  4328 ;; Tracked objects:
  4329 ;;		On entry : 0/0
  4330 ;;		On exit  : 0/0
  4331 ;;		Unchanged: 0/0
  4332 ;; Data sizes:     COMRAM   BANK0   BANK1   BANK2   BANK3   BANK4   BANK5
  4333 ;;      Params:         0       0       0       0       0       0       0
  4334 ;;      Locals:         0       0       0       0       0       0       0
  4335 ;;      Temps:          0       0       0       0       0       0       0
  4336 ;;      Totals:         0       0       0       0       0       0       0
  4337 ;;Total ram usage:        0 bytes
  4338 ;; Hardware stack levels used: 1
  4339 ;; Hardware stack levels required when called: 1
  4340 ;; This function calls:
  4341 ;;		Nothing
  4342 ;; This function is called by:
  4343 ;;		_init_config
  4344 ;; This function uses a non-reentrant model
  4345 ;;
  4346                           
  4347                           	psect	text11
  4348   0004EE                     __ptext11:
  4349                           	callstack 0
  4350   0004EE                     _init_timer0:
  4351                           	callstack 28
  4352   0004EE                     
  4353                           ;timer0.c: 19:     T08BIT = 1;
  4354   0004EE  8CD5               	bsf	4053,6,c	;volatile
  4355                           
  4356                           ;timer0.c: 22:     T0CS = 0;
  4357   0004F0  9AD5               	bcf	4053,5,c	;volatile
  4358                           
  4359                           ;timer0.c: 25:     TMR0ON = 1;
  4360   0004F2  8ED5               	bsf	4053,7,c	;volatile
  4361                           
  4362                           ;timer0.c: 28:     PSA = 1;
  4363   0004F4  86D5               	bsf	4053,3,c	;volatile
  4364   0004F6                     
  4365                           ;timer0.c: 30:     TMR0 = 6;
  4366   0004F6  6AD7               	clrf	215,c	;volatile
  4367   0004F8  0E06               	movlw	6
  4368   0004FA  6ED6               	movwf	214,c	;volatile
  4369   0004FC                     
  4370                           ;timer0.c: 33:     TMR0IF = 0;
  4371   0004FC  94F2               	bcf	4082,2,c	;volatile
  4372   0004FE                     
  4373                           ;timer0.c: 36:     TMR0IE = 1;
  4374   0004FE  8AF2               	bsf	4082,5,c	;volatile
  4375   000500  0012               	return		;funcret
  4376   000502                     __end_of_init_timer0:
  4377                           	callstack 0
  4378                           
  4379 ;; *************** function _init_leds *****************
  4380 ;; Defined at:
  4381 ;;		line 18 in file "main.c"
  4382 ;; Parameters:    Size  Location     Type
  4383 ;;		None
  4384 ;; Auto vars:     Size  Location     Type
  4385 ;;		None
  4386 ;; Return value:  Size  Location     Type
  4387 ;;                  1    wreg      void 
  4388 ;; Registers used:
  4389 ;;		wreg, status,2
  4390 ;; Tracked objects:
  4391 ;;		On entry : 0/0
  4392 ;;		On exit  : 0/0
  4393 ;;		Unchanged: 0/0
  4394 ;; Data sizes:     COMRAM   BANK0   BANK1   BANK2   BANK3   BANK4   BANK5
  4395 ;;      Params:         0       0       0       0       0       0       0
  4396 ;;      Locals:         0       0       0       0       0       0       0
  4397 ;;      Temps:          0       0       0       0       0       0       0
  4398 ;;      Totals:         0       0       0       0       0       0       0
  4399 ;;Total ram usage:        0 bytes
  4400 ;; Hardware stack levels used: 1
  4401 ;; Hardware stack levels required when called: 1
  4402 ;; This function calls:
  4403 ;;		Nothing
  4404 ;; This function is called by:
  4405 ;;		_init_config
  4406 ;; This function uses a non-reentrant model
  4407 ;;
  4408                           
  4409                           	psect	text12
  4410   000512                     __ptext12:
  4411                           	callstack 0
  4412   000512                     _init_leds:
  4413                           	callstack 28
  4414   000512                     
  4415                           ;main.c: 20:     TRISB = 0x08;
  4416   000512  0E08               	movlw	8
  4417   000514  6E93               	movwf	147,c	;volatile
  4418   000516                     
  4419                           ;main.c: 21:     PORTB = 0x00;
  4420   000516  6A81               	clrf	129,c	;volatile
  4421   000518  0012               	return		;funcret
  4422   00051A                     __end_of_init_leds:
  4423                           	callstack 0
  4424                           
  4425 ;; *************** function _init_clcd *****************
  4426 ;; Defined at:
  4427 ;;		line 36 in file "clcd.c"
  4428 ;; Parameters:    Size  Location     Type
  4429 ;;		None
  4430 ;; Auto vars:     Size  Location     Type
  4431 ;;		None
  4432 ;; Return value:  Size  Location     Type
  4433 ;;                  1    wreg      void 
  4434 ;; Registers used:
  4435 ;;		wreg, status,2, status,0, cstack
  4436 ;; Tracked objects:
  4437 ;;		On entry : 0/0
  4438 ;;		On exit  : 0/0
  4439 ;;		Unchanged: 0/0
  4440 ;; Data sizes:     COMRAM   BANK0   BANK1   BANK2   BANK3   BANK4   BANK5
  4441 ;;      Params:         0       0       0       0       0       0       0
  4442 ;;      Locals:         0       0       0       0       0       0       0
  4443 ;;      Temps:          0       0       0       0       0       0       0
  4444 ;;      Totals:         0       0       0       0       0       0       0
  4445 ;;Total ram usage:        0 bytes
  4446 ;; Hardware stack levels used: 1
  4447 ;; Hardware stack levels required when called: 2
  4448 ;; This function calls:
  4449 ;;		_clcd_write
  4450 ;; This function is called by:
  4451 ;;		_init_config
  4452 ;; This function uses a non-reentrant model
  4453 ;;
  4454                           
  4455                           	psect	text13
  4456   00041C                     __ptext13:
  4457                           	callstack 0
  4458   00041C                     _init_clcd:
  4459                           	callstack 27
  4460   00041C                     
  4461                           ;clcd.c: 39:  TRISD = 0x00;
  4462   00041C  6A95               	clrf	149,c	;volatile
  4463   00041E                     
  4464                           ;clcd.c: 41:  TRISC = TRISC & 0xF8;
  4465   00041E  5094               	movf	148,w,c	;volatile
  4466   000420  0BF8               	andlw	248
  4467   000422  6E94               	movwf	148,c	;volatile
  4468   000424                     
  4469                           ;clcd.c: 43:  RC0 = 0;
  4470   000424  9082               	bcf	3970,0,c	;volatile
  4471   000426                     
  4472                           ;clcd.c: 45:  clcd_write(0x02, 0);
  4473   000426  0E00               	movlw	0
  4474   000428  6E02               	movwf	clcd_write@control_bit^0,c
  4475   00042A  0E02               	movlw	2
  4476   00042C  ECF1  F001         	call	_clcd_write
  4477   000430                     
  4478                           ;clcd.c: 46:  clcd_write(0x38, 0);
  4479   000430  0E00               	movlw	0
  4480   000432  6E02               	movwf	clcd_write@control_bit^0,c
  4481   000434  0E38               	movlw	56
  4482   000436  ECF1  F001         	call	_clcd_write
  4483   00043A                     
  4484                           ;clcd.c: 47:  clcd_write(0x0C, 0);
  4485   00043A  0E00               	movlw	0
  4486   00043C  6E02               	movwf	clcd_write@control_bit^0,c
  4487   00043E  0E0C               	movlw	12
  4488   000440  ECF1  F001         	call	_clcd_write
  4489   000444                     
  4490                           ;clcd.c: 48:  clcd_write(0x01, 0);
  4491   000444  0E00               	movlw	0
  4492   000446  6E02               	movwf	clcd_write@control_bit^0,c
  4493   000448  0E01               	movlw	1
  4494   00044A  ECF1  F001         	call	_clcd_write
  4495   00044E  0012               	return		;funcret
  4496   000450                     __end_of_init_clcd:
  4497                           	callstack 0
  4498                           
  4499 ;; *************** function _clcd_write *****************
  4500 ;; Defined at:
  4501 ;;		line 13 in file "clcd.c"
  4502 ;; Parameters:    Size  Location     Type
  4503 ;;  byte            1    wreg     unsigned char 
  4504 ;;  control_bit     1    0[COMRAM] unsigned char 
  4505 ;; Auto vars:     Size  Location     Type
  4506 ;;  byte            1    1[COMRAM] unsigned char 
  4507 ;; Return value:  Size  Location     Type
  4508 ;;                  1    wreg      void 
  4509 ;; Registers used:
  4510 ;;		wreg
  4511 ;; Tracked objects:
  4512 ;;		On entry : 0/0
  4513 ;;		On exit  : 0/0
  4514 ;;		Unchanged: 0/0
  4515 ;; Data sizes:     COMRAM   BANK0   BANK1   BANK2   BANK3   BANK4   BANK5
  4516 ;;      Params:         1       0       0       0       0       0       0
  4517 ;;      Locals:         1       0       0       0       0       0       0
  4518 ;;      Temps:          0       0       0       0       0       0       0
  4519 ;;      Totals:         2       0       0       0       0       0       0
  4520 ;;Total ram usage:        2 bytes
  4521 ;; Hardware stack levels used: 1
  4522 ;; Hardware stack levels required when called: 1
  4523 ;; This function calls:
  4524 ;;		Nothing
  4525 ;; This function is called by:
  4526 ;;		_init_clcd
  4527 ;;		_clcd_print
  4528 ;;		_clcd_putch
  4529 ;; This function uses a non-reentrant model
  4530 ;;
  4531                           
  4532                           	psect	text14
  4533   0003E2                     __ptext14:
  4534                           	callstack 0
  4535   0003E2                     _clcd_write:
  4536                           	callstack 26
  4537                           
  4538                           ;incstack = 0
  4539                           ;clcd_write@byte stored from wreg
  4540   0003E2  6E03               	movwf	clcd_write@byte^0,c
  4541   0003E4                     
  4542                           ;clcd.c: 13: void clcd_write(unsigned char byte, unsigned char control_bit);clcd.c: 14: 
      +                          {;clcd.c: 15:  RC1 = control_bit;
  4543   0003E4  B002               	btfsc	clcd_write@control_bit^0,0,c
  4544   0003E6  EFF7  F001         	goto	u381
  4545   0003EA  EFFA  F001         	goto	u380
  4546   0003EE                     u381:
  4547   0003EE  8282               	bsf	3970,1,c	;volatile
  4548   0003F0  EFFB  F001         	goto	u395
  4549   0003F4                     u380:
  4550   0003F4  9282               	bcf	3970,1,c	;volatile
  4551   0003F6                     u395:
  4552   0003F6                     
  4553                           ;clcd.c: 16:  PORTD = byte;
  4554   0003F6  C003  FF83         	movff	clcd_write@byte,3971	;volatile
  4555   0003FA                     
  4556                           ;clcd.c: 19:  RC2 = 1;
  4557   0003FA  8482               	bsf	3970,2,c	;volatile
  4558   0003FC                     
  4559                           ;clcd.c: 20:  RC2 = 0;
  4560   0003FC  9482               	bcf	3970,2,c	;volatile
  4561   0003FE                     
  4562                           ;clcd.c: 22:  TRISD7 = 0xFF;
  4563   0003FE  8E95               	bsf	3989,7,c	;volatile
  4564   000400                     
  4565                           ;clcd.c: 23:  RC0 = 1;
  4566   000400  8082               	bsf	3970,0,c	;volatile
  4567   000402                     
  4568                           ;clcd.c: 24:  RC1 = 0;
  4569   000402  9282               	bcf	3970,1,c	;volatile
  4570   000404                     l1389:
  4571                           
  4572                           ;clcd.c: 27:  {;clcd.c: 28:   RC2 = 1;
  4573   000404  8482               	bsf	3970,2,c	;volatile
  4574   000406                     
  4575                           ;clcd.c: 29:   RC2 = 0;
  4576   000406  9482               	bcf	3970,2,c	;volatile
  4577   000408                     
  4578                           ;clcd.c: 30:  } while (RD7);
  4579   000408  BE83               	btfsc	3971,7,c	;volatile
  4580   00040A  EF09  F002         	goto	u401
  4581   00040E  EF0B  F002         	goto	u400
  4582   000412                     u401:
  4583   000412  EF02  F002         	goto	l1389
  4584   000416                     u400:
  4585   000416                     
  4586                           ;clcd.c: 32:  RC0 = 0;
  4587   000416  9082               	bcf	3970,0,c	;volatile
  4588                           
  4589                           ;clcd.c: 33:  TRISD7 = 0x00;
  4590   000418  9E95               	bcf	3989,7,c	;volatile
  4591   00041A  0012               	return		;funcret
  4592   00041C                     __end_of_clcd_write:
  4593                           	callstack 0
  4594                           
  4595 ;; *************** function _init_can *****************
  4596 ;; Defined at:
  4597 ;;		line 23 in file "can.c"
  4598 ;; Parameters:    Size  Location     Type
  4599 ;;		None
  4600 ;; Auto vars:     Size  Location     Type
  4601 ;;		None
  4602 ;; Return value:  Size  Location     Type
  4603 ;;                  1    wreg      void 
  4604 ;; Registers used:
  4605 ;;		wreg, status,2, status,0
  4606 ;; Tracked objects:
  4607 ;;		On entry : 0/0
  4608 ;;		On exit  : 0/0
  4609 ;;		Unchanged: 0/0
  4610 ;; Data sizes:     COMRAM   BANK0   BANK1   BANK2   BANK3   BANK4   BANK5
  4611 ;;      Params:         0       0       0       0       0       0       0
  4612 ;;      Locals:         0       0       0       0       0       0       0
  4613 ;;      Temps:          0       0       0       0       0       0       0
  4614 ;;      Totals:         0       0       0       0       0       0       0
  4615 ;;Total ram usage:        0 bytes
  4616 ;; Hardware stack levels used: 1
  4617 ;; Hardware stack levels required when called: 1
  4618 ;; This function calls:
  4619 ;;		Nothing
  4620 ;; This function is called by:
  4621 ;;		_init_config
  4622 ;; This function uses a non-reentrant model
  4623 ;;
  4624                           
  4625                           	psect	text15
  4626   00036C                     __ptext15:
  4627                           	callstack 0
  4628   00036C                     _init_can:
  4629                           	callstack 28
  4630   00036C                     
  4631                           ;can.c: 25:     TRISB2 = 0;
  4632   00036C  9493               	bcf	3987,2,c	;volatile
  4633                           
  4634                           ;can.c: 26:     TRISB3 = 1;
  4635   00036E  8693               	bsf	3987,3,c	;volatile
  4636   000370                     
  4637                           ;can.c: 30:     { CANCON &= 0x1F; CANCON |= e_can_op_mode_config; };
  4638   000370  0E1F               	movlw	31
  4639   000372  166F               	andwf	111,f,c	;volatile
  4640   000374  8E6F               	bsf	111,7,c	;volatile
  4641   000376                     l1135:
  4642   000376  0E80               	movlw	128
  4643   000378  186E               	xorwf	110,w,c	;volatile
  4644   00037A  A4D8               	btfss	status,2,c
  4645   00037C  EFC2  F001         	goto	u71
  4646   000380  EFC4  F001         	goto	u70
  4647   000384                     u71:
  4648   000384  EFBB  F001         	goto	l1135
  4649   000388                     u70:
  4650   000388                     
  4651                           ;can.c: 36:     ECANCON = 0x00;
  4652   000388  6A77               	clrf	119,c	;volatile
  4653   00038A                     
  4654                           ;can.c: 41:     BRGCON1 = 0xE1;
  4655   00038A  0EE1               	movlw	225
  4656   00038C  6E70               	movwf	112,c	;volatile
  4657                           
  4658                           ;can.c: 42:     BRGCON2 = 0x1B;
  4659   00038E  0E1B               	movlw	27
  4660   000390  6E71               	movwf	113,c	;volatile
  4661                           
  4662                           ;can.c: 43:     BRGCON3 = 0x03;
  4663   000392  0E03               	movlw	3
  4664   000394  6E72               	movwf	114,c	;volatile
  4665   000396                     
  4666                           ;can.c: 49:     RXFCON0 = 0x00;
  4667   000396  010D               	movlb	13	; () banked
  4668   000398  6BD4               	clrf	212,b	;volatile
  4669   00039A                     
  4670                           ; BSR set to: 13
  4671                           ;can.c: 51:     { CANCON &= 0x1F; CANCON |= e_can_op_mode_normal; };
  4672   00039A  0E1F               	movlw	31
  4673   00039C  166F               	andwf	111,f,c	;volatile
  4674   00039E                     
  4675                           ; BSR set to: 13
  4676   00039E  506F               	movf	111,w,c	;volatile
  4677   0003A0                     
  4678                           ; BSR set to: 13
  4679                           ;can.c: 54:     RXB0CON = 0x00;
  4680   0003A0  6A60               	clrf	96,c	;volatile
  4681   0003A2                     
  4682                           ; BSR set to: 13
  4683                           ;can.c: 55:     RXB0CONbits.RXM0=1;
  4684   0003A2  8A60               	bsf	96,5,c	;volatile
  4685   0003A4                     
  4686                           ; BSR set to: 13
  4687                           ;can.c: 56:     RXB0CONbits.RXM1=1;
  4688   0003A4  8C60               	bsf	96,6,c	;volatile
  4689   0003A6                     
  4690                           ; BSR set to: 13
  4691   0003A6  0012               	return		;funcret
  4692   0003A8                     __end_of_init_can:
  4693                           	callstack 0
  4694                           
  4695 ;; *************** function _isr *****************
  4696 ;; Defined at:
  4697 ;;		line 146 in file "message_handler.c"
  4698 ;; Parameters:    Size  Location     Type
  4699 ;;		None
  4700 ;; Auto vars:     Size  Location     Type
  4701 ;;		None
  4702 ;; Return value:  Size  Location     Type
  4703 ;;                  1    wreg      void 
  4704 ;; Registers used:
  4705 ;;		wreg, status,2, status,0
  4706 ;; Tracked objects:
  4707 ;;		On entry : 0/0
  4708 ;;		On exit  : 0/0
  4709 ;;		Unchanged: 0/0
  4710 ;; Data sizes:     COMRAM   BANK0   BANK1   BANK2   BANK3   BANK4   BANK5
  4711 ;;      Params:         0       0       0       0       0       0       0
  4712 ;;      Locals:         0       0       0       0       0       0       0
  4713 ;;      Temps:          0       0       0       0       0       0       0
  4714 ;;      Totals:         0       0       0       0       0       0       0
  4715 ;;Total ram usage:        0 bytes
  4716 ;; Hardware stack levels used: 1
  4717 ;; This function calls:
  4718 ;;		Nothing
  4719 ;; This function is called by:
  4720 ;;		Interrupt level 2
  4721 ;; This function uses a non-reentrant model
  4722 ;;
  4723                           
  4724                           	psect	intcode
  4725   000008                     __pintcode:
  4726                           	callstack 0
  4727   000008                     _isr:
  4728                           	callstack 26
  4729                           
  4730                           ; BSR set to: 13
  4731                           ;incstack = 0
  4732   000008  8201               	bsf	int$flags,1,c	;set compiler interrupt flag (level 2)
  4733   00000A  ED92  F001         	call	int_func,f	;refresh shadow registers
  4734                           
  4735                           	psect	intcode_body
  4736   000324                     __pintcode_body:
  4737                           	callstack 26
  4738   000324                     int_func:
  4739                           	callstack 26
  4740   000324  0006               	pop		; remove dummy address from shadow register refresh
  4741   000326                     
  4742                           ;message_handler.c: 148:     static int count=0;;message_handler.c: 149:     if(TMR0IF==
      +                          1)
  4743   000326  A4F2               	btfss	4082,2,c	;volatile
  4744   000328  EF98  F001         	goto	i2u33_41
  4745   00032C  EF9A  F001         	goto	i2u33_40
  4746   000330                     i2u33_41:
  4747   000330  EFB4  F001         	goto	i2l216
  4748   000334                     i2u33_40:
  4749   000334                     
  4750                           ;message_handler.c: 150:     {;message_handler.c: 151:         TMR0=TMR0+8;
  4751   000334  0E08               	movlw	8
  4752   000336  24D6               	addwf	214,w,c	;volatile
  4753   000338  6ED6               	movwf	214,c	;volatile
  4754   00033A  0E00               	movlw	0
  4755   00033C  20D7               	addwfc	215,w,c	;volatile
  4756   00033E  6ED7               	movwf	215,c	;volatile
  4757   000340                     
  4758                           ;message_handler.c: 152:         TMR0IF=0;
  4759   000340  94F2               	bcf	4082,2,c	;volatile
  4760                           
  4761                           ;message_handler.c: 153:         if(count++==20000)
  4762   000342  4A24               	infsnz	isr@count^0,f,c
  4763   000344  2A25               	incf	(isr@count+1)^0,f,c
  4764   000346  0E21               	movlw	33
  4765   000348  1824               	xorwf	isr@count^0,w,c
  4766   00034A  E107               	bnz	i2u34_41
  4767   00034C  0E4E               	movlw	78
  4768   00034E  1825               	xorwf	(isr@count+1)^0,w,c
  4769   000350  A4D8               	btfss	status,2,c
  4770   000352  EFAD  F001         	goto	i2u34_41
  4771   000356  EFAF  F001         	goto	i2u34_40
  4772   00035A                     i2u34_41:
  4773   00035A  EFB4  F001         	goto	i2l216
  4774   00035E                     i2u34_40:
  4775   00035E                     
  4776                           ;message_handler.c: 154:         {;message_handler.c: 155:             sec++;
  4777   00035E  4A26               	infsnz	_sec^0,f,c
  4778   000360  2A27               	incf	(_sec+1)^0,f,c
  4779   000362                     
  4780                           ;message_handler.c: 156:             count=0;
  4781   000362  6A25               	clrf	(isr@count+1)^0,c
  4782   000364  0E00               	movlw	0
  4783   000366  6E24               	movwf	isr@count^0,c
  4784   000368                     i2l216:
  4785   000368  9201               	bcf	int$flags,1,c	;clear compiler interrupt flag (level 2)
  4786   00036A  0011               	retfie		f
  4787   00036C                     __end_of_isr:
  4788                           	callstack 0
  4789                           
  4790                           	psect	rparam
  4791   000001                     ___rparam_used  equ	1
  4792   000000                     ___param_bank   equ	0
  4793   000000                     __Lparam        equ	__Lrparam
  4794   000000                     __Hparam        equ	__Hrparam
  4795   000001                     btemp           set	1	;btemp
  4796   000001                     int$flags       set	1
  4797   000001                     btemp0          set	1
  4798   000002                     btemp1          set	2
  4799                           
  4800                           	psect	idloc
  4801                           
  4802                           ;Config register IDLOC0 @ 0x200000
  4803                           ;	unspecified, using default values
  4804   200000                     	org	2097152
  4805   200000  FF                 	db	255
  4806                           
  4807                           ;Config register IDLOC1 @ 0x200001
  4808                           ;	unspecified, using default values
  4809   200001                     	org	2097153
  4810   200001  FF                 	db	255
  4811                           
  4812                           ;Config register IDLOC2 @ 0x200002
  4813                           ;	unspecified, using default values
  4814   200002                     	org	2097154
  4815   200002  FF                 	db	255
  4816                           
  4817                           ;Config register IDLOC3 @ 0x200003
  4818                           ;	unspecified, using default values
  4819   200003                     	org	2097155
  4820   200003  FF                 	db	255
  4821                           
  4822                           ;Config register IDLOC4 @ 0x200004
  4823                           ;	unspecified, using default values
  4824   200004                     	org	2097156
  4825   200004  FF                 	db	255
  4826                           
  4827                           ;Config register IDLOC5 @ 0x200005
  4828                           ;	unspecified, using default values
  4829   200005                     	org	2097157
  4830   200005  FF                 	db	255
  4831                           
  4832                           ;Config register IDLOC6 @ 0x200006
  4833                           ;	unspecified, using default values
  4834   200006                     	org	2097158
  4835   200006  FF                 	db	255
  4836                           
  4837                           ;Config register IDLOC7 @ 0x200007
  4838                           ;	unspecified, using default values
  4839   200007                     	org	2097159
  4840   200007  FF                 	db	255
  4841                           
  4842                           	psect	config
  4843                           
  4844                           ; Padding undefined space
  4845   300000                     	org	3145728
  4846   300000  FF                 	db	255
  4847                           
  4848                           ;Config register CONFIG1H @ 0x300001
  4849                           ;	unspecified, using default values
  4850                           ;	Oscillator Selection bits
  4851                           ;	OSC = 0x7, unprogrammed default
  4852                           ;	Fail-Safe Clock Monitor Enable bit
  4853                           ;	FCMEN = 0x0, unprogrammed default
  4854                           ;	Internal/External Oscillator Switchover bit
  4855                           ;	IESO = 0x0, unprogrammed default
  4856   300001                     	org	3145729
  4857   300001  07                 	db	7
  4858                           
  4859                           ;Config register CONFIG2L @ 0x300002
  4860                           ;	unspecified, using default values
  4861                           ;	Power-up Timer Enable bit
  4862                           ;	PWRT = 0x1, unprogrammed default
  4863                           ;	Brown-out Reset Enable bits
  4864                           ;	BOREN = 0x3, unprogrammed default
  4865                           ;	Brown-out Reset Voltage bits
  4866                           ;	BORV = 0x3, unprogrammed default
  4867   300002                     	org	3145730
  4868   300002  1F                 	db	31
  4869                           
  4870                           ;Config register CONFIG2H @ 0x300003
  4871                           ;	unspecified, using default values
  4872                           ;	Watchdog Timer Enable bit
  4873                           ;	WDT = 0x1, unprogrammed default
  4874                           ;	Watchdog Timer Postscale Select bits
  4875                           ;	WDTPS = 0xF, unprogrammed default
  4876   300003                     	org	3145731
  4877   300003  1F                 	db	31
  4878                           
  4879                           ; Padding undefined space
  4880   300004                     	org	3145732
  4881   300004  FF                 	db	255
  4882                           
  4883                           ;Config register CONFIG3H @ 0x300005
  4884                           ;	unspecified, using default values
  4885                           ;	PORTB A/D Enable bit
  4886                           ;	PBADEN = 0x1, unprogrammed default
  4887                           ;	Low-Power Timer 1 Oscillator Enable bit
  4888                           ;	LPT1OSC = 0x0, unprogrammed default
  4889                           ;	MCLR Pin Enable bit
  4890                           ;	MCLRE = 0x1, unprogrammed default
  4891   300005                     	org	3145733
  4892   300005  82                 	db	130
  4893                           
  4894                           ;Config register CONFIG4L @ 0x300006
  4895                           ;	unspecified, using default values
  4896                           ;	Stack Full/Underflow Reset Enable bit
  4897                           ;	STVREN = 0x1, unprogrammed default
  4898                           ;	Single-Supply ICSP Enable bit
  4899                           ;	LVP = 0x1, unprogrammed default
  4900                           ;	Boot Block Size Select bit
  4901                           ;	BBSIZ = 0x0, unprogrammed default
  4902                           ;	Extended Instruction Set Enable bit
  4903                           ;	XINST = 0x0, unprogrammed default
  4904                           ;	Background Debugger Enable bit
  4905                           ;	DEBUG = 0x1, unprogrammed default
  4906   300006                     	org	3145734
  4907   300006  85                 	db	133
  4908                           
  4909                           ; Padding undefined space
  4910   300007                     	org	3145735
  4911   300007  FF                 	db	255
  4912                           
  4913                           ;Config register CONFIG5L @ 0x300008
  4914                           ;	unspecified, using default values
  4915                           ;	Code Protection bit
  4916                           ;	CP0 = 0x1, unprogrammed default
  4917                           ;	Code Protection bit
  4918                           ;	CP1 = 0x1, unprogrammed default
  4919                           ;	Code Protection bit
  4920                           ;	CP2 = 0x1, unprogrammed default
  4921                           ;	Code Protection bit
  4922                           ;	CP3 = 0x1, unprogrammed default
  4923   300008                     	org	3145736
  4924   300008  0F                 	db	15
  4925                           
  4926                           ;Config register CONFIG5H @ 0x300009
  4927                           ;	unspecified, using default values
  4928                           ;	Boot Block Code Protection bit
  4929                           ;	CPB = 0x1, unprogrammed default
  4930                           ;	Data EEPROM Code Protection bit
  4931                           ;	CPD = 0x1, unprogrammed default
  4932   300009                     	org	3145737
  4933   300009  C0                 	db	192
  4934                           
  4935                           ;Config register CONFIG6L @ 0x30000A
  4936                           ;	unspecified, using default values
  4937                           ;	Write Protection bit
  4938                           ;	WRT0 = 0x1, unprogrammed default
  4939                           ;	Write Protection bit
  4940                           ;	WRT1 = 0x1, unprogrammed default
  4941                           ;	Write Protection bit
  4942                           ;	WRT2 = 0x1, unprogrammed default
  4943                           ;	Write Protection bit
  4944                           ;	WRT3 = 0x1, unprogrammed default
  4945   30000A                     	org	3145738
  4946   30000A  0F                 	db	15
  4947                           
  4948                           ;Config register CONFIG6H @ 0x30000B
  4949                           ;	unspecified, using default values
  4950                           ;	Configuration Register Write Protection bit
  4951                           ;	WRTC = 0x1, unprogrammed default
  4952                           ;	Boot Block Write Protection bit
  4953                           ;	WRTB = 0x1, unprogrammed default
  4954                           ;	Data EEPROM Write Protection bit
  4955                           ;	WRTD = 0x1, unprogrammed default
  4956   30000B                     	org	3145739
  4957   30000B  E0                 	db	224
  4958                           
  4959                           ;Config register CONFIG7L @ 0x30000C
  4960                           ;	unspecified, using default values
  4961                           ;	Table Read Protection bit
  4962                           ;	EBTR0 = 0x1, unprogrammed default
  4963                           ;	Table Read Protection bit
  4964                           ;	EBTR1 = 0x1, unprogrammed default
  4965                           ;	Table Read Protection bit
  4966                           ;	EBTR2 = 0x1, unprogrammed default
  4967                           ;	Table Read Protection bit
  4968                           ;	EBTR3 = 0x1, unprogrammed default
  4969   30000C                     	org	3145740
  4970   30000C  0F                 	db	15
  4971                           
  4972                           ;Config register CONFIG7H @ 0x30000D
  4973                           ;	unspecified, using default values
  4974                           ;	Boot Block Table Read Protection bit
  4975                           ;	EBTRB = 0x1, unprogrammed default
  4976   30000D                     	org	3145741
  4977   30000D  40                 	db	64
  4978                           tosu	equ	0xFFF
  4979                           tosh	equ	0xFFE
  4980                           tosl	equ	0xFFD
  4981                           stkptr	equ	0xFFC
  4982                           pclatu	equ	0xFFB
  4983                           pclath	equ	0xFFA
  4984                           pcl	equ	0xFF9
  4985                           tblptru	equ	0xFF8
  4986                           tblptrh	equ	0xFF7
  4987                           tblptrl	equ	0xFF6
  4988                           tablat	equ	0xFF5
  4989                           prodh	equ	0xFF4
  4990                           prodl	equ	0xFF3
  4991                           indf0	equ	0xFEF
  4992                           postinc0	equ	0xFEE
  4993                           postdec0	equ	0xFED
  4994                           preinc0	equ	0xFEC
  4995                           plusw0	equ	0xFEB
  4996                           fsr0h	equ	0xFEA
  4997                           fsr0l	equ	0xFE9
  4998                           wreg	equ	0xFE8
  4999                           indf1	equ	0xFE7
  5000                           postinc1	equ	0xFE6
  5001                           postdec1	equ	0xFE5
  5002                           preinc1	equ	0xFE4
  5003                           plusw1	equ	0xFE3
  5004                           fsr1h	equ	0xFE2
  5005                           fsr1l	equ	0xFE1
  5006                           bsr	equ	0xFE0
  5007                           indf2	equ	0xFDF
  5008                           postinc2	equ	0xFDE
  5009                           postdec2	equ	0xFDD
  5010                           preinc2	equ	0xFDC
  5011                           plusw2	equ	0xFDB
  5012                           fsr2h	equ	0xFDA
  5013                           fsr2l	equ	0xFD9
  5014                           status	equ	0xFD8

Data Sizes:
    Strings     20
    Constant    0
    Data        1
    BSS         4
    Persistent  0
    Stack       0

Auto Spaces:
    Space          Size  Autos    Used
    COMRAM           94     34      39
    BANK0           160      0       0
    BANK1           256      0       0
    BANK2           256      0       0
    BANK3           256      0       0
    BANK4           256      0       0
    BANK5           256      0       0

Pointer List with Targets:

    can_receive@data	PTR unsigned char  size(1) Largest target is 8
		 -> process_canbus_data@str(COMRAM[8]), 

    can_receive@len	PTR unsigned char  size(1) Largest target is 2
		 -> process_canbus_data@len(COMRAM[2]), 

    can_receive@msg_id	PTR unsigned short  size(1) Largest target is 2
		 -> process_canbus_data@msg_id(COMRAM[2]), 

    can_receive@ptr	PTR unsigned char  size(2) Largest target is 1
		 -> RXB0D0(SFR_3[1]), 

    clcd_print@data	PTR const unsigned char  size(2) Largest target is 17
		 -> process_canbus_data@str(COMRAM[8]), STR_1(CODE[2]), STR_2(CODE[3]), STR_3(CODE[2]), 
		 -> STR_4(CODE[17]), 

    handle_engine_temp_data@data	PTR unsigned char  size(1) Largest target is 8
		 -> process_canbus_data@str(COMRAM[8]), 

    handle_gear_data@data	PTR unsigned char  size(1) Largest target is 8
		 -> process_canbus_data@str(COMRAM[8]), 

    handle_indicator_data@data	PTR unsigned char  size(1) Largest target is 8
		 -> process_canbus_data@str(COMRAM[8]), 

    handle_rpm_data@data	PTR unsigned char  size(1) Largest target is 8
		 -> process_canbus_data@str(COMRAM[8]), 

    handle_speed_data@data	PTR unsigned char  size(1) Largest target is 8
		 -> process_canbus_data@str(COMRAM[8]), 


Critical Paths under _main in COMRAM

    _main->_process_canbus_data
    _process_canbus_data->_can_receive
    _handle_speed_data->_clcd_print
    _handle_rpm_data->_clcd_print
    _handle_indicator_data->_clcd_print
    _handle_gear_data->_clcd_print
    _clcd_print->_clcd_write
    _can_receive->_get_msg_id_std
    _init_clcd->_clcd_write

Critical Paths under _isr in COMRAM

    None.

Critical Paths under _main in BANK0

    None.

Critical Paths under _isr in BANK0

    None.

Critical Paths under _main in BANK1

    None.

Critical Paths under _isr in BANK1

    None.

Critical Paths under _main in BANK2

    None.

Critical Paths under _isr in BANK2

    None.

Critical Paths under _main in BANK3

    None.

Critical Paths under _isr in BANK3

    None.

Critical Paths under _main in BANK4

    None.

Critical Paths under _isr in BANK4

    None.

Critical Paths under _main in BANK5

    None.

Critical Paths under _isr in BANK5

    None.

Call Graph Tables:

 ---------------------------------------------------------------------------------
 (Depth) Function   	        Calls       Base Space   Used Autos Params    Refs
 ---------------------------------------------------------------------------------
 (0) _main                                                 0     0      0    1576
                        _init_config
                _process_canbus_data
 ---------------------------------------------------------------------------------
 (1) _process_canbus_data                                 16    16      0    1517
                                             18 COMRAM    16    16      0
                        _can_receive
                         _clcd_print
            _handle_engine_temp_data
                   _handle_gear_data
              _handle_indicator_data
                    _handle_rpm_data
                  _handle_speed_data
 ---------------------------------------------------------------------------------
 (2) _handle_speed_data                                    2     0      2     166
                                              5 COMRAM     2     0      2
                         _clcd_print
 ---------------------------------------------------------------------------------
 (2) _handle_rpm_data                                      2     0      2     166
                                              5 COMRAM     2     0      2
                         _clcd_print
 ---------------------------------------------------------------------------------
 (2) _handle_indicator_data                                3     1      2     232
                                              5 COMRAM     3     1      2
                         _clcd_print
 ---------------------------------------------------------------------------------
 (2) _handle_gear_data                                     2     0      2     166
                                              5 COMRAM     2     0      2
                         _clcd_print
 ---------------------------------------------------------------------------------
 (3) _clcd_print                                           3     0      3     142
                                              2 COMRAM     3     0      3
                         _clcd_write
 ---------------------------------------------------------------------------------
 (2) _handle_engine_temp_data                              2     0      2       2
                                              0 COMRAM     2     0      2
 ---------------------------------------------------------------------------------
 (2) _can_receive                                         10     7      3     228
                                              8 COMRAM    10     7      3
                     _get_msg_id_std
 ---------------------------------------------------------------------------------
 (3) _get_msg_id_std                                       8     6      2      24
                                              0 COMRAM     8     6      2
 ---------------------------------------------------------------------------------
 (1) _init_config                                          0     0      0      59
                           _init_can
                          _init_clcd
                          _init_leds
                        _init_timer0
 ---------------------------------------------------------------------------------
 (2) _init_timer0                                          0     0      0       0
 ---------------------------------------------------------------------------------
 (2) _init_leds                                            0     0      0       0
 ---------------------------------------------------------------------------------
 (2) _init_clcd                                            0     0      0      59
                         _clcd_write
 ---------------------------------------------------------------------------------
 (4) _clcd_write                                           2     1      1      59
                                              0 COMRAM     2     1      1
 ---------------------------------------------------------------------------------
 (2) _init_can                                             0     0      0       0
 ---------------------------------------------------------------------------------
 Estimated maximum stack depth 4
 ---------------------------------------------------------------------------------
 (Depth) Function   	        Calls       Base Space   Used Autos Params    Refs
 ---------------------------------------------------------------------------------
 (5) _isr                                                  0     0      0       0
 ---------------------------------------------------------------------------------
 Estimated maximum stack depth 5
 ---------------------------------------------------------------------------------

 Call Graph Graphs:

 _main (ROOT)
   _init_config
     _init_can
     _init_clcd
       _clcd_write
     _init_leds
     _init_timer0
   _process_canbus_data
     _can_receive
       _get_msg_id_std
     _clcd_print
       _clcd_write
     _handle_engine_temp_data
     _handle_gear_data
       _clcd_print
     _handle_indicator_data
       _clcd_print
     _handle_rpm_data
       _clcd_print
     _handle_speed_data
       _clcd_print

 _isr (ROOT)

Address spaces:
Name               Size   Autos  Total    Usage
BIGRAM            1535      0       0      0.0%
BITBIGSFRllh       410      0       0      0.0%
BITBANK5           256      0       0      0.0%
BANK5              256      0       0      0.0%
BITBANK4           256      0       0      0.0%
BANK4              256      0       0      0.0%
BITBANK3           256      0       0      0.0%
BANK3              256      0       0      0.0%
BITBANK2           256      0       0      0.0%
BANK2              256      0       0      0.0%
BITBANK1           256      0       0      0.0%
BANK1              256      0       0      0.0%
BITBIGSFRlll       212      0       0      0.0%
BITBANK0           160      0       0      0.0%
BANK0              160      0       0      0.0%
BITCOMRAM           94      0       0      0.0%
COMRAM              94     34      39     41.5%
BITBIGSFRh          82      0       0      0.0%
BITBIGSFRlh         61      0       0      0.0%
STACK                0      0       0      0.0%
DATA                 0      0      39      0.0%


Microchip Technology PIC18 Macro Assembler V3.10 build 20250813170317 
Symbol Table                                                                                   Thu Jul  9 08:47:51 2026

                 clcd_print@addr 0006                   clcd_print@data 0004                               l22 04EC  
                             l19 0518                               l83 0388                               l84 03A6  
                             l87 03E0                               u70 0388                               u71 0384  
                ?_get_msg_id_std 0002                              l102 02A6                              l104 02B6  
                            l124 0416                              l125 041A                              l134 0322  
                            l128 044E                              l233 0500                              l180 04B6  
                            l190 0222                              l174 0496                              l193 051A  
                            l177 04D6                              l199 012E                              _GIE 7F97  
                            _RB0 7C08                              _RB1 7C09                              _RC0 7C10  
                            _RC1 7C11                              _RC2 7C12                              _RB6 7C0E  
                            _RB7 7C0F                              _RD7 7C1F                              u400 0416  
                            u401 0412                              u410 02EA                              u420 0312  
                            u500 019E                              u501 0198                              u430 0322  
                            u431 031E                              u440 0232                              u520 01B8  
                            u600 0066                              u441 022E                              u417 02E0  
                            u521 01B4                              u601 0062                              u450 02A6  
                            u530 01D8                              u610 0080                              u451 02A2  
                            u427 0308                              u531 01D4                              u515 01A0  
                            u611 007C                              u380 03F4                              u540 01EE  
                            u460 0156                              u381 03EE                              u541 01E8  
                            u461 0152                              u470 0176                              u471 0172  
                            u560 0200                              u480 018C                              u561 01FA  
                            u481 0186                              u395 03F6                              u555 01F0  
                            u580 021A                              u581 0216                              u590 0054  
                            u575 0202                              u495 018E                              u591 0050  
                            _PSA 7EAB                              _RX9 7D5E                              _TX9 7D66  
          ??_process_canbus_data 0014                              _sec 0026                              _isr 0008  
              can_receive@msg_id 000A                              wreg 0FE8                             l1111 0512  
                           l1113 0516                             l1131 0370                             l1141 039A  
                           l1133 0374                             l1143 039E                             l1135 0376  
                           l1151 04EE                             l1145 03A0                             l1137 038A  
                           l1129 036C                             l1153 04F6                             l1147 03A2  
                           l1139 0396                             l1411 041C                             l1155 04FC  
                           l1403 02B8                             l1149 03A4                             l1421 043A  
                           l1413 041E                             l1157 04FE                             l1405 02C6  
                           l1501 0038                             l1423 0444                             l1415 0424  
                           l1431 024E                             l1407 02EE                             l1511 0086  
                           l1503 0054                             l1417 0426                             l1433 0256  
                           l1441 02AE                             l1425 0224                             l1409 02F2  
                           l1521 00DA                             l1513 009A                             l1419 0430  
                           l1435 0260                             l1427 0232                             l1451 013E  
                           l1443 0478                             l1515 00AA                             l1507 006A  
                           l1531 0502                             l1381 03FC                             l1437 0278  
                           l1429 0244                             l1445 04B8                             l1461 018E  
                           l1453 0156                             l1517 00BA                             l1525 00EA  
                           l1509 0080                             l1533 0506                             l1391 0406  
                           l1383 03FE                             l1375 03E4                             l1439 027C  
                           l1471 01DE                             l1455 015A                             l1463 01A0  
                           l1447 0498                             l1519 00CA                             l1393 0408  
                           l1385 0400                             l1377 03F6                             l1481 04DC  
                           l1473 01F0                             l1465 01B8                             l1457 0176  
                           l1449 0130                             l1387 0402                             l1379 03FA  
                           l1483 04E0                             l1395 03A8                             l1467 01BC  
                           l1475 0202                             l1459 017C                             l1491 001E  
                           l1389 0404                             l1485 04E4                             l1397 03A8  
                           l1477 021A                             l1469 01D8                             l1557 0100  
                           l1493 002E                             l1487 04E6                             l1479 04D8  
                           l1399 03D8                             l1489 0012                             l1499 0034  
                           ?_isr 0002                             STR_1 2FFD                             STR_2 2FFC  
                           STR_3 2FFD                             STR_4 2FEB                             _BRGH 7D62  
                           _CREN 7D5C                             _T0CS 7EAD                             _PEIE 7F96  
                           _RCIF 7CF5                             _TMR0 0FD6                             _SPEN 7D5F  
                           _TXEN 7D65                             _TXIF 7CF4                             _SYNC 7D64  
                           _main 0502                             fsr0h 0FEA                             fsr1h 0FE2  
                           indf0 0FEF                             fsr2h 0FDA                             fsr0l 0FE9  
                           indf1 0FE7                             indf2 0FDF                             fsr1l 0FE1  
                           fsr2l 0FD9                             btemp 0001               handle_rpm_data@len 0008  
                           start 000E                     ___param_bank 0000                   clcd_write@byte 0003  
                          ??_isr 0002                            ?_main 0002                            _BRG16 7DC3  
                          i2l216 0368                     ?_init_config 0002                            _RCREG 0FAE  
                          _SENDB 7D63                            _SPBRG 0FAF                            _PORTB 0F81  
                          _PORTC 0F82                            _PORTD 0F83                            _TRISB 0F93  
                          _TRISC 0F94                            _TRISD 0F95                            _TXREG 0FAD  
                   ?_init_timer0 0002                            btemp0 0001                            btemp1 0002  
            handle_rpm_data@data 0007                            tablat 0FF5                            status 0FD8  
                __initialization 0450                     __end_of_main 0512                  _handle_rpm_data 0498  
         process_canbus_data@len 0022                           ??_main 0024           process_canbus_data@str 0016  
                  __activetblptr 0002             handle_speed_data@len 0008                           _CANCON 0F6F  
                         _T08BIT 7EAE         handle_indicator_data@len 0008                           i2l1321 035E  
                         i2l1323 0362                           i2l1315 0326                           i2l1317 0334  
                         i2l1319 0340                           _RXB0D0 0F66                           _RXB0IF 7D20  
                         _TMR0IE 7F95                           _TMR0IF 7F92                           _TXB0D0 0F46  
                         _TMR0ON 7EAF                           _TRISB2 7C9A                           _TRISB3 7C9B  
                         _TRISC6 7CA6                           _TRISC7 7CA7                           _TRISD7 7CAF  
          _handle_indicator_data 0130                 __end_of_init_can 03A8                           isa$std 0001  
                   __pdataCOMRAM 0028                 _handle_gear_data 04B8                     __mediumconst 2FEA  
                         tblptrh 0FF7                           tblptrl 0FF6                           tblptru 0FF8  
                     __accesstop 0060          __end_of__initialization 046A                   can_receive@len 000C  
                 can_receive@ptr 0010                    ___rparam_used 0001                 ??_get_msg_id_std 0004  
        __end_of_handle_rpm_data 04B8                   __pcstackCOMRAM 0002                 get_msg_id_std@id 0008  
        _handle_engine_temp_data 051A             process_canbus_data@i 001E           ?_handle_indicator_data 0007  
                     _clcd_print 02B8                       _clcd_write 03E2            handle_speed_data@data 0007  
    __end_of_process_canbus_data 0130                          _ECANCON 0F77                          _CANSTAT 0F6E  
                        _BRGCON1 0F70                          _BRGCON2 0F71                          _BRGCON3 0F72  
                        i2u33_40 0334                          i2u33_41 0330                          i2u34_40 035E  
                        i2u34_41 035A                          _RXB0DLC 0F65                          _RXB0CON 0F60  
                        _RXB0FUL 7B07                          _TXB0DLC 0F45                          _TXB0REQ 7A03  
                        _RXFCON0 0DD4                        ?_init_can 0002                          __Hparam 0000  
                        __Lparam 0000        ??_handle_engine_temp_data 0004                 ?_handle_rpm_data 0007  
                  ??_can_receive 000D                          __pcinit 0450                          __ramtop 0600  
                        __ptext0 0502                          __ptext1 0012                          __ptext2 0478  
                        __ptext3 0498                          __ptext4 0130                          __ptext5 04B8  
                        __ptext6 02B8                          __ptext7 051A                          __ptext8 0224  
                        __ptext9 03A8                __end_of_init_clcd 0450                __end_of_init_leds 051A  
    handle_engine_temp_data@data 0002                   __pintcode_body 0324             end_of_initialization 046A  
                     ??_init_can 0002                    __Lmediumconst 2FEA                          int_func 0324  
                    ?_clcd_print 0004                      ?_clcd_write 0002         __end_of_handle_gear_data 04D8  
                        postdec2 0FDD                          postinc2 0FDE              __end_of_can_receive 02B8  
__end_of_handle_engine_temp_data 051C                  can_receive@data 000B                    __pidataCOMRAM 3000  
            start_initialization 0450                     can_receive@i 0012                      __end_of_isr 036C  
        ??_handle_indicator_data 0009                _handle_speed_data 0478                      _can_receive 0224  
             ?_handle_speed_data 0007                    ??_init_config 0004              ??_handle_speed_data 0009  
                  ??_init_timer0 0002                      __pbssCOMRAM 0024        __end_of_handle_speed_data 0498  
                      __pintcode 0008                    __pmediumconst 2FEA                      __smallconst 2FEA  
                      _init_clcd 041C                        _init_leds 0512              __end_of_init_config 04EE  
            __end_of_init_timer0 0502       handle_engine_temp_data@len 0003                     ??_clcd_print 0007  
                   ??_clcd_write 0003                ?_handle_gear_data 0007                         _RXB0SIDH 0F61  
                       _RXB0SIDL 0F62                         _TXB0EIDH 0F43                         _TXB0EIDL 0F44  
             ??_handle_gear_data 0009                         _TXB0SIDH 0F41                         _TXB0SIDL 0F42  
          clcd_write@control_bit 0002               __end_of_clcd_print 0324               __end_of_clcd_write 041C  
                     ?_init_clcd 0002                       ?_init_leds 0002         ?_handle_engine_temp_data 0002  
                       __Hrparam 0000                         __Lrparam 0000        process_canbus_data@msg_id 0020  
                    _init_config 04D8                      _init_timer0 04EE                         __ptext10 04D8  
                       __ptext11 04EE                         __ptext12 0512                         __ptext13 041C  
                       __ptext14 03E2                         __ptext15 036C    __end_of_handle_indicator_data 0224  
                       _init_can 036C          read_digital_keypad@once 0028             handle_gear_data@data 0007  
                       isa$xinst 0000                     ?_can_receive 000A                         int$flags 0001  
                 _get_msg_id_std 03A8                      _RXB0CONbits 0F60                         isr@count 0024  
                    ??_init_clcd 0004                      ??_init_leds 0002                ??_handle_rpm_data 0009  
                       intlevel2 0000              _process_canbus_data 0012              handle_gear_data@len 0008  
      handle_indicator_data@data 0007           __end_of_get_msg_id_std 03E2             ?_process_canbus_data 0002  
