

Microchip MPLAB XC8 Assembler V3.10 build 20250813170317 
                                                                                               Thu Jul  9 08:48:09 2026

Microchip MPLAB XC8 C Compiler v3.10 (Free license) build 20250813170317 Og1 
     1                           	processor	18F4580
     2                           	fnconf	rparam,??,?,0
     3                           	pagewidth 120
     4                           	opt	flic
     5                           	psect	idataCOMRAM,global,class=CODE,space=0,delta=1,noexec
     6                           	psect	mediumconst,global,reloc=2,class=MEDIUMCONST,space=0,delta=1,noexec
     7                           	psect	cinit,global,reloc=2,class=CODE,space=0,delta=1
     8                           	psect	bssCOMRAM,global,class=COMRAM,space=1,delta=1,lowdata,noexec
     9                           	psect	dataCOMRAM,global,class=COMRAM,space=1,delta=1,lowdata,noexec
    10                           	psect	cstackCOMRAM,global,class=COMRAM,space=1,delta=1,lowdata,noexec
    11                           	psect	text0,global,reloc=2,class=CODE,space=0,delta=1
    12                           	psect	text1,global,reloc=2,class=CODE,space=0,delta=1
    13                           	psect	text2,global,reloc=2,class=CODE,space=0,delta=1
    14                           	psect	text3,global,reloc=2,class=CODE,space=0,delta=1
    15                           	psect	text4,global,reloc=2,class=CODE,space=0,delta=1
    16                           	psect	text5,global,reloc=2,class=CODE,space=0,delta=1,group=1
    17                           	psect	text6,global,reloc=2,class=CODE,space=0,delta=1,group=1
    18                           	psect	text7,global,reloc=2,class=CODE,space=0,delta=1
    19                           	psect	text8,global,reloc=2,class=CODE,space=0,delta=1
    20                           	psect	text9,global,reloc=2,class=CODE,space=0,delta=1
    21                           	psect	text10,global,reloc=2,class=CODE,space=0,delta=1
    22                           	psect	text11,global,reloc=2,class=CODE,space=0,delta=1
    23                           	psect	text12,global,reloc=2,class=CODE,space=0,delta=1
    24                           	psect	text13,global,reloc=2,class=CODE,space=0,delta=1
    25                           	psect	text14,global,reloc=2,class=CODE,space=0,delta=1
    26                           	psect	text15,global,reloc=2,class=CODE,space=0,delta=1,group=1
    27                           	psect	text16,global,reloc=2,class=CODE,space=0,delta=1
    28                           	psect	text17,global,reloc=2,class=CODE,space=0,delta=1
    29                           	psect	intsave_regs,global,class=BIGRAM,space=1,delta=1,noexec
    30                           	psect	rparam,global,class=COMRAM,space=1,delta=1,noexec
    31                           	psect	idloc,global,abs,ovrld,class=IDLOC,space=5,delta=1,noexec
    32                           	psect	config,global,abs,ovrld,class=CONFIG,space=4,delta=1,noexec
    33   000000                     
    34                           ; Version 2.20
    35                           ; Generated 12/02/2020 GMT
    36                           ; 
    37                           ; Copyright © 2020, Microchip Technology Inc. and its subsidiaries ("Microchip")
    38                           ; All rights reserved.
    39                           ; 
    40                           ; This software is developed by Microchip Technology Inc. and its subsidiaries ("Microch
      +                          ip").
    41                           ; 
    42                           ; Redistribution and use in source and binary forms, with or without modification, are
    43                           ; permitted provided that the following conditions are met:
    44                           ; 
    45                           ;     1. Redistributions of source code must retain the above copyright notice, this lis
      +                          t of
    46                           ;        conditions and the following disclaimer.
    47                           ; 
    48                           ;     2. Redistributions in binary form must reproduce the above copyright notice, this 
      +                          list
    49                           ;        of conditions and the following disclaimer in the documentation and/or other
    50                           ;        materials provided with the distribution.
    51                           ; 
    52                           ;     3. Microchip's name may not be used to endorse or promote products derived from th
      +                          is
    53                           ;        software without specific prior written permission.
    54                           ; 
    55                           ; THIS SOFTWARE IS PROVIDED BY MICROCHIP "AS IS" AND ANY EXPRESS OR IMPLIED WARRANTIES,
    56                           ; INCLUDING, BUT NOT LIMITED TO, THE IMPLIED WARRANTIES OF MERCHANTABILITY AND FITNESS F
      +                          OR
    57                           ; PURPOSE ARE DISCLAIMED.  IN NO EVENT SHALL MICROCHIP BE LIABLE FOR ANY DIRECT, INDIREC
      +                          T,
    58                           ; INCIDENTAL, SPECIAL, EXEMPLARY, OR CONSEQUENTIAL DAMAGES (INCLUDING BUT NOT LIMITED TO
    59                           ; PROCUREMENT OF SUBSTITUTE GOODS OR SERVICES; LOSS OF USE, DATA OR PROFITS; OR BUSINESS
    60                           ; INTERRUPTION) HOWSOEVER CAUSED AND ON ANY THEORY OF LIABILITY, WHETHER IN CONTRACT, ST
      +                          RICT
    61                           ; LIABILITY, OR TORT (INCLUDING NEGLIGENCE OR OTHERWISE) ARISING IN ANY WAY OUT OF THE U
      +                          SE OF
    62                           ; THIS SOFTWARE, EVEN IF ADVISED OF THE POSSIBILITY OF SUCH DAMAGE.
    63                           ; 
    64                           ; 
    65                           ; Code-generator required, PIC18F4580 Definitions
    66                           ; 
    67                           ; SFR Addresses
    68   000FE0                     bsr             equ	4064
    69   000FE9                     fsr0            equ	4073
    70   000FEA                     fsr0h           equ	4074
    71   000FE9                     fsr0l           equ	4073
    72   000FE1                     fsr1            equ	4065
    73   000FE2                     fsr1h           equ	4066
    74   000FE1                     fsr1l           equ	4065
    75   000FD9                     fsr2            equ	4057
    76   000FDA                     fsr2h           equ	4058
    77   000FD9                     fsr2l           equ	4057
    78   000FEF                     indf0           equ	4079
    79   000FE7                     indf1           equ	4071
    80   000FDF                     indf2           equ	4063
    81   000FF2                     intcon          equ	4082
    82   000000                     nvmcon          equ	0
    83   000FF9                     pcl             equ	4089
    84   000FFA                     pclath          equ	4090
    85   000FFB                     pclatu          equ	4091
    86   000FEB                     plusw0          equ	4075
    87   000FE3                     plusw1          equ	4067
    88   000FDB                     plusw2          equ	4059
    89   000FED                     postdec0        equ	4077
    90   000FE5                     postdec1        equ	4069
    91   000FDD                     postdec2        equ	4061
    92   000FEE                     postinc0        equ	4078
    93   000FE6                     postinc1        equ	4070
    94   000FDE                     postinc2        equ	4062
    95   000FEC                     preinc0         equ	4076
    96   000FE4                     preinc1         equ	4068
    97   000FDC                     preinc2         equ	4060
    98   000FF3                     prod            equ	4083
    99   000FF4                     prodh           equ	4084
   100   000FF3                     prodl           equ	4083
   101   000FD8                     status          equ	4056
   102   000FF5                     tablat          equ	4085
   103   000FF6                     tblptr          equ	4086
   104   000FF7                     tblptrh         equ	4087
   105   000FF6                     tblptrl         equ	4086
   106   000FF8                     tblptru         equ	4088
   107   000FFD                     tosl            equ	4093
   108   000FE8                     wreg            equ	4072
   109   000D60                     RXF6SIDH        equ	3424	;# 
   110   000D61                     RXF6SIDL        equ	3425	;# 
   111   000D62                     RXF6EIDH        equ	3426	;# 
   112   000D63                     RXF6EIDL        equ	3427	;# 
   113   000D64                     RXF7SIDH        equ	3428	;# 
   114   000D65                     RXF7SIDL        equ	3429	;# 
   115   000D66                     RXF7EIDH        equ	3430	;# 
   116   000D67                     RXF7EIDL        equ	3431	;# 
   117   000D68                     RXF8SIDH        equ	3432	;# 
   118   000D69                     RXF8SIDL        equ	3433	;# 
   119   000D6A                     RXF8EIDH        equ	3434	;# 
   120   000D6B                     RXF8EIDL        equ	3435	;# 
   121   000D70                     RXF9SIDH        equ	3440	;# 
   122   000D71                     RXF9SIDL        equ	3441	;# 
   123   000D72                     RXF9EIDH        equ	3442	;# 
   124   000D73                     RXF9EIDL        equ	3443	;# 
   125   000D74                     RXF10SIDH       equ	3444	;# 
   126   000D75                     RXF10SIDL       equ	3445	;# 
   127   000D76                     RXF10EIDH       equ	3446	;# 
   128   000D77                     RXF10EIDL       equ	3447	;# 
   129   000D78                     RXF11SIDH       equ	3448	;# 
   130   000D79                     RXF11SIDL       equ	3449	;# 
   131   000D7A                     RXF11EIDH       equ	3450	;# 
   132   000D7B                     RXF11EIDL       equ	3451	;# 
   133   000D80                     RXF12SIDH       equ	3456	;# 
   134   000D81                     RXF12SIDL       equ	3457	;# 
   135   000D82                     RXF12EIDH       equ	3458	;# 
   136   000D83                     RXF12EIDL       equ	3459	;# 
   137   000D84                     RXF13SIDH       equ	3460	;# 
   138   000D85                     RXF13SIDL       equ	3461	;# 
   139   000D86                     RXF13EIDH       equ	3462	;# 
   140   000D87                     RXF13EIDL       equ	3463	;# 
   141   000D88                     RXF14SIDH       equ	3464	;# 
   142   000D89                     RXF14SIDL       equ	3465	;# 
   143   000D8A                     RXF14EIDH       equ	3466	;# 
   144   000D8B                     RXF14EIDL       equ	3467	;# 
   145   000D90                     RXF15SIDH       equ	3472	;# 
   146   000D91                     RXF15SIDL       equ	3473	;# 
   147   000D92                     RXF15EIDH       equ	3474	;# 
   148   000D93                     RXF15EIDL       equ	3475	;# 
   149   000DD4                     RXFCON0         equ	3540	;# 
   150   000DD5                     RXFCON1         equ	3541	;# 
   151   000DD8                     SDFLC           equ	3544	;# 
   152   000DE0                     RXFBCON0        equ	3552	;# 
   153   000DE1                     RXFBCON1        equ	3553	;# 
   154   000DE2                     RXFBCON2        equ	3554	;# 
   155   000DE3                     RXFBCON3        equ	3555	;# 
   156   000DE4                     RXFBCON4        equ	3556	;# 
   157   000DE5                     RXFBCON5        equ	3557	;# 
   158   000DE6                     RXFBCON6        equ	3558	;# 
   159   000DE7                     RXFBCON7        equ	3559	;# 
   160   000DF0                     MSEL0           equ	3568	;# 
   161   000DF1                     MSEL1           equ	3569	;# 
   162   000DF2                     MSEL2           equ	3570	;# 
   163   000DF3                     MSEL3           equ	3571	;# 
   164   000DF8                     BSEL0           equ	3576	;# 
   165   000DFA                     BIE0            equ	3578	;# 
   166   000DFC                     TXBIE           equ	3580	;# 
   167   000E20                     B0CON           equ	3616	;# 
   168   000E21                     B0SIDH          equ	3617	;# 
   169   000E22                     B0SIDL          equ	3618	;# 
   170   000E23                     B0EIDH          equ	3619	;# 
   171   000E24                     B0EIDL          equ	3620	;# 
   172   000E25                     B0DLC           equ	3621	;# 
   173   000E26                     B0D0            equ	3622	;# 
   174   000E27                     B0D1            equ	3623	;# 
   175   000E28                     B0D2            equ	3624	;# 
   176   000E29                     B0D3            equ	3625	;# 
   177   000E2A                     B0D4            equ	3626	;# 
   178   000E2B                     B0D5            equ	3627	;# 
   179   000E2C                     B0D6            equ	3628	;# 
   180   000E2D                     B0D7            equ	3629	;# 
   181   000E2E                     CANSTAT_RO9     equ	3630	;# 
   182   000E2F                     CANCON_RO9      equ	3631	;# 
   183   000E30                     B1CON           equ	3632	;# 
   184   000E31                     B1SIDH          equ	3633	;# 
   185   000E32                     B1SIDL          equ	3634	;# 
   186   000E33                     B1EIDH          equ	3635	;# 
   187   000E34                     B1EIDL          equ	3636	;# 
   188   000E35                     B1DLC           equ	3637	;# 
   189   000E36                     B1D0            equ	3638	;# 
   190   000E37                     B1D1            equ	3639	;# 
   191   000E38                     B1D2            equ	3640	;# 
   192   000E39                     B1D3            equ	3641	;# 
   193   000E3A                     B1D4            equ	3642	;# 
   194   000E3B                     B1D5            equ	3643	;# 
   195   000E3C                     B1D6            equ	3644	;# 
   196   000E3D                     B1D7            equ	3645	;# 
   197   000E3E                     CANSTAT_RO8     equ	3646	;# 
   198   000E3F                     CANCON_RO8      equ	3647	;# 
   199   000E40                     B2CON           equ	3648	;# 
   200   000E41                     B2SIDH          equ	3649	;# 
   201   000E42                     B2SIDL          equ	3650	;# 
   202   000E43                     B2EIDH          equ	3651	;# 
   203   000E44                     B2EIDL          equ	3652	;# 
   204   000E45                     B2DLC           equ	3653	;# 
   205   000E46                     B2D0            equ	3654	;# 
   206   000E47                     B2D1            equ	3655	;# 
   207   000E48                     B2D2            equ	3656	;# 
   208   000E49                     B2D3            equ	3657	;# 
   209   000E4A                     B2D4            equ	3658	;# 
   210   000E4B                     B2D5            equ	3659	;# 
   211   000E4C                     B2D6            equ	3660	;# 
   212   000E4D                     B2D7            equ	3661	;# 
   213   000E4E                     CANSTAT_RO7     equ	3662	;# 
   214   000E4F                     CANCON_RO7      equ	3663	;# 
   215   000E50                     B3CON           equ	3664	;# 
   216   000E51                     B3SIDH          equ	3665	;# 
   217   000E52                     B3SIDL          equ	3666	;# 
   218   000E53                     B3EIDH          equ	3667	;# 
   219   000E54                     B3EIDL          equ	3668	;# 
   220   000E55                     B3DLC           equ	3669	;# 
   221   000E56                     B3D0            equ	3670	;# 
   222   000E57                     B3D1            equ	3671	;# 
   223   000E58                     B3D2            equ	3672	;# 
   224   000E59                     B3D3            equ	3673	;# 
   225   000E5A                     B3D4            equ	3674	;# 
   226   000E5B                     B3D5            equ	3675	;# 
   227   000E5C                     B3D6            equ	3676	;# 
   228   000E5D                     B3D7            equ	3677	;# 
   229   000E5E                     CANSTAT_RO6     equ	3678	;# 
   230   000E5F                     CANCON_RO6      equ	3679	;# 
   231   000E60                     B4CON           equ	3680	;# 
   232   000E61                     B4SIDH          equ	3681	;# 
   233   000E62                     B4SIDL          equ	3682	;# 
   234   000E63                     B4EIDH          equ	3683	;# 
   235   000E64                     B4EIDL          equ	3684	;# 
   236   000E65                     B4DLC           equ	3685	;# 
   237   000E66                     B4D0            equ	3686	;# 
   238   000E67                     B4D1            equ	3687	;# 
   239   000E68                     B4D2            equ	3688	;# 
   240   000E69                     B4D3            equ	3689	;# 
   241   000E6A                     B4D4            equ	3690	;# 
   242   000E6B                     B4D5            equ	3691	;# 
   243   000E6C                     B4D6            equ	3692	;# 
   244   000E6D                     B4D7            equ	3693	;# 
   245   000E6E                     CANSTAT_RO5     equ	3694	;# 
   246   000E6F                     CANCON_RO5      equ	3695	;# 
   247   000E70                     B5CON           equ	3696	;# 
   248   000E71                     B5SIDH          equ	3697	;# 
   249   000E72                     B5SIDL          equ	3698	;# 
   250   000E73                     B5EIDH          equ	3699	;# 
   251   000E74                     B5EIDL          equ	3700	;# 
   252   000E75                     B5DLC           equ	3701	;# 
   253   000E76                     B5D0            equ	3702	;# 
   254   000E77                     B5D1            equ	3703	;# 
   255   000E78                     B5D2            equ	3704	;# 
   256   000E79                     B5D3            equ	3705	;# 
   257   000E7A                     B5D4            equ	3706	;# 
   258   000E7B                     B5D5            equ	3707	;# 
   259   000E7C                     B5D6            equ	3708	;# 
   260   000E7D                     B5D7            equ	3709	;# 
   261   000E7E                     CANSTAT_RO4     equ	3710	;# 
   262   000E7F                     CANCON_RO4      equ	3711	;# 
   263   000F00                     RXF0SIDH        equ	3840	;# 
   264   000F01                     RXF0SIDL        equ	3841	;# 
   265   000F02                     RXF0EIDH        equ	3842	;# 
   266   000F03                     RXF0EIDL        equ	3843	;# 
   267   000F04                     RXF1SIDH        equ	3844	;# 
   268   000F05                     RXF1SIDL        equ	3845	;# 
   269   000F06                     RXF1EIDH        equ	3846	;# 
   270   000F07                     RXF1EIDL        equ	3847	;# 
   271   000F08                     RXF2SIDH        equ	3848	;# 
   272   000F09                     RXF2SIDL        equ	3849	;# 
   273   000F0A                     RXF2EIDH        equ	3850	;# 
   274   000F0B                     RXF2EIDL        equ	3851	;# 
   275   000F0C                     RXF3SIDH        equ	3852	;# 
   276   000F0D                     RXF3SIDL        equ	3853	;# 
   277   000F0E                     RXF3EIDH        equ	3854	;# 
   278   000F0F                     RXF3EIDL        equ	3855	;# 
   279   000F10                     RXF4SIDH        equ	3856	;# 
   280   000F11                     RXF4SIDL        equ	3857	;# 
   281   000F12                     RXF4EIDH        equ	3858	;# 
   282   000F13                     RXF4EIDL        equ	3859	;# 
   283   000F14                     RXF5SIDH        equ	3860	;# 
   284   000F15                     RXF5SIDL        equ	3861	;# 
   285   000F16                     RXF5EIDH        equ	3862	;# 
   286   000F17                     RXF5EIDL        equ	3863	;# 
   287   000F18                     RXM0SIDH        equ	3864	;# 
   288   000F19                     RXM0SIDL        equ	3865	;# 
   289   000F1A                     RXM0EIDH        equ	3866	;# 
   290   000F1B                     RXM0EIDL        equ	3867	;# 
   291   000F1C                     RXM1SIDH        equ	3868	;# 
   292   000F1D                     RXM1SIDL        equ	3869	;# 
   293   000F1E                     RXM1EIDH        equ	3870	;# 
   294   000F1F                     RXM1EIDL        equ	3871	;# 
   295   000F20                     TXB2CON         equ	3872	;# 
   296   000F21                     TXB2SIDH        equ	3873	;# 
   297   000F22                     TXB2SIDL        equ	3874	;# 
   298   000F23                     TXB2EIDH        equ	3875	;# 
   299   000F24                     TXB2EIDL        equ	3876	;# 
   300   000F25                     TXB2DLC         equ	3877	;# 
   301   000F26                     TXB2D0          equ	3878	;# 
   302   000F27                     TXB2D1          equ	3879	;# 
   303   000F28                     TXB2D2          equ	3880	;# 
   304   000F29                     TXB2D3          equ	3881	;# 
   305   000F2A                     TXB2D4          equ	3882	;# 
   306   000F2B                     TXB2D5          equ	3883	;# 
   307   000F2C                     TXB2D6          equ	3884	;# 
   308   000F2D                     TXB2D7          equ	3885	;# 
   309   000F2E                     CANSTAT_RO3     equ	3886	;# 
   310   000F2F                     CANCON_RO3      equ	3887	;# 
   311   000F30                     TXB1CON         equ	3888	;# 
   312   000F31                     TXB1SIDH        equ	3889	;# 
   313   000F32                     TXB1SIDL        equ	3890	;# 
   314   000F33                     TXB1EIDH        equ	3891	;# 
   315   000F34                     TXB1EIDL        equ	3892	;# 
   316   000F35                     TXB1DLC         equ	3893	;# 
   317   000F36                     TXB1D0          equ	3894	;# 
   318   000F37                     TXB1D1          equ	3895	;# 
   319   000F38                     TXB1D2          equ	3896	;# 
   320   000F39                     TXB1D3          equ	3897	;# 
   321   000F3A                     TXB1D4          equ	3898	;# 
   322   000F3B                     TXB1D5          equ	3899	;# 
   323   000F3C                     TXB1D6          equ	3900	;# 
   324   000F3D                     TXB1D7          equ	3901	;# 
   325   000F3E                     CANSTAT_RO2     equ	3902	;# 
   326   000F3F                     CANCON_RO2      equ	3903	;# 
   327   000F40                     TXB0CON         equ	3904	;# 
   328   000F41                     TXB0SIDH        equ	3905	;# 
   329   000F42                     TXB0SIDL        equ	3906	;# 
   330   000F43                     TXB0EIDH        equ	3907	;# 
   331   000F44                     TXB0EIDL        equ	3908	;# 
   332   000F45                     TXB0DLC         equ	3909	;# 
   333   000F46                     TXB0D0          equ	3910	;# 
   334   000F47                     TXB0D1          equ	3911	;# 
   335   000F48                     TXB0D2          equ	3912	;# 
   336   000F49                     TXB0D3          equ	3913	;# 
   337   000F4A                     TXB0D4          equ	3914	;# 
   338   000F4B                     TXB0D5          equ	3915	;# 
   339   000F4C                     TXB0D6          equ	3916	;# 
   340   000F4D                     TXB0D7          equ	3917	;# 
   341   000F4E                     CANSTAT_RO1     equ	3918	;# 
   342   000F4F                     CANCON_RO1      equ	3919	;# 
   343   000F50                     RXB1CON         equ	3920	;# 
   344   000F51                     RXB1SIDH        equ	3921	;# 
   345   000F52                     RXB1SIDL        equ	3922	;# 
   346   000F53                     RXB1EIDH        equ	3923	;# 
   347   000F54                     RXB1EIDL        equ	3924	;# 
   348   000F55                     RXB1DLC         equ	3925	;# 
   349   000F56                     RXB1D0          equ	3926	;# 
   350   000F57                     RXB1D1          equ	3927	;# 
   351   000F58                     RXB1D2          equ	3928	;# 
   352   000F59                     RXB1D3          equ	3929	;# 
   353   000F5A                     RXB1D4          equ	3930	;# 
   354   000F5B                     RXB1D5          equ	3931	;# 
   355   000F5C                     RXB1D6          equ	3932	;# 
   356   000F5D                     RXB1D7          equ	3933	;# 
   357   000F5E                     CANSTAT_RO0     equ	3934	;# 
   358   000F5F                     CANCON_RO0      equ	3935	;# 
   359   000F60                     RXB0CON         equ	3936	;# 
   360   000F61                     RXB0SIDH        equ	3937	;# 
   361   000F62                     RXB0SIDL        equ	3938	;# 
   362   000F63                     RXB0EIDH        equ	3939	;# 
   363   000F64                     RXB0EIDL        equ	3940	;# 
   364   000F65                     RXB0DLC         equ	3941	;# 
   365   000F66                     RXB0D0          equ	3942	;# 
   366   000F67                     RXB0D1          equ	3943	;# 
   367   000F68                     RXB0D2          equ	3944	;# 
   368   000F69                     RXB0D3          equ	3945	;# 
   369   000F6A                     RXB0D4          equ	3946	;# 
   370   000F6B                     RXB0D5          equ	3947	;# 
   371   000F6C                     RXB0D6          equ	3948	;# 
   372   000F6D                     RXB0D7          equ	3949	;# 
   373   000F6E                     CANSTAT         equ	3950	;# 
   374   000F6F                     CANCON          equ	3951	;# 
   375   000F70                     BRGCON1         equ	3952	;# 
   376   000F71                     BRGCON2         equ	3953	;# 
   377   000F72                     BRGCON3         equ	3954	;# 
   378   000F73                     CIOCON          equ	3955	;# 
   379   000F74                     COMSTAT         equ	3956	;# 
   380   000F75                     RXERRCNT        equ	3957	;# 
   381   000F76                     TXERRCNT        equ	3958	;# 
   382   000F77                     ECANCON         equ	3959	;# 
   383   000F80                     PORTA           equ	3968	;# 
   384   000F81                     PORTB           equ	3969	;# 
   385   000F82                     PORTC           equ	3970	;# 
   386   000F83                     PORTD           equ	3971	;# 
   387   000F84                     PORTE           equ	3972	;# 
   388   000F89                     LATA            equ	3977	;# 
   389   000F8A                     LATB            equ	3978	;# 
   390   000F8B                     LATC            equ	3979	;# 
   391   000F8C                     LATD            equ	3980	;# 
   392   000F8D                     LATE            equ	3981	;# 
   393   000F92                     TRISA           equ	3986	;# 
   394   000F92                     DDRA            equ	3986	;# 
   395   000F93                     TRISB           equ	3987	;# 
   396   000F93                     DDRB            equ	3987	;# 
   397   000F94                     TRISC           equ	3988	;# 
   398   000F94                     DDRC            equ	3988	;# 
   399   000F95                     TRISD           equ	3989	;# 
   400   000F95                     DDRD            equ	3989	;# 
   401   000F96                     TRISE           equ	3990	;# 
   402   000F96                     DDRE            equ	3990	;# 
   403   000F9B                     OSCTUNE         equ	3995	;# 
   404   000F9D                     PIE1            equ	3997	;# 
   405   000F9E                     PIR1            equ	3998	;# 
   406   000F9F                     IPR1            equ	3999	;# 
   407   000FA0                     PIE2            equ	4000	;# 
   408   000FA1                     PIR2            equ	4001	;# 
   409   000FA2                     IPR2            equ	4002	;# 
   410   000FA3                     PIE3            equ	4003	;# 
   411   000FA4                     PIR3            equ	4004	;# 
   412   000FA5                     IPR3            equ	4005	;# 
   413   000FA6                     EECON1          equ	4006	;# 
   414   000FA7                     EECON2          equ	4007	;# 
   415   000FA8                     EEDATA          equ	4008	;# 
   416   000FA9                     EEADR           equ	4009	;# 
   417   000FAB                     RCSTA           equ	4011	;# 
   418   000FAB                     RCSTA1          equ	4011	;# 
   419   000FAC                     TXSTA           equ	4012	;# 
   420   000FAC                     TXSTA1          equ	4012	;# 
   421   000FAD                     TXREG           equ	4013	;# 
   422   000FAD                     TXREG1          equ	4013	;# 
   423   000FAE                     RCREG           equ	4014	;# 
   424   000FAE                     RCREG1          equ	4014	;# 
   425   000FAF                     SPBRG           equ	4015	;# 
   426   000FAF                     SPBRG1          equ	4015	;# 
   427   000FB0                     SPBRGH          equ	4016	;# 
   428   000FB1                     T3CON           equ	4017	;# 
   429   000FB2                     TMR3            equ	4018	;# 
   430   000FB2                     TMR3L           equ	4018	;# 
   431   000FB3                     TMR3H           equ	4019	;# 
   432   000FB4                     CMCON           equ	4020	;# 
   433   000FB5                     CVRCON          equ	4021	;# 
   434   000FB6                     ECCP1AS         equ	4022	;# 
   435   000FB7                     ECCP1DEL        equ	4023	;# 
   436   000FB8                     BAUDCON         equ	4024	;# 
   437   000FB8                     BAUDCTL         equ	4024	;# 
   438   000FBA                     ECCP1CON        equ	4026	;# 
   439   000FBB                     ECCPR1          equ	4027	;# 
   440   000FBB                     ECCPR1L         equ	4027	;# 
   441   000FBC                     ECCPR1H         equ	4028	;# 
   442   000FBD                     CCP1CON         equ	4029	;# 
   443   000FBE                     CCPR1           equ	4030	;# 
   444   000FBE                     CCPR1L          equ	4030	;# 
   445   000FBF                     CCPR1H          equ	4031	;# 
   446   000FC0                     ADCON2          equ	4032	;# 
   447   000FC1                     ADCON1          equ	4033	;# 
   448   000FC2                     ADCON0          equ	4034	;# 
   449   000FC3                     ADRES           equ	4035	;# 
   450   000FC3                     ADRESL          equ	4035	;# 
   451   000FC4                     ADRESH          equ	4036	;# 
   452   000FC5                     SSPCON2         equ	4037	;# 
   453   000FC6                     SSPCON1         equ	4038	;# 
   454   000FC7                     SSPSTAT         equ	4039	;# 
   455   000FC8                     SSPADD          equ	4040	;# 
   456   000FC9                     SSPBUF          equ	4041	;# 
   457   000FCA                     T2CON           equ	4042	;# 
   458   000FCB                     PR2             equ	4043	;# 
   459   000FCB                     MEMCON          equ	4043	;# 
   460   000FCC                     TMR2            equ	4044	;# 
   461   000FCD                     T1CON           equ	4045	;# 
   462   000FCE                     TMR1            equ	4046	;# 
   463   000FCE                     TMR1L           equ	4046	;# 
   464   000FCF                     TMR1H           equ	4047	;# 
   465   000FD0                     RCON            equ	4048	;# 
   466   000FD1                     WDTCON          equ	4049	;# 
   467   000FD2                     HLVDCON         equ	4050	;# 
   468   000FD2                     LVDCON          equ	4050	;# 
   469   000FD3                     OSCCON          equ	4051	;# 
   470   000FD5                     T0CON           equ	4053	;# 
   471   000FD6                     TMR0            equ	4054	;# 
   472   000FD6                     TMR0L           equ	4054	;# 
   473   000FD7                     TMR0H           equ	4055	;# 
   474   000FD8                     STATUS          equ	4056	;# 
   475   000FD9                     FSR2            equ	4057	;# 
   476   000FD9                     FSR2L           equ	4057	;# 
   477   000FDA                     FSR2H           equ	4058	;# 
   478   000FDB                     PLUSW2          equ	4059	;# 
   479   000FDC                     PREINC2         equ	4060	;# 
   480   000FDD                     POSTDEC2        equ	4061	;# 
   481   000FDE                     POSTINC2        equ	4062	;# 
   482   000FDF                     INDF2           equ	4063	;# 
   483   000FE0                     BSR             equ	4064	;# 
   484   000FE1                     FSR1            equ	4065	;# 
   485   000FE1                     FSR1L           equ	4065	;# 
   486   000FE2                     FSR1H           equ	4066	;# 
   487   000FE3                     PLUSW1          equ	4067	;# 
   488   000FE4                     PREINC1         equ	4068	;# 
   489   000FE5                     POSTDEC1        equ	4069	;# 
   490   000FE6                     POSTINC1        equ	4070	;# 
   491   000FE7                     INDF1           equ	4071	;# 
   492   000FE8                     WREG            equ	4072	;# 
   493   000FE9                     FSR0            equ	4073	;# 
   494   000FE9                     FSR0L           equ	4073	;# 
   495   000FEA                     FSR0H           equ	4074	;# 
   496   000FEB                     PLUSW0          equ	4075	;# 
   497   000FEC                     PREINC0         equ	4076	;# 
   498   000FED                     POSTDEC0        equ	4077	;# 
   499   000FEE                     POSTINC0        equ	4078	;# 
   500   000FEF                     INDF0           equ	4079	;# 
   501   000FF0                     INTCON3         equ	4080	;# 
   502   000FF1                     INTCON2         equ	4081	;# 
   503   000FF2                     INTCON          equ	4082	;# 
   504   000FF3                     PROD            equ	4083	;# 
   505   000FF3                     PRODL           equ	4083	;# 
   506   000FF4                     PRODH           equ	4084	;# 
   507   000FF5                     TABLAT          equ	4085	;# 
   508   000FF6                     TBLPTR          equ	4086	;# 
   509   000FF6                     TBLPTRL         equ	4086	;# 
   510   000FF7                     TBLPTRH         equ	4087	;# 
   511   000FF8                     TBLPTRU         equ	4088	;# 
   512   000FF9                     PCLAT           equ	4089	;# 
   513   000FF9                     PC              equ	4089	;# 
   514   000FF9                     PCL             equ	4089	;# 
   515   000FFA                     PCLATH          equ	4090	;# 
   516   000FFB                     PCLATU          equ	4091	;# 
   517   000FFC                     STKPTR          equ	4092	;# 
   518   000FFD                     TOS             equ	4093	;# 
   519   000FFD                     TOSL            equ	4093	;# 
   520   000FFE                     TOSH            equ	4094	;# 
   521   000FFF                     TOSU            equ	4095	;# 
   522   000D60                     RXF6SIDH        equ	3424	;# 
   523   000D61                     RXF6SIDL        equ	3425	;# 
   524   000D62                     RXF6EIDH        equ	3426	;# 
   525   000D63                     RXF6EIDL        equ	3427	;# 
   526   000D64                     RXF7SIDH        equ	3428	;# 
   527   000D65                     RXF7SIDL        equ	3429	;# 
   528   000D66                     RXF7EIDH        equ	3430	;# 
   529   000D67                     RXF7EIDL        equ	3431	;# 
   530   000D68                     RXF8SIDH        equ	3432	;# 
   531   000D69                     RXF8SIDL        equ	3433	;# 
   532   000D6A                     RXF8EIDH        equ	3434	;# 
   533   000D6B                     RXF8EIDL        equ	3435	;# 
   534   000D70                     RXF9SIDH        equ	3440	;# 
   535   000D71                     RXF9SIDL        equ	3441	;# 
   536   000D72                     RXF9EIDH        equ	3442	;# 
   537   000D73                     RXF9EIDL        equ	3443	;# 
   538   000D74                     RXF10SIDH       equ	3444	;# 
   539   000D75                     RXF10SIDL       equ	3445	;# 
   540   000D76                     RXF10EIDH       equ	3446	;# 
   541   000D77                     RXF10EIDL       equ	3447	;# 
   542   000D78                     RXF11SIDH       equ	3448	;# 
   543   000D79                     RXF11SIDL       equ	3449	;# 
   544   000D7A                     RXF11EIDH       equ	3450	;# 
   545   000D7B                     RXF11EIDL       equ	3451	;# 
   546   000D80                     RXF12SIDH       equ	3456	;# 
   547   000D81                     RXF12SIDL       equ	3457	;# 
   548   000D82                     RXF12EIDH       equ	3458	;# 
   549   000D83                     RXF12EIDL       equ	3459	;# 
   550   000D84                     RXF13SIDH       equ	3460	;# 
   551   000D85                     RXF13SIDL       equ	3461	;# 
   552   000D86                     RXF13EIDH       equ	3462	;# 
   553   000D87                     RXF13EIDL       equ	3463	;# 
   554   000D88                     RXF14SIDH       equ	3464	;# 
   555   000D89                     RXF14SIDL       equ	3465	;# 
   556   000D8A                     RXF14EIDH       equ	3466	;# 
   557   000D8B                     RXF14EIDL       equ	3467	;# 
   558   000D90                     RXF15SIDH       equ	3472	;# 
   559   000D91                     RXF15SIDL       equ	3473	;# 
   560   000D92                     RXF15EIDH       equ	3474	;# 
   561   000D93                     RXF15EIDL       equ	3475	;# 
   562   000DD4                     RXFCON0         equ	3540	;# 
   563   000DD5                     RXFCON1         equ	3541	;# 
   564   000DD8                     SDFLC           equ	3544	;# 
   565   000DE0                     RXFBCON0        equ	3552	;# 
   566   000DE1                     RXFBCON1        equ	3553	;# 
   567   000DE2                     RXFBCON2        equ	3554	;# 
   568   000DE3                     RXFBCON3        equ	3555	;# 
   569   000DE4                     RXFBCON4        equ	3556	;# 
   570   000DE5                     RXFBCON5        equ	3557	;# 
   571   000DE6                     RXFBCON6        equ	3558	;# 
   572   000DE7                     RXFBCON7        equ	3559	;# 
   573   000DF0                     MSEL0           equ	3568	;# 
   574   000DF1                     MSEL1           equ	3569	;# 
   575   000DF2                     MSEL2           equ	3570	;# 
   576   000DF3                     MSEL3           equ	3571	;# 
   577   000DF8                     BSEL0           equ	3576	;# 
   578   000DFA                     BIE0            equ	3578	;# 
   579   000DFC                     TXBIE           equ	3580	;# 
   580   000E20                     B0CON           equ	3616	;# 
   581   000E21                     B0SIDH          equ	3617	;# 
   582   000E22                     B0SIDL          equ	3618	;# 
   583   000E23                     B0EIDH          equ	3619	;# 
   584   000E24                     B0EIDL          equ	3620	;# 
   585   000E25                     B0DLC           equ	3621	;# 
   586   000E26                     B0D0            equ	3622	;# 
   587   000E27                     B0D1            equ	3623	;# 
   588   000E28                     B0D2            equ	3624	;# 
   589   000E29                     B0D3            equ	3625	;# 
   590   000E2A                     B0D4            equ	3626	;# 
   591   000E2B                     B0D5            equ	3627	;# 
   592   000E2C                     B0D6            equ	3628	;# 
   593   000E2D                     B0D7            equ	3629	;# 
   594   000E2E                     CANSTAT_RO9     equ	3630	;# 
   595   000E2F                     CANCON_RO9      equ	3631	;# 
   596   000E30                     B1CON           equ	3632	;# 
   597   000E31                     B1SIDH          equ	3633	;# 
   598   000E32                     B1SIDL          equ	3634	;# 
   599   000E33                     B1EIDH          equ	3635	;# 
   600   000E34                     B1EIDL          equ	3636	;# 
   601   000E35                     B1DLC           equ	3637	;# 
   602   000E36                     B1D0            equ	3638	;# 
   603   000E37                     B1D1            equ	3639	;# 
   604   000E38                     B1D2            equ	3640	;# 
   605   000E39                     B1D3            equ	3641	;# 
   606   000E3A                     B1D4            equ	3642	;# 
   607   000E3B                     B1D5            equ	3643	;# 
   608   000E3C                     B1D6            equ	3644	;# 
   609   000E3D                     B1D7            equ	3645	;# 
   610   000E3E                     CANSTAT_RO8     equ	3646	;# 
   611   000E3F                     CANCON_RO8      equ	3647	;# 
   612   000E40                     B2CON           equ	3648	;# 
   613   000E41                     B2SIDH          equ	3649	;# 
   614   000E42                     B2SIDL          equ	3650	;# 
   615   000E43                     B2EIDH          equ	3651	;# 
   616   000E44                     B2EIDL          equ	3652	;# 
   617   000E45                     B2DLC           equ	3653	;# 
   618   000E46                     B2D0            equ	3654	;# 
   619   000E47                     B2D1            equ	3655	;# 
   620   000E48                     B2D2            equ	3656	;# 
   621   000E49                     B2D3            equ	3657	;# 
   622   000E4A                     B2D4            equ	3658	;# 
   623   000E4B                     B2D5            equ	3659	;# 
   624   000E4C                     B2D6            equ	3660	;# 
   625   000E4D                     B2D7            equ	3661	;# 
   626   000E4E                     CANSTAT_RO7     equ	3662	;# 
   627   000E4F                     CANCON_RO7      equ	3663	;# 
   628   000E50                     B3CON           equ	3664	;# 
   629   000E51                     B3SIDH          equ	3665	;# 
   630   000E52                     B3SIDL          equ	3666	;# 
   631   000E53                     B3EIDH          equ	3667	;# 
   632   000E54                     B3EIDL          equ	3668	;# 
   633   000E55                     B3DLC           equ	3669	;# 
   634   000E56                     B3D0            equ	3670	;# 
   635   000E57                     B3D1            equ	3671	;# 
   636   000E58                     B3D2            equ	3672	;# 
   637   000E59                     B3D3            equ	3673	;# 
   638   000E5A                     B3D4            equ	3674	;# 
   639   000E5B                     B3D5            equ	3675	;# 
   640   000E5C                     B3D6            equ	3676	;# 
   641   000E5D                     B3D7            equ	3677	;# 
   642   000E5E                     CANSTAT_RO6     equ	3678	;# 
   643   000E5F                     CANCON_RO6      equ	3679	;# 
   644   000E60                     B4CON           equ	3680	;# 
   645   000E61                     B4SIDH          equ	3681	;# 
   646   000E62                     B4SIDL          equ	3682	;# 
   647   000E63                     B4EIDH          equ	3683	;# 
   648   000E64                     B4EIDL          equ	3684	;# 
   649   000E65                     B4DLC           equ	3685	;# 
   650   000E66                     B4D0            equ	3686	;# 
   651   000E67                     B4D1            equ	3687	;# 
   652   000E68                     B4D2            equ	3688	;# 
   653   000E69                     B4D3            equ	3689	;# 
   654   000E6A                     B4D4            equ	3690	;# 
   655   000E6B                     B4D5            equ	3691	;# 
   656   000E6C                     B4D6            equ	3692	;# 
   657   000E6D                     B4D7            equ	3693	;# 
   658   000E6E                     CANSTAT_RO5     equ	3694	;# 
   659   000E6F                     CANCON_RO5      equ	3695	;# 
   660   000E70                     B5CON           equ	3696	;# 
   661   000E71                     B5SIDH          equ	3697	;# 
   662   000E72                     B5SIDL          equ	3698	;# 
   663   000E73                     B5EIDH          equ	3699	;# 
   664   000E74                     B5EIDL          equ	3700	;# 
   665   000E75                     B5DLC           equ	3701	;# 
   666   000E76                     B5D0            equ	3702	;# 
   667   000E77                     B5D1            equ	3703	;# 
   668   000E78                     B5D2            equ	3704	;# 
   669   000E79                     B5D3            equ	3705	;# 
   670   000E7A                     B5D4            equ	3706	;# 
   671   000E7B                     B5D5            equ	3707	;# 
   672   000E7C                     B5D6            equ	3708	;# 
   673   000E7D                     B5D7            equ	3709	;# 
   674   000E7E                     CANSTAT_RO4     equ	3710	;# 
   675   000E7F                     CANCON_RO4      equ	3711	;# 
   676   000F00                     RXF0SIDH        equ	3840	;# 
   677   000F01                     RXF0SIDL        equ	3841	;# 
   678   000F02                     RXF0EIDH        equ	3842	;# 
   679   000F03                     RXF0EIDL        equ	3843	;# 
   680   000F04                     RXF1SIDH        equ	3844	;# 
   681   000F05                     RXF1SIDL        equ	3845	;# 
   682   000F06                     RXF1EIDH        equ	3846	;# 
   683   000F07                     RXF1EIDL        equ	3847	;# 
   684   000F08                     RXF2SIDH        equ	3848	;# 
   685   000F09                     RXF2SIDL        equ	3849	;# 
   686   000F0A                     RXF2EIDH        equ	3850	;# 
   687   000F0B                     RXF2EIDL        equ	3851	;# 
   688   000F0C                     RXF3SIDH        equ	3852	;# 
   689   000F0D                     RXF3SIDL        equ	3853	;# 
   690   000F0E                     RXF3EIDH        equ	3854	;# 
   691   000F0F                     RXF3EIDL        equ	3855	;# 
   692   000F10                     RXF4SIDH        equ	3856	;# 
   693   000F11                     RXF4SIDL        equ	3857	;# 
   694   000F12                     RXF4EIDH        equ	3858	;# 
   695   000F13                     RXF4EIDL        equ	3859	;# 
   696   000F14                     RXF5SIDH        equ	3860	;# 
   697   000F15                     RXF5SIDL        equ	3861	;# 
   698   000F16                     RXF5EIDH        equ	3862	;# 
   699   000F17                     RXF5EIDL        equ	3863	;# 
   700   000F18                     RXM0SIDH        equ	3864	;# 
   701   000F19                     RXM0SIDL        equ	3865	;# 
   702   000F1A                     RXM0EIDH        equ	3866	;# 
   703   000F1B                     RXM0EIDL        equ	3867	;# 
   704   000F1C                     RXM1SIDH        equ	3868	;# 
   705   000F1D                     RXM1SIDL        equ	3869	;# 
   706   000F1E                     RXM1EIDH        equ	3870	;# 
   707   000F1F                     RXM1EIDL        equ	3871	;# 
   708   000F20                     TXB2CON         equ	3872	;# 
   709   000F21                     TXB2SIDH        equ	3873	;# 
   710   000F22                     TXB2SIDL        equ	3874	;# 
   711   000F23                     TXB2EIDH        equ	3875	;# 
   712   000F24                     TXB2EIDL        equ	3876	;# 
   713   000F25                     TXB2DLC         equ	3877	;# 
   714   000F26                     TXB2D0          equ	3878	;# 
   715   000F27                     TXB2D1          equ	3879	;# 
   716   000F28                     TXB2D2          equ	3880	;# 
   717   000F29                     TXB2D3          equ	3881	;# 
   718   000F2A                     TXB2D4          equ	3882	;# 
   719   000F2B                     TXB2D5          equ	3883	;# 
   720   000F2C                     TXB2D6          equ	3884	;# 
   721   000F2D                     TXB2D7          equ	3885	;# 
   722   000F2E                     CANSTAT_RO3     equ	3886	;# 
   723   000F2F                     CANCON_RO3      equ	3887	;# 
   724   000F30                     TXB1CON         equ	3888	;# 
   725   000F31                     TXB1SIDH        equ	3889	;# 
   726   000F32                     TXB1SIDL        equ	3890	;# 
   727   000F33                     TXB1EIDH        equ	3891	;# 
   728   000F34                     TXB1EIDL        equ	3892	;# 
   729   000F35                     TXB1DLC         equ	3893	;# 
   730   000F36                     TXB1D0          equ	3894	;# 
   731   000F37                     TXB1D1          equ	3895	;# 
   732   000F38                     TXB1D2          equ	3896	;# 
   733   000F39                     TXB1D3          equ	3897	;# 
   734   000F3A                     TXB1D4          equ	3898	;# 
   735   000F3B                     TXB1D5          equ	3899	;# 
   736   000F3C                     TXB1D6          equ	3900	;# 
   737   000F3D                     TXB1D7          equ	3901	;# 
   738   000F3E                     CANSTAT_RO2     equ	3902	;# 
   739   000F3F                     CANCON_RO2      equ	3903	;# 
   740   000F40                     TXB0CON         equ	3904	;# 
   741   000F41                     TXB0SIDH        equ	3905	;# 
   742   000F42                     TXB0SIDL        equ	3906	;# 
   743   000F43                     TXB0EIDH        equ	3907	;# 
   744   000F44                     TXB0EIDL        equ	3908	;# 
   745   000F45                     TXB0DLC         equ	3909	;# 
   746   000F46                     TXB0D0          equ	3910	;# 
   747   000F47                     TXB0D1          equ	3911	;# 
   748   000F48                     TXB0D2          equ	3912	;# 
   749   000F49                     TXB0D3          equ	3913	;# 
   750   000F4A                     TXB0D4          equ	3914	;# 
   751   000F4B                     TXB0D5          equ	3915	;# 
   752   000F4C                     TXB0D6          equ	3916	;# 
   753   000F4D                     TXB0D7          equ	3917	;# 
   754   000F4E                     CANSTAT_RO1     equ	3918	;# 
   755   000F4F                     CANCON_RO1      equ	3919	;# 
   756   000F50                     RXB1CON         equ	3920	;# 
   757   000F51                     RXB1SIDH        equ	3921	;# 
   758   000F52                     RXB1SIDL        equ	3922	;# 
   759   000F53                     RXB1EIDH        equ	3923	;# 
   760   000F54                     RXB1EIDL        equ	3924	;# 
   761   000F55                     RXB1DLC         equ	3925	;# 
   762   000F56                     RXB1D0          equ	3926	;# 
   763   000F57                     RXB1D1          equ	3927	;# 
   764   000F58                     RXB1D2          equ	3928	;# 
   765   000F59                     RXB1D3          equ	3929	;# 
   766   000F5A                     RXB1D4          equ	3930	;# 
   767   000F5B                     RXB1D5          equ	3931	;# 
   768   000F5C                     RXB1D6          equ	3932	;# 
   769   000F5D                     RXB1D7          equ	3933	;# 
   770   000F5E                     CANSTAT_RO0     equ	3934	;# 
   771   000F5F                     CANCON_RO0      equ	3935	;# 
   772   000F60                     RXB0CON         equ	3936	;# 
   773   000F61                     RXB0SIDH        equ	3937	;# 
   774   000F62                     RXB0SIDL        equ	3938	;# 
   775   000F63                     RXB0EIDH        equ	3939	;# 
   776   000F64                     RXB0EIDL        equ	3940	;# 
   777   000F65                     RXB0DLC         equ	3941	;# 
   778   000F66                     RXB0D0          equ	3942	;# 
   779   000F67                     RXB0D1          equ	3943	;# 
   780   000F68                     RXB0D2          equ	3944	;# 
   781   000F69                     RXB0D3          equ	3945	;# 
   782   000F6A                     RXB0D4          equ	3946	;# 
   783   000F6B                     RXB0D5          equ	3947	;# 
   784   000F6C                     RXB0D6          equ	3948	;# 
   785   000F6D                     RXB0D7          equ	3949	;# 
   786   000F6E                     CANSTAT         equ	3950	;# 
   787   000F6F                     CANCON          equ	3951	;# 
   788   000F70                     BRGCON1         equ	3952	;# 
   789   000F71                     BRGCON2         equ	3953	;# 
   790   000F72                     BRGCON3         equ	3954	;# 
   791   000F73                     CIOCON          equ	3955	;# 
   792   000F74                     COMSTAT         equ	3956	;# 
   793   000F75                     RXERRCNT        equ	3957	;# 
   794   000F76                     TXERRCNT        equ	3958	;# 
   795   000F77                     ECANCON         equ	3959	;# 
   796   000F80                     PORTA           equ	3968	;# 
   797   000F81                     PORTB           equ	3969	;# 
   798   000F82                     PORTC           equ	3970	;# 
   799   000F83                     PORTD           equ	3971	;# 
   800   000F84                     PORTE           equ	3972	;# 
   801   000F89                     LATA            equ	3977	;# 
   802   000F8A                     LATB            equ	3978	;# 
   803   000F8B                     LATC            equ	3979	;# 
   804   000F8C                     LATD            equ	3980	;# 
   805   000F8D                     LATE            equ	3981	;# 
   806   000F92                     TRISA           equ	3986	;# 
   807   000F92                     DDRA            equ	3986	;# 
   808   000F93                     TRISB           equ	3987	;# 
   809   000F93                     DDRB            equ	3987	;# 
   810   000F94                     TRISC           equ	3988	;# 
   811   000F94                     DDRC            equ	3988	;# 
   812   000F95                     TRISD           equ	3989	;# 
   813   000F95                     DDRD            equ	3989	;# 
   814   000F96                     TRISE           equ	3990	;# 
   815   000F96                     DDRE            equ	3990	;# 
   816   000F9B                     OSCTUNE         equ	3995	;# 
   817   000F9D                     PIE1            equ	3997	;# 
   818   000F9E                     PIR1            equ	3998	;# 
   819   000F9F                     IPR1            equ	3999	;# 
   820   000FA0                     PIE2            equ	4000	;# 
   821   000FA1                     PIR2            equ	4001	;# 
   822   000FA2                     IPR2            equ	4002	;# 
   823   000FA3                     PIE3            equ	4003	;# 
   824   000FA4                     PIR3            equ	4004	;# 
   825   000FA5                     IPR3            equ	4005	;# 
   826   000FA6                     EECON1          equ	4006	;# 
   827   000FA7                     EECON2          equ	4007	;# 
   828   000FA8                     EEDATA          equ	4008	;# 
   829   000FA9                     EEADR           equ	4009	;# 
   830   000FAB                     RCSTA           equ	4011	;# 
   831   000FAB                     RCSTA1          equ	4011	;# 
   832   000FAC                     TXSTA           equ	4012	;# 
   833   000FAC                     TXSTA1          equ	4012	;# 
   834   000FAD                     TXREG           equ	4013	;# 
   835   000FAD                     TXREG1          equ	4013	;# 
   836   000FAE                     RCREG           equ	4014	;# 
   837   000FAE                     RCREG1          equ	4014	;# 
   838   000FAF                     SPBRG           equ	4015	;# 
   839   000FAF                     SPBRG1          equ	4015	;# 
   840   000FB0                     SPBRGH          equ	4016	;# 
   841   000FB1                     T3CON           equ	4017	;# 
   842   000FB2                     TMR3            equ	4018	;# 
   843   000FB2                     TMR3L           equ	4018	;# 
   844   000FB3                     TMR3H           equ	4019	;# 
   845   000FB4                     CMCON           equ	4020	;# 
   846   000FB5                     CVRCON          equ	4021	;# 
   847   000FB6                     ECCP1AS         equ	4022	;# 
   848   000FB7                     ECCP1DEL        equ	4023	;# 
   849   000FB8                     BAUDCON         equ	4024	;# 
   850   000FB8                     BAUDCTL         equ	4024	;# 
   851   000FBA                     ECCP1CON        equ	4026	;# 
   852   000FBB                     ECCPR1          equ	4027	;# 
   853   000FBB                     ECCPR1L         equ	4027	;# 
   854   000FBC                     ECCPR1H         equ	4028	;# 
   855   000FBD                     CCP1CON         equ	4029	;# 
   856   000FBE                     CCPR1           equ	4030	;# 
   857   000FBE                     CCPR1L          equ	4030	;# 
   858   000FBF                     CCPR1H          equ	4031	;# 
   859   000FC0                     ADCON2          equ	4032	;# 
   860   000FC1                     ADCON1          equ	4033	;# 
   861   000FC2                     ADCON0          equ	4034	;# 
   862   000FC3                     ADRES           equ	4035	;# 
   863   000FC3                     ADRESL          equ	4035	;# 
   864   000FC4                     ADRESH          equ	4036	;# 
   865   000FC5                     SSPCON2         equ	4037	;# 
   866   000FC6                     SSPCON1         equ	4038	;# 
   867   000FC7                     SSPSTAT         equ	4039	;# 
   868   000FC8                     SSPADD          equ	4040	;# 
   869   000FC9                     SSPBUF          equ	4041	;# 
   870   000FCA                     T2CON           equ	4042	;# 
   871   000FCB                     PR2             equ	4043	;# 
   872   000FCB                     MEMCON          equ	4043	;# 
   873   000FCC                     TMR2            equ	4044	;# 
   874   000FCD                     T1CON           equ	4045	;# 
   875   000FCE                     TMR1            equ	4046	;# 
   876   000FCE                     TMR1L           equ	4046	;# 
   877   000FCF                     TMR1H           equ	4047	;# 
   878   000FD0                     RCON            equ	4048	;# 
   879   000FD1                     WDTCON          equ	4049	;# 
   880   000FD2                     HLVDCON         equ	4050	;# 
   881   000FD2                     LVDCON          equ	4050	;# 
   882   000FD3                     OSCCON          equ	4051	;# 
   883   000FD5                     T0CON           equ	4053	;# 
   884   000FD6                     TMR0            equ	4054	;# 
   885   000FD6                     TMR0L           equ	4054	;# 
   886   000FD7                     TMR0H           equ	4055	;# 
   887   000FD8                     STATUS          equ	4056	;# 
   888   000FD9                     FSR2            equ	4057	;# 
   889   000FD9                     FSR2L           equ	4057	;# 
   890   000FDA                     FSR2H           equ	4058	;# 
   891   000FDB                     PLUSW2          equ	4059	;# 
   892   000FDC                     PREINC2         equ	4060	;# 
   893   000FDD                     POSTDEC2        equ	4061	;# 
   894   000FDE                     POSTINC2        equ	4062	;# 
   895   000FDF                     INDF2           equ	4063	;# 
   896   000FE0                     BSR             equ	4064	;# 
   897   000FE1                     FSR1            equ	4065	;# 
   898   000FE1                     FSR1L           equ	4065	;# 
   899   000FE2                     FSR1H           equ	4066	;# 
   900   000FE3                     PLUSW1          equ	4067	;# 
   901   000FE4                     PREINC1         equ	4068	;# 
   902   000FE5                     POSTDEC1        equ	4069	;# 
   903   000FE6                     POSTINC1        equ	4070	;# 
   904   000FE7                     INDF1           equ	4071	;# 
   905   000FE8                     WREG            equ	4072	;# 
   906   000FE9                     FSR0            equ	4073	;# 
   907   000FE9                     FSR0L           equ	4073	;# 
   908   000FEA                     FSR0H           equ	4074	;# 
   909   000FEB                     PLUSW0          equ	4075	;# 
   910   000FEC                     PREINC0         equ	4076	;# 
   911   000FED                     POSTDEC0        equ	4077	;# 
   912   000FEE                     POSTINC0        equ	4078	;# 
   913   000FEF                     INDF0           equ	4079	;# 
   914   000FF0                     INTCON3         equ	4080	;# 
   915   000FF1                     INTCON2         equ	4081	;# 
   916   000FF2                     INTCON          equ	4082	;# 
   917   000FF3                     PROD            equ	4083	;# 
   918   000FF3                     PRODL           equ	4083	;# 
   919   000FF4                     PRODH           equ	4084	;# 
   920   000FF5                     TABLAT          equ	4085	;# 
   921   000FF6                     TBLPTR          equ	4086	;# 
   922   000FF6                     TBLPTRL         equ	4086	;# 
   923   000FF7                     TBLPTRH         equ	4087	;# 
   924   000FF8                     TBLPTRU         equ	4088	;# 
   925   000FF9                     PCLAT           equ	4089	;# 
   926   000FF9                     PC              equ	4089	;# 
   927   000FF9                     PCL             equ	4089	;# 
   928   000FFA                     PCLATH          equ	4090	;# 
   929   000FFB                     PCLATU          equ	4091	;# 
   930   000FFC                     STKPTR          equ	4092	;# 
   931   000FFD                     TOS             equ	4093	;# 
   932   000FFD                     TOSL            equ	4093	;# 
   933   000FFE                     TOSH            equ	4094	;# 
   934   000FFF                     TOSU            equ	4095	;# 
   935   000D60                     RXF6SIDH        equ	3424	;# 
   936   000D61                     RXF6SIDL        equ	3425	;# 
   937   000D62                     RXF6EIDH        equ	3426	;# 
   938   000D63                     RXF6EIDL        equ	3427	;# 
   939   000D64                     RXF7SIDH        equ	3428	;# 
   940   000D65                     RXF7SIDL        equ	3429	;# 
   941   000D66                     RXF7EIDH        equ	3430	;# 
   942   000D67                     RXF7EIDL        equ	3431	;# 
   943   000D68                     RXF8SIDH        equ	3432	;# 
   944   000D69                     RXF8SIDL        equ	3433	;# 
   945   000D6A                     RXF8EIDH        equ	3434	;# 
   946   000D6B                     RXF8EIDL        equ	3435	;# 
   947   000D70                     RXF9SIDH        equ	3440	;# 
   948   000D71                     RXF9SIDL        equ	3441	;# 
   949   000D72                     RXF9EIDH        equ	3442	;# 
   950   000D73                     RXF9EIDL        equ	3443	;# 
   951   000D74                     RXF10SIDH       equ	3444	;# 
   952   000D75                     RXF10SIDL       equ	3445	;# 
   953   000D76                     RXF10EIDH       equ	3446	;# 
   954   000D77                     RXF10EIDL       equ	3447	;# 
   955   000D78                     RXF11SIDH       equ	3448	;# 
   956   000D79                     RXF11SIDL       equ	3449	;# 
   957   000D7A                     RXF11EIDH       equ	3450	;# 
   958   000D7B                     RXF11EIDL       equ	3451	;# 
   959   000D80                     RXF12SIDH       equ	3456	;# 
   960   000D81                     RXF12SIDL       equ	3457	;# 
   961   000D82                     RXF12EIDH       equ	3458	;# 
   962   000D83                     RXF12EIDL       equ	3459	;# 
   963   000D84                     RXF13SIDH       equ	3460	;# 
   964   000D85                     RXF13SIDL       equ	3461	;# 
   965   000D86                     RXF13EIDH       equ	3462	;# 
   966   000D87                     RXF13EIDL       equ	3463	;# 
   967   000D88                     RXF14SIDH       equ	3464	;# 
   968   000D89                     RXF14SIDL       equ	3465	;# 
   969   000D8A                     RXF14EIDH       equ	3466	;# 
   970   000D8B                     RXF14EIDL       equ	3467	;# 
   971   000D90                     RXF15SIDH       equ	3472	;# 
   972   000D91                     RXF15SIDL       equ	3473	;# 
   973   000D92                     RXF15EIDH       equ	3474	;# 
   974   000D93                     RXF15EIDL       equ	3475	;# 
   975   000DD4                     RXFCON0         equ	3540	;# 
   976   000DD5                     RXFCON1         equ	3541	;# 
   977   000DD8                     SDFLC           equ	3544	;# 
   978   000DE0                     RXFBCON0        equ	3552	;# 
   979   000DE1                     RXFBCON1        equ	3553	;# 
   980   000DE2                     RXFBCON2        equ	3554	;# 
   981   000DE3                     RXFBCON3        equ	3555	;# 
   982   000DE4                     RXFBCON4        equ	3556	;# 
   983   000DE5                     RXFBCON5        equ	3557	;# 
   984   000DE6                     RXFBCON6        equ	3558	;# 
   985   000DE7                     RXFBCON7        equ	3559	;# 
   986   000DF0                     MSEL0           equ	3568	;# 
   987   000DF1                     MSEL1           equ	3569	;# 
   988   000DF2                     MSEL2           equ	3570	;# 
   989   000DF3                     MSEL3           equ	3571	;# 
   990   000DF8                     BSEL0           equ	3576	;# 
   991   000DFA                     BIE0            equ	3578	;# 
   992   000DFC                     TXBIE           equ	3580	;# 
   993   000E20                     B0CON           equ	3616	;# 
   994   000E21                     B0SIDH          equ	3617	;# 
   995   000E22                     B0SIDL          equ	3618	;# 
   996   000E23                     B0EIDH          equ	3619	;# 
   997   000E24                     B0EIDL          equ	3620	;# 
   998   000E25                     B0DLC           equ	3621	;# 
   999   000E26                     B0D0            equ	3622	;# 
  1000   000E27                     B0D1            equ	3623	;# 
  1001   000E28                     B0D2            equ	3624	;# 
  1002   000E29                     B0D3            equ	3625	;# 
  1003   000E2A                     B0D4            equ	3626	;# 
  1004   000E2B                     B0D5            equ	3627	;# 
  1005   000E2C                     B0D6            equ	3628	;# 
  1006   000E2D                     B0D7            equ	3629	;# 
  1007   000E2E                     CANSTAT_RO9     equ	3630	;# 
  1008   000E2F                     CANCON_RO9      equ	3631	;# 
  1009   000E30                     B1CON           equ	3632	;# 
  1010   000E31                     B1SIDH          equ	3633	;# 
  1011   000E32                     B1SIDL          equ	3634	;# 
  1012   000E33                     B1EIDH          equ	3635	;# 
  1013   000E34                     B1EIDL          equ	3636	;# 
  1014   000E35                     B1DLC           equ	3637	;# 
  1015   000E36                     B1D0            equ	3638	;# 
  1016   000E37                     B1D1            equ	3639	;# 
  1017   000E38                     B1D2            equ	3640	;# 
  1018   000E39                     B1D3            equ	3641	;# 
  1019   000E3A                     B1D4            equ	3642	;# 
  1020   000E3B                     B1D5            equ	3643	;# 
  1021   000E3C                     B1D6            equ	3644	;# 
  1022   000E3D                     B1D7            equ	3645	;# 
  1023   000E3E                     CANSTAT_RO8     equ	3646	;# 
  1024   000E3F                     CANCON_RO8      equ	3647	;# 
  1025   000E40                     B2CON           equ	3648	;# 
  1026   000E41                     B2SIDH          equ	3649	;# 
  1027   000E42                     B2SIDL          equ	3650	;# 
  1028   000E43                     B2EIDH          equ	3651	;# 
  1029   000E44                     B2EIDL          equ	3652	;# 
  1030   000E45                     B2DLC           equ	3653	;# 
  1031   000E46                     B2D0            equ	3654	;# 
  1032   000E47                     B2D1            equ	3655	;# 
  1033   000E48                     B2D2            equ	3656	;# 
  1034   000E49                     B2D3            equ	3657	;# 
  1035   000E4A                     B2D4            equ	3658	;# 
  1036   000E4B                     B2D5            equ	3659	;# 
  1037   000E4C                     B2D6            equ	3660	;# 
  1038   000E4D                     B2D7            equ	3661	;# 
  1039   000E4E                     CANSTAT_RO7     equ	3662	;# 
  1040   000E4F                     CANCON_RO7      equ	3663	;# 
  1041   000E50                     B3CON           equ	3664	;# 
  1042   000E51                     B3SIDH          equ	3665	;# 
  1043   000E52                     B3SIDL          equ	3666	;# 
  1044   000E53                     B3EIDH          equ	3667	;# 
  1045   000E54                     B3EIDL          equ	3668	;# 
  1046   000E55                     B3DLC           equ	3669	;# 
  1047   000E56                     B3D0            equ	3670	;# 
  1048   000E57                     B3D1            equ	3671	;# 
  1049   000E58                     B3D2            equ	3672	;# 
  1050   000E59                     B3D3            equ	3673	;# 
  1051   000E5A                     B3D4            equ	3674	;# 
  1052   000E5B                     B3D5            equ	3675	;# 
  1053   000E5C                     B3D6            equ	3676	;# 
  1054   000E5D                     B3D7            equ	3677	;# 
  1055   000E5E                     CANSTAT_RO6     equ	3678	;# 
  1056   000E5F                     CANCON_RO6      equ	3679	;# 
  1057   000E60                     B4CON           equ	3680	;# 
  1058   000E61                     B4SIDH          equ	3681	;# 
  1059   000E62                     B4SIDL          equ	3682	;# 
  1060   000E63                     B4EIDH          equ	3683	;# 
  1061   000E64                     B4EIDL          equ	3684	;# 
  1062   000E65                     B4DLC           equ	3685	;# 
  1063   000E66                     B4D0            equ	3686	;# 
  1064   000E67                     B4D1            equ	3687	;# 
  1065   000E68                     B4D2            equ	3688	;# 
  1066   000E69                     B4D3            equ	3689	;# 
  1067   000E6A                     B4D4            equ	3690	;# 
  1068   000E6B                     B4D5            equ	3691	;# 
  1069   000E6C                     B4D6            equ	3692	;# 
  1070   000E6D                     B4D7            equ	3693	;# 
  1071   000E6E                     CANSTAT_RO5     equ	3694	;# 
  1072   000E6F                     CANCON_RO5      equ	3695	;# 
  1073   000E70                     B5CON           equ	3696	;# 
  1074   000E71                     B5SIDH          equ	3697	;# 
  1075   000E72                     B5SIDL          equ	3698	;# 
  1076   000E73                     B5EIDH          equ	3699	;# 
  1077   000E74                     B5EIDL          equ	3700	;# 
  1078   000E75                     B5DLC           equ	3701	;# 
  1079   000E76                     B5D0            equ	3702	;# 
  1080   000E77                     B5D1            equ	3703	;# 
  1081   000E78                     B5D2            equ	3704	;# 
  1082   000E79                     B5D3            equ	3705	;# 
  1083   000E7A                     B5D4            equ	3706	;# 
  1084   000E7B                     B5D5            equ	3707	;# 
  1085   000E7C                     B5D6            equ	3708	;# 
  1086   000E7D                     B5D7            equ	3709	;# 
  1087   000E7E                     CANSTAT_RO4     equ	3710	;# 
  1088   000E7F                     CANCON_RO4      equ	3711	;# 
  1089   000F00                     RXF0SIDH        equ	3840	;# 
  1090   000F01                     RXF0SIDL        equ	3841	;# 
  1091   000F02                     RXF0EIDH        equ	3842	;# 
  1092   000F03                     RXF0EIDL        equ	3843	;# 
  1093   000F04                     RXF1SIDH        equ	3844	;# 
  1094   000F05                     RXF1SIDL        equ	3845	;# 
  1095   000F06                     RXF1EIDH        equ	3846	;# 
  1096   000F07                     RXF1EIDL        equ	3847	;# 
  1097   000F08                     RXF2SIDH        equ	3848	;# 
  1098   000F09                     RXF2SIDL        equ	3849	;# 
  1099   000F0A                     RXF2EIDH        equ	3850	;# 
  1100   000F0B                     RXF2EIDL        equ	3851	;# 
  1101   000F0C                     RXF3SIDH        equ	3852	;# 
  1102   000F0D                     RXF3SIDL        equ	3853	;# 
  1103   000F0E                     RXF3EIDH        equ	3854	;# 
  1104   000F0F                     RXF3EIDL        equ	3855	;# 
  1105   000F10                     RXF4SIDH        equ	3856	;# 
  1106   000F11                     RXF4SIDL        equ	3857	;# 
  1107   000F12                     RXF4EIDH        equ	3858	;# 
  1108   000F13                     RXF4EIDL        equ	3859	;# 
  1109   000F14                     RXF5SIDH        equ	3860	;# 
  1110   000F15                     RXF5SIDL        equ	3861	;# 
  1111   000F16                     RXF5EIDH        equ	3862	;# 
  1112   000F17                     RXF5EIDL        equ	3863	;# 
  1113   000F18                     RXM0SIDH        equ	3864	;# 
  1114   000F19                     RXM0SIDL        equ	3865	;# 
  1115   000F1A                     RXM0EIDH        equ	3866	;# 
  1116   000F1B                     RXM0EIDL        equ	3867	;# 
  1117   000F1C                     RXM1SIDH        equ	3868	;# 
  1118   000F1D                     RXM1SIDL        equ	3869	;# 
  1119   000F1E                     RXM1EIDH        equ	3870	;# 
  1120   000F1F                     RXM1EIDL        equ	3871	;# 
  1121   000F20                     TXB2CON         equ	3872	;# 
  1122   000F21                     TXB2SIDH        equ	3873	;# 
  1123   000F22                     TXB2SIDL        equ	3874	;# 
  1124   000F23                     TXB2EIDH        equ	3875	;# 
  1125   000F24                     TXB2EIDL        equ	3876	;# 
  1126   000F25                     TXB2DLC         equ	3877	;# 
  1127   000F26                     TXB2D0          equ	3878	;# 
  1128   000F27                     TXB2D1          equ	3879	;# 
  1129   000F28                     TXB2D2          equ	3880	;# 
  1130   000F29                     TXB2D3          equ	3881	;# 
  1131   000F2A                     TXB2D4          equ	3882	;# 
  1132   000F2B                     TXB2D5          equ	3883	;# 
  1133   000F2C                     TXB2D6          equ	3884	;# 
  1134   000F2D                     TXB2D7          equ	3885	;# 
  1135   000F2E                     CANSTAT_RO3     equ	3886	;# 
  1136   000F2F                     CANCON_RO3      equ	3887	;# 
  1137   000F30                     TXB1CON         equ	3888	;# 
  1138   000F31                     TXB1SIDH        equ	3889	;# 
  1139   000F32                     TXB1SIDL        equ	3890	;# 
  1140   000F33                     TXB1EIDH        equ	3891	;# 
  1141   000F34                     TXB1EIDL        equ	3892	;# 
  1142   000F35                     TXB1DLC         equ	3893	;# 
  1143   000F36                     TXB1D0          equ	3894	;# 
  1144   000F37                     TXB1D1          equ	3895	;# 
  1145   000F38                     TXB1D2          equ	3896	;# 
  1146   000F39                     TXB1D3          equ	3897	;# 
  1147   000F3A                     TXB1D4          equ	3898	;# 
  1148   000F3B                     TXB1D5          equ	3899	;# 
  1149   000F3C                     TXB1D6          equ	3900	;# 
  1150   000F3D                     TXB1D7          equ	3901	;# 
  1151   000F3E                     CANSTAT_RO2     equ	3902	;# 
  1152   000F3F                     CANCON_RO2      equ	3903	;# 
  1153   000F40                     TXB0CON         equ	3904	;# 
  1154   000F41                     TXB0SIDH        equ	3905	;# 
  1155   000F42                     TXB0SIDL        equ	3906	;# 
  1156   000F43                     TXB0EIDH        equ	3907	;# 
  1157   000F44                     TXB0EIDL        equ	3908	;# 
  1158   000F45                     TXB0DLC         equ	3909	;# 
  1159   000F46                     TXB0D0          equ	3910	;# 
  1160   000F47                     TXB0D1          equ	3911	;# 
  1161   000F48                     TXB0D2          equ	3912	;# 
  1162   000F49                     TXB0D3          equ	3913	;# 
  1163   000F4A                     TXB0D4          equ	3914	;# 
  1164   000F4B                     TXB0D5          equ	3915	;# 
  1165   000F4C                     TXB0D6          equ	3916	;# 
  1166   000F4D                     TXB0D7          equ	3917	;# 
  1167   000F4E                     CANSTAT_RO1     equ	3918	;# 
  1168   000F4F                     CANCON_RO1      equ	3919	;# 
  1169   000F50                     RXB1CON         equ	3920	;# 
  1170   000F51                     RXB1SIDH        equ	3921	;# 
  1171   000F52                     RXB1SIDL        equ	3922	;# 
  1172   000F53                     RXB1EIDH        equ	3923	;# 
  1173   000F54                     RXB1EIDL        equ	3924	;# 
  1174   000F55                     RXB1DLC         equ	3925	;# 
  1175   000F56                     RXB1D0          equ	3926	;# 
  1176   000F57                     RXB1D1          equ	3927	;# 
  1177   000F58                     RXB1D2          equ	3928	;# 
  1178   000F59                     RXB1D3          equ	3929	;# 
  1179   000F5A                     RXB1D4          equ	3930	;# 
  1180   000F5B                     RXB1D5          equ	3931	;# 
  1181   000F5C                     RXB1D6          equ	3932	;# 
  1182   000F5D                     RXB1D7          equ	3933	;# 
  1183   000F5E                     CANSTAT_RO0     equ	3934	;# 
  1184   000F5F                     CANCON_RO0      equ	3935	;# 
  1185   000F60                     RXB0CON         equ	3936	;# 
  1186   000F61                     RXB0SIDH        equ	3937	;# 
  1187   000F62                     RXB0SIDL        equ	3938	;# 
  1188   000F63                     RXB0EIDH        equ	3939	;# 
  1189   000F64                     RXB0EIDL        equ	3940	;# 
  1190   000F65                     RXB0DLC         equ	3941	;# 
  1191   000F66                     RXB0D0          equ	3942	;# 
  1192   000F67                     RXB0D1          equ	3943	;# 
  1193   000F68                     RXB0D2          equ	3944	;# 
  1194   000F69                     RXB0D3          equ	3945	;# 
  1195   000F6A                     RXB0D4          equ	3946	;# 
  1196   000F6B                     RXB0D5          equ	3947	;# 
  1197   000F6C                     RXB0D6          equ	3948	;# 
  1198   000F6D                     RXB0D7          equ	3949	;# 
  1199   000F6E                     CANSTAT         equ	3950	;# 
  1200   000F6F                     CANCON          equ	3951	;# 
  1201   000F70                     BRGCON1         equ	3952	;# 
  1202   000F71                     BRGCON2         equ	3953	;# 
  1203   000F72                     BRGCON3         equ	3954	;# 
  1204   000F73                     CIOCON          equ	3955	;# 
  1205   000F74                     COMSTAT         equ	3956	;# 
  1206   000F75                     RXERRCNT        equ	3957	;# 
  1207   000F76                     TXERRCNT        equ	3958	;# 
  1208   000F77                     ECANCON         equ	3959	;# 
  1209   000F80                     PORTA           equ	3968	;# 
  1210   000F81                     PORTB           equ	3969	;# 
  1211   000F82                     PORTC           equ	3970	;# 
  1212   000F83                     PORTD           equ	3971	;# 
  1213   000F84                     PORTE           equ	3972	;# 
  1214   000F89                     LATA            equ	3977	;# 
  1215   000F8A                     LATB            equ	3978	;# 
  1216   000F8B                     LATC            equ	3979	;# 
  1217   000F8C                     LATD            equ	3980	;# 
  1218   000F8D                     LATE            equ	3981	;# 
  1219   000F92                     TRISA           equ	3986	;# 
  1220   000F92                     DDRA            equ	3986	;# 
  1221   000F93                     TRISB           equ	3987	;# 
  1222   000F93                     DDRB            equ	3987	;# 
  1223   000F94                     TRISC           equ	3988	;# 
  1224   000F94                     DDRC            equ	3988	;# 
  1225   000F95                     TRISD           equ	3989	;# 
  1226   000F95                     DDRD            equ	3989	;# 
  1227   000F96                     TRISE           equ	3990	;# 
  1228   000F96                     DDRE            equ	3990	;# 
  1229   000F9B                     OSCTUNE         equ	3995	;# 
  1230   000F9D                     PIE1            equ	3997	;# 
  1231   000F9E                     PIR1            equ	3998	;# 
  1232   000F9F                     IPR1            equ	3999	;# 
  1233   000FA0                     PIE2            equ	4000	;# 
  1234   000FA1                     PIR2            equ	4001	;# 
  1235   000FA2                     IPR2            equ	4002	;# 
  1236   000FA3                     PIE3            equ	4003	;# 
  1237   000FA4                     PIR3            equ	4004	;# 
  1238   000FA5                     IPR3            equ	4005	;# 
  1239   000FA6                     EECON1          equ	4006	;# 
  1240   000FA7                     EECON2          equ	4007	;# 
  1241   000FA8                     EEDATA          equ	4008	;# 
  1242   000FA9                     EEADR           equ	4009	;# 
  1243   000FAB                     RCSTA           equ	4011	;# 
  1244   000FAB                     RCSTA1          equ	4011	;# 
  1245   000FAC                     TXSTA           equ	4012	;# 
  1246   000FAC                     TXSTA1          equ	4012	;# 
  1247   000FAD                     TXREG           equ	4013	;# 
  1248   000FAD                     TXREG1          equ	4013	;# 
  1249   000FAE                     RCREG           equ	4014	;# 
  1250   000FAE                     RCREG1          equ	4014	;# 
  1251   000FAF                     SPBRG           equ	4015	;# 
  1252   000FAF                     SPBRG1          equ	4015	;# 
  1253   000FB0                     SPBRGH          equ	4016	;# 
  1254   000FB1                     T3CON           equ	4017	;# 
  1255   000FB2                     TMR3            equ	4018	;# 
  1256   000FB2                     TMR3L           equ	4018	;# 
  1257   000FB3                     TMR3H           equ	4019	;# 
  1258   000FB4                     CMCON           equ	4020	;# 
  1259   000FB5                     CVRCON          equ	4021	;# 
  1260   000FB6                     ECCP1AS         equ	4022	;# 
  1261   000FB7                     ECCP1DEL        equ	4023	;# 
  1262   000FB8                     BAUDCON         equ	4024	;# 
  1263   000FB8                     BAUDCTL         equ	4024	;# 
  1264   000FBA                     ECCP1CON        equ	4026	;# 
  1265   000FBB                     ECCPR1          equ	4027	;# 
  1266   000FBB                     ECCPR1L         equ	4027	;# 
  1267   000FBC                     ECCPR1H         equ	4028	;# 
  1268   000FBD                     CCP1CON         equ	4029	;# 
  1269   000FBE                     CCPR1           equ	4030	;# 
  1270   000FBE                     CCPR1L          equ	4030	;# 
  1271   000FBF                     CCPR1H          equ	4031	;# 
  1272   000FC0                     ADCON2          equ	4032	;# 
  1273   000FC1                     ADCON1          equ	4033	;# 
  1274   000FC2                     ADCON0          equ	4034	;# 
  1275   000FC3                     ADRES           equ	4035	;# 
  1276   000FC3                     ADRESL          equ	4035	;# 
  1277   000FC4                     ADRESH          equ	4036	;# 
  1278   000FC5                     SSPCON2         equ	4037	;# 
  1279   000FC6                     SSPCON1         equ	4038	;# 
  1280   000FC7                     SSPSTAT         equ	4039	;# 
  1281   000FC8                     SSPADD          equ	4040	;# 
  1282   000FC9                     SSPBUF          equ	4041	;# 
  1283   000FCA                     T2CON           equ	4042	;# 
  1284   000FCB                     PR2             equ	4043	;# 
  1285   000FCB                     MEMCON          equ	4043	;# 
  1286   000FCC                     TMR2            equ	4044	;# 
  1287   000FCD                     T1CON           equ	4045	;# 
  1288   000FCE                     TMR1            equ	4046	;# 
  1289   000FCE                     TMR1L           equ	4046	;# 
  1290   000FCF                     TMR1H           equ	4047	;# 
  1291   000FD0                     RCON            equ	4048	;# 
  1292   000FD1                     WDTCON          equ	4049	;# 
  1293   000FD2                     HLVDCON         equ	4050	;# 
  1294   000FD2                     LVDCON          equ	4050	;# 
  1295   000FD3                     OSCCON          equ	4051	;# 
  1296   000FD5                     T0CON           equ	4053	;# 
  1297   000FD6                     TMR0            equ	4054	;# 
  1298   000FD6                     TMR0L           equ	4054	;# 
  1299   000FD7                     TMR0H           equ	4055	;# 
  1300   000FD8                     STATUS          equ	4056	;# 
  1301   000FD9                     FSR2            equ	4057	;# 
  1302   000FD9                     FSR2L           equ	4057	;# 
  1303   000FDA                     FSR2H           equ	4058	;# 
  1304   000FDB                     PLUSW2          equ	4059	;# 
  1305   000FDC                     PREINC2         equ	4060	;# 
  1306   000FDD                     POSTDEC2        equ	4061	;# 
  1307   000FDE                     POSTINC2        equ	4062	;# 
  1308   000FDF                     INDF2           equ	4063	;# 
  1309   000FE0                     BSR             equ	4064	;# 
  1310   000FE1                     FSR1            equ	4065	;# 
  1311   000FE1                     FSR1L           equ	4065	;# 
  1312   000FE2                     FSR1H           equ	4066	;# 
  1313   000FE3                     PLUSW1          equ	4067	;# 
  1314   000FE4                     PREINC1         equ	4068	;# 
  1315   000FE5                     POSTDEC1        equ	4069	;# 
  1316   000FE6                     POSTINC1        equ	4070	;# 
  1317   000FE7                     INDF1           equ	4071	;# 
  1318   000FE8                     WREG            equ	4072	;# 
  1319   000FE9                     FSR0            equ	4073	;# 
  1320   000FE9                     FSR0L           equ	4073	;# 
  1321   000FEA                     FSR0H           equ	4074	;# 
  1322   000FEB                     PLUSW0          equ	4075	;# 
  1323   000FEC                     PREINC0         equ	4076	;# 
  1324   000FED                     POSTDEC0        equ	4077	;# 
  1325   000FEE                     POSTINC0        equ	4078	;# 
  1326   000FEF                     INDF0           equ	4079	;# 
  1327   000FF0                     INTCON3         equ	4080	;# 
  1328   000FF1                     INTCON2         equ	4081	;# 
  1329   000FF2                     INTCON          equ	4082	;# 
  1330   000FF3                     PROD            equ	4083	;# 
  1331   000FF3                     PRODL           equ	4083	;# 
  1332   000FF4                     PRODH           equ	4084	;# 
  1333   000FF5                     TABLAT          equ	4085	;# 
  1334   000FF6                     TBLPTR          equ	4086	;# 
  1335   000FF6                     TBLPTRL         equ	4086	;# 
  1336   000FF7                     TBLPTRH         equ	4087	;# 
  1337   000FF8                     TBLPTRU         equ	4088	;# 
  1338   000FF9                     PCLAT           equ	4089	;# 
  1339   000FF9                     PC              equ	4089	;# 
  1340   000FF9                     PCL             equ	4089	;# 
  1341   000FFA                     PCLATH          equ	4090	;# 
  1342   000FFB                     PCLATU          equ	4091	;# 
  1343   000FFC                     STKPTR          equ	4092	;# 
  1344   000FFD                     TOS             equ	4093	;# 
  1345   000FFD                     TOSL            equ	4093	;# 
  1346   000FFE                     TOSH            equ	4094	;# 
  1347   000FFF                     TOSU            equ	4095	;# 
  1348   000D60                     RXF6SIDH        equ	3424	;# 
  1349   000D61                     RXF6SIDL        equ	3425	;# 
  1350   000D62                     RXF6EIDH        equ	3426	;# 
  1351   000D63                     RXF6EIDL        equ	3427	;# 
  1352   000D64                     RXF7SIDH        equ	3428	;# 
  1353   000D65                     RXF7SIDL        equ	3429	;# 
  1354   000D66                     RXF7EIDH        equ	3430	;# 
  1355   000D67                     RXF7EIDL        equ	3431	;# 
  1356   000D68                     RXF8SIDH        equ	3432	;# 
  1357   000D69                     RXF8SIDL        equ	3433	;# 
  1358   000D6A                     RXF8EIDH        equ	3434	;# 
  1359   000D6B                     RXF8EIDL        equ	3435	;# 
  1360   000D70                     RXF9SIDH        equ	3440	;# 
  1361   000D71                     RXF9SIDL        equ	3441	;# 
  1362   000D72                     RXF9EIDH        equ	3442	;# 
  1363   000D73                     RXF9EIDL        equ	3443	;# 
  1364   000D74                     RXF10SIDH       equ	3444	;# 
  1365   000D75                     RXF10SIDL       equ	3445	;# 
  1366   000D76                     RXF10EIDH       equ	3446	;# 
  1367   000D77                     RXF10EIDL       equ	3447	;# 
  1368   000D78                     RXF11SIDH       equ	3448	;# 
  1369   000D79                     RXF11SIDL       equ	3449	;# 
  1370   000D7A                     RXF11EIDH       equ	3450	;# 
  1371   000D7B                     RXF11EIDL       equ	3451	;# 
  1372   000D80                     RXF12SIDH       equ	3456	;# 
  1373   000D81                     RXF12SIDL       equ	3457	;# 
  1374   000D82                     RXF12EIDH       equ	3458	;# 
  1375   000D83                     RXF12EIDL       equ	3459	;# 
  1376   000D84                     RXF13SIDH       equ	3460	;# 
  1377   000D85                     RXF13SIDL       equ	3461	;# 
  1378   000D86                     RXF13EIDH       equ	3462	;# 
  1379   000D87                     RXF13EIDL       equ	3463	;# 
  1380   000D88                     RXF14SIDH       equ	3464	;# 
  1381   000D89                     RXF14SIDL       equ	3465	;# 
  1382   000D8A                     RXF14EIDH       equ	3466	;# 
  1383   000D8B                     RXF14EIDL       equ	3467	;# 
  1384   000D90                     RXF15SIDH       equ	3472	;# 
  1385   000D91                     RXF15SIDL       equ	3473	;# 
  1386   000D92                     RXF15EIDH       equ	3474	;# 
  1387   000D93                     RXF15EIDL       equ	3475	;# 
  1388   000DD4                     RXFCON0         equ	3540	;# 
  1389   000DD5                     RXFCON1         equ	3541	;# 
  1390   000DD8                     SDFLC           equ	3544	;# 
  1391   000DE0                     RXFBCON0        equ	3552	;# 
  1392   000DE1                     RXFBCON1        equ	3553	;# 
  1393   000DE2                     RXFBCON2        equ	3554	;# 
  1394   000DE3                     RXFBCON3        equ	3555	;# 
  1395   000DE4                     RXFBCON4        equ	3556	;# 
  1396   000DE5                     RXFBCON5        equ	3557	;# 
  1397   000DE6                     RXFBCON6        equ	3558	;# 
  1398   000DE7                     RXFBCON7        equ	3559	;# 
  1399   000DF0                     MSEL0           equ	3568	;# 
  1400   000DF1                     MSEL1           equ	3569	;# 
  1401   000DF2                     MSEL2           equ	3570	;# 
  1402   000DF3                     MSEL3           equ	3571	;# 
  1403   000DF8                     BSEL0           equ	3576	;# 
  1404   000DFA                     BIE0            equ	3578	;# 
  1405   000DFC                     TXBIE           equ	3580	;# 
  1406   000E20                     B0CON           equ	3616	;# 
  1407   000E21                     B0SIDH          equ	3617	;# 
  1408   000E22                     B0SIDL          equ	3618	;# 
  1409   000E23                     B0EIDH          equ	3619	;# 
  1410   000E24                     B0EIDL          equ	3620	;# 
  1411   000E25                     B0DLC           equ	3621	;# 
  1412   000E26                     B0D0            equ	3622	;# 
  1413   000E27                     B0D1            equ	3623	;# 
  1414   000E28                     B0D2            equ	3624	;# 
  1415   000E29                     B0D3            equ	3625	;# 
  1416   000E2A                     B0D4            equ	3626	;# 
  1417   000E2B                     B0D5            equ	3627	;# 
  1418   000E2C                     B0D6            equ	3628	;# 
  1419   000E2D                     B0D7            equ	3629	;# 
  1420   000E2E                     CANSTAT_RO9     equ	3630	;# 
  1421   000E2F                     CANCON_RO9      equ	3631	;# 
  1422   000E30                     B1CON           equ	3632	;# 
  1423   000E31                     B1SIDH          equ	3633	;# 
  1424   000E32                     B1SIDL          equ	3634	;# 
  1425   000E33                     B1EIDH          equ	3635	;# 
  1426   000E34                     B1EIDL          equ	3636	;# 
  1427   000E35                     B1DLC           equ	3637	;# 
  1428   000E36                     B1D0            equ	3638	;# 
  1429   000E37                     B1D1            equ	3639	;# 
  1430   000E38                     B1D2            equ	3640	;# 
  1431   000E39                     B1D3            equ	3641	;# 
  1432   000E3A                     B1D4            equ	3642	;# 
  1433   000E3B                     B1D5            equ	3643	;# 
  1434   000E3C                     B1D6            equ	3644	;# 
  1435   000E3D                     B1D7            equ	3645	;# 
  1436   000E3E                     CANSTAT_RO8     equ	3646	;# 
  1437   000E3F                     CANCON_RO8      equ	3647	;# 
  1438   000E40                     B2CON           equ	3648	;# 
  1439   000E41                     B2SIDH          equ	3649	;# 
  1440   000E42                     B2SIDL          equ	3650	;# 
  1441   000E43                     B2EIDH          equ	3651	;# 
  1442   000E44                     B2EIDL          equ	3652	;# 
  1443   000E45                     B2DLC           equ	3653	;# 
  1444   000E46                     B2D0            equ	3654	;# 
  1445   000E47                     B2D1            equ	3655	;# 
  1446   000E48                     B2D2            equ	3656	;# 
  1447   000E49                     B2D3            equ	3657	;# 
  1448   000E4A                     B2D4            equ	3658	;# 
  1449   000E4B                     B2D5            equ	3659	;# 
  1450   000E4C                     B2D6            equ	3660	;# 
  1451   000E4D                     B2D7            equ	3661	;# 
  1452   000E4E                     CANSTAT_RO7     equ	3662	;# 
  1453   000E4F                     CANCON_RO7      equ	3663	;# 
  1454   000E50                     B3CON           equ	3664	;# 
  1455   000E51                     B3SIDH          equ	3665	;# 
  1456   000E52                     B3SIDL          equ	3666	;# 
  1457   000E53                     B3EIDH          equ	3667	;# 
  1458   000E54                     B3EIDL          equ	3668	;# 
  1459   000E55                     B3DLC           equ	3669	;# 
  1460   000E56                     B3D0            equ	3670	;# 
  1461   000E57                     B3D1            equ	3671	;# 
  1462   000E58                     B3D2            equ	3672	;# 
  1463   000E59                     B3D3            equ	3673	;# 
  1464   000E5A                     B3D4            equ	3674	;# 
  1465   000E5B                     B3D5            equ	3675	;# 
  1466   000E5C                     B3D6            equ	3676	;# 
  1467   000E5D                     B3D7            equ	3677	;# 
  1468   000E5E                     CANSTAT_RO6     equ	3678	;# 
  1469   000E5F                     CANCON_RO6      equ	3679	;# 
  1470   000E60                     B4CON           equ	3680	;# 
  1471   000E61                     B4SIDH          equ	3681	;# 
  1472   000E62                     B4SIDL          equ	3682	;# 
  1473   000E63                     B4EIDH          equ	3683	;# 
  1474   000E64                     B4EIDL          equ	3684	;# 
  1475   000E65                     B4DLC           equ	3685	;# 
  1476   000E66                     B4D0            equ	3686	;# 
  1477   000E67                     B4D1            equ	3687	;# 
  1478   000E68                     B4D2            equ	3688	;# 
  1479   000E69                     B4D3            equ	3689	;# 
  1480   000E6A                     B4D4            equ	3690	;# 
  1481   000E6B                     B4D5            equ	3691	;# 
  1482   000E6C                     B4D6            equ	3692	;# 
  1483   000E6D                     B4D7            equ	3693	;# 
  1484   000E6E                     CANSTAT_RO5     equ	3694	;# 
  1485   000E6F                     CANCON_RO5      equ	3695	;# 
  1486   000E70                     B5CON           equ	3696	;# 
  1487   000E71                     B5SIDH          equ	3697	;# 
  1488   000E72                     B5SIDL          equ	3698	;# 
  1489   000E73                     B5EIDH          equ	3699	;# 
  1490   000E74                     B5EIDL          equ	3700	;# 
  1491   000E75                     B5DLC           equ	3701	;# 
  1492   000E76                     B5D0            equ	3702	;# 
  1493   000E77                     B5D1            equ	3703	;# 
  1494   000E78                     B5D2            equ	3704	;# 
  1495   000E79                     B5D3            equ	3705	;# 
  1496   000E7A                     B5D4            equ	3706	;# 
  1497   000E7B                     B5D5            equ	3707	;# 
  1498   000E7C                     B5D6            equ	3708	;# 
  1499   000E7D                     B5D7            equ	3709	;# 
  1500   000E7E                     CANSTAT_RO4     equ	3710	;# 
  1501   000E7F                     CANCON_RO4      equ	3711	;# 
  1502   000F00                     RXF0SIDH        equ	3840	;# 
  1503   000F01                     RXF0SIDL        equ	3841	;# 
  1504   000F02                     RXF0EIDH        equ	3842	;# 
  1505   000F03                     RXF0EIDL        equ	3843	;# 
  1506   000F04                     RXF1SIDH        equ	3844	;# 
  1507   000F05                     RXF1SIDL        equ	3845	;# 
  1508   000F06                     RXF1EIDH        equ	3846	;# 
  1509   000F07                     RXF1EIDL        equ	3847	;# 
  1510   000F08                     RXF2SIDH        equ	3848	;# 
  1511   000F09                     RXF2SIDL        equ	3849	;# 
  1512   000F0A                     RXF2EIDH        equ	3850	;# 
  1513   000F0B                     RXF2EIDL        equ	3851	;# 
  1514   000F0C                     RXF3SIDH        equ	3852	;# 
  1515   000F0D                     RXF3SIDL        equ	3853	;# 
  1516   000F0E                     RXF3EIDH        equ	3854	;# 
  1517   000F0F                     RXF3EIDL        equ	3855	;# 
  1518   000F10                     RXF4SIDH        equ	3856	;# 
  1519   000F11                     RXF4SIDL        equ	3857	;# 
  1520   000F12                     RXF4EIDH        equ	3858	;# 
  1521   000F13                     RXF4EIDL        equ	3859	;# 
  1522   000F14                     RXF5SIDH        equ	3860	;# 
  1523   000F15                     RXF5SIDL        equ	3861	;# 
  1524   000F16                     RXF5EIDH        equ	3862	;# 
  1525   000F17                     RXF5EIDL        equ	3863	;# 
  1526   000F18                     RXM0SIDH        equ	3864	;# 
  1527   000F19                     RXM0SIDL        equ	3865	;# 
  1528   000F1A                     RXM0EIDH        equ	3866	;# 
  1529   000F1B                     RXM0EIDL        equ	3867	;# 
  1530   000F1C                     RXM1SIDH        equ	3868	;# 
  1531   000F1D                     RXM1SIDL        equ	3869	;# 
  1532   000F1E                     RXM1EIDH        equ	3870	;# 
  1533   000F1F                     RXM1EIDL        equ	3871	;# 
  1534   000F20                     TXB2CON         equ	3872	;# 
  1535   000F21                     TXB2SIDH        equ	3873	;# 
  1536   000F22                     TXB2SIDL        equ	3874	;# 
  1537   000F23                     TXB2EIDH        equ	3875	;# 
  1538   000F24                     TXB2EIDL        equ	3876	;# 
  1539   000F25                     TXB2DLC         equ	3877	;# 
  1540   000F26                     TXB2D0          equ	3878	;# 
  1541   000F27                     TXB2D1          equ	3879	;# 
  1542   000F28                     TXB2D2          equ	3880	;# 
  1543   000F29                     TXB2D3          equ	3881	;# 
  1544   000F2A                     TXB2D4          equ	3882	;# 
  1545   000F2B                     TXB2D5          equ	3883	;# 
  1546   000F2C                     TXB2D6          equ	3884	;# 
  1547   000F2D                     TXB2D7          equ	3885	;# 
  1548   000F2E                     CANSTAT_RO3     equ	3886	;# 
  1549   000F2F                     CANCON_RO3      equ	3887	;# 
  1550   000F30                     TXB1CON         equ	3888	;# 
  1551   000F31                     TXB1SIDH        equ	3889	;# 
  1552   000F32                     TXB1SIDL        equ	3890	;# 
  1553   000F33                     TXB1EIDH        equ	3891	;# 
  1554   000F34                     TXB1EIDL        equ	3892	;# 
  1555   000F35                     TXB1DLC         equ	3893	;# 
  1556   000F36                     TXB1D0          equ	3894	;# 
  1557   000F37                     TXB1D1          equ	3895	;# 
  1558   000F38                     TXB1D2          equ	3896	;# 
  1559   000F39                     TXB1D3          equ	3897	;# 
  1560   000F3A                     TXB1D4          equ	3898	;# 
  1561   000F3B                     TXB1D5          equ	3899	;# 
  1562   000F3C                     TXB1D6          equ	3900	;# 
  1563   000F3D                     TXB1D7          equ	3901	;# 
  1564   000F3E                     CANSTAT_RO2     equ	3902	;# 
  1565   000F3F                     CANCON_RO2      equ	3903	;# 
  1566   000F40                     TXB0CON         equ	3904	;# 
  1567   000F41                     TXB0SIDH        equ	3905	;# 
  1568   000F42                     TXB0SIDL        equ	3906	;# 
  1569   000F43                     TXB0EIDH        equ	3907	;# 
  1570   000F44                     TXB0EIDL        equ	3908	;# 
  1571   000F45                     TXB0DLC         equ	3909	;# 
  1572   000F46                     TXB0D0          equ	3910	;# 
  1573   000F47                     TXB0D1          equ	3911	;# 
  1574   000F48                     TXB0D2          equ	3912	;# 
  1575   000F49                     TXB0D3          equ	3913	;# 
  1576   000F4A                     TXB0D4          equ	3914	;# 
  1577   000F4B                     TXB0D5          equ	3915	;# 
  1578   000F4C                     TXB0D6          equ	3916	;# 
  1579   000F4D                     TXB0D7          equ	3917	;# 
  1580   000F4E                     CANSTAT_RO1     equ	3918	;# 
  1581   000F4F                     CANCON_RO1      equ	3919	;# 
  1582   000F50                     RXB1CON         equ	3920	;# 
  1583   000F51                     RXB1SIDH        equ	3921	;# 
  1584   000F52                     RXB1SIDL        equ	3922	;# 
  1585   000F53                     RXB1EIDH        equ	3923	;# 
  1586   000F54                     RXB1EIDL        equ	3924	;# 
  1587   000F55                     RXB1DLC         equ	3925	;# 
  1588   000F56                     RXB1D0          equ	3926	;# 
  1589   000F57                     RXB1D1          equ	3927	;# 
  1590   000F58                     RXB1D2          equ	3928	;# 
  1591   000F59                     RXB1D3          equ	3929	;# 
  1592   000F5A                     RXB1D4          equ	3930	;# 
  1593   000F5B                     RXB1D5          equ	3931	;# 
  1594   000F5C                     RXB1D6          equ	3932	;# 
  1595   000F5D                     RXB1D7          equ	3933	;# 
  1596   000F5E                     CANSTAT_RO0     equ	3934	;# 
  1597   000F5F                     CANCON_RO0      equ	3935	;# 
  1598   000F60                     RXB0CON         equ	3936	;# 
  1599   000F61                     RXB0SIDH        equ	3937	;# 
  1600   000F62                     RXB0SIDL        equ	3938	;# 
  1601   000F63                     RXB0EIDH        equ	3939	;# 
  1602   000F64                     RXB0EIDL        equ	3940	;# 
  1603   000F65                     RXB0DLC         equ	3941	;# 
  1604   000F66                     RXB0D0          equ	3942	;# 
  1605   000F67                     RXB0D1          equ	3943	;# 
  1606   000F68                     RXB0D2          equ	3944	;# 
  1607   000F69                     RXB0D3          equ	3945	;# 
  1608   000F6A                     RXB0D4          equ	3946	;# 
  1609   000F6B                     RXB0D5          equ	3947	;# 
  1610   000F6C                     RXB0D6          equ	3948	;# 
  1611   000F6D                     RXB0D7          equ	3949	;# 
  1612   000F6E                     CANSTAT         equ	3950	;# 
  1613   000F6F                     CANCON          equ	3951	;# 
  1614   000F70                     BRGCON1         equ	3952	;# 
  1615   000F71                     BRGCON2         equ	3953	;# 
  1616   000F72                     BRGCON3         equ	3954	;# 
  1617   000F73                     CIOCON          equ	3955	;# 
  1618   000F74                     COMSTAT         equ	3956	;# 
  1619   000F75                     RXERRCNT        equ	3957	;# 
  1620   000F76                     TXERRCNT        equ	3958	;# 
  1621   000F77                     ECANCON         equ	3959	;# 
  1622   000F80                     PORTA           equ	3968	;# 
  1623   000F81                     PORTB           equ	3969	;# 
  1624   000F82                     PORTC           equ	3970	;# 
  1625   000F83                     PORTD           equ	3971	;# 
  1626   000F84                     PORTE           equ	3972	;# 
  1627   000F89                     LATA            equ	3977	;# 
  1628   000F8A                     LATB            equ	3978	;# 
  1629   000F8B                     LATC            equ	3979	;# 
  1630   000F8C                     LATD            equ	3980	;# 
  1631   000F8D                     LATE            equ	3981	;# 
  1632   000F92                     TRISA           equ	3986	;# 
  1633   000F92                     DDRA            equ	3986	;# 
  1634   000F93                     TRISB           equ	3987	;# 
  1635   000F93                     DDRB            equ	3987	;# 
  1636   000F94                     TRISC           equ	3988	;# 
  1637   000F94                     DDRC            equ	3988	;# 
  1638   000F95                     TRISD           equ	3989	;# 
  1639   000F95                     DDRD            equ	3989	;# 
  1640   000F96                     TRISE           equ	3990	;# 
  1641   000F96                     DDRE            equ	3990	;# 
  1642   000F9B                     OSCTUNE         equ	3995	;# 
  1643   000F9D                     PIE1            equ	3997	;# 
  1644   000F9E                     PIR1            equ	3998	;# 
  1645   000F9F                     IPR1            equ	3999	;# 
  1646   000FA0                     PIE2            equ	4000	;# 
  1647   000FA1                     PIR2            equ	4001	;# 
  1648   000FA2                     IPR2            equ	4002	;# 
  1649   000FA3                     PIE3            equ	4003	;# 
  1650   000FA4                     PIR3            equ	4004	;# 
  1651   000FA5                     IPR3            equ	4005	;# 
  1652   000FA6                     EECON1          equ	4006	;# 
  1653   000FA7                     EECON2          equ	4007	;# 
  1654   000FA8                     EEDATA          equ	4008	;# 
  1655   000FA9                     EEADR           equ	4009	;# 
  1656   000FAB                     RCSTA           equ	4011	;# 
  1657   000FAB                     RCSTA1          equ	4011	;# 
  1658   000FAC                     TXSTA           equ	4012	;# 
  1659   000FAC                     TXSTA1          equ	4012	;# 
  1660   000FAD                     TXREG           equ	4013	;# 
  1661   000FAD                     TXREG1          equ	4013	;# 
  1662   000FAE                     RCREG           equ	4014	;# 
  1663   000FAE                     RCREG1          equ	4014	;# 
  1664   000FAF                     SPBRG           equ	4015	;# 
  1665   000FAF                     SPBRG1          equ	4015	;# 
  1666   000FB0                     SPBRGH          equ	4016	;# 
  1667   000FB1                     T3CON           equ	4017	;# 
  1668   000FB2                     TMR3            equ	4018	;# 
  1669   000FB2                     TMR3L           equ	4018	;# 
  1670   000FB3                     TMR3H           equ	4019	;# 
  1671   000FB4                     CMCON           equ	4020	;# 
  1672   000FB5                     CVRCON          equ	4021	;# 
  1673   000FB6                     ECCP1AS         equ	4022	;# 
  1674   000FB7                     ECCP1DEL        equ	4023	;# 
  1675   000FB8                     BAUDCON         equ	4024	;# 
  1676   000FB8                     BAUDCTL         equ	4024	;# 
  1677   000FBA                     ECCP1CON        equ	4026	;# 
  1678   000FBB                     ECCPR1          equ	4027	;# 
  1679   000FBB                     ECCPR1L         equ	4027	;# 
  1680   000FBC                     ECCPR1H         equ	4028	;# 
  1681   000FBD                     CCP1CON         equ	4029	;# 
  1682   000FBE                     CCPR1           equ	4030	;# 
  1683   000FBE                     CCPR1L          equ	4030	;# 
  1684   000FBF                     CCPR1H          equ	4031	;# 
  1685   000FC0                     ADCON2          equ	4032	;# 
  1686   000FC1                     ADCON1          equ	4033	;# 
  1687   000FC2                     ADCON0          equ	4034	;# 
  1688   000FC3                     ADRES           equ	4035	;# 
  1689   000FC3                     ADRESL          equ	4035	;# 
  1690   000FC4                     ADRESH          equ	4036	;# 
  1691   000FC5                     SSPCON2         equ	4037	;# 
  1692   000FC6                     SSPCON1         equ	4038	;# 
  1693   000FC7                     SSPSTAT         equ	4039	;# 
  1694   000FC8                     SSPADD          equ	4040	;# 
  1695   000FC9                     SSPBUF          equ	4041	;# 
  1696   000FCA                     T2CON           equ	4042	;# 
  1697   000FCB                     PR2             equ	4043	;# 
  1698   000FCB                     MEMCON          equ	4043	;# 
  1699   000FCC                     TMR2            equ	4044	;# 
  1700   000FCD                     T1CON           equ	4045	;# 
  1701   000FCE                     TMR1            equ	4046	;# 
  1702   000FCE                     TMR1L           equ	4046	;# 
  1703   000FCF                     TMR1H           equ	4047	;# 
  1704   000FD0                     RCON            equ	4048	;# 
  1705   000FD1                     WDTCON          equ	4049	;# 
  1706   000FD2                     HLVDCON         equ	4050	;# 
  1707   000FD2                     LVDCON          equ	4050	;# 
  1708   000FD3                     OSCCON          equ	4051	;# 
  1709   000FD5                     T0CON           equ	4053	;# 
  1710   000FD6                     TMR0            equ	4054	;# 
  1711   000FD6                     TMR0L           equ	4054	;# 
  1712   000FD7                     TMR0H           equ	4055	;# 
  1713   000FD8                     STATUS          equ	4056	;# 
  1714   000FD9                     FSR2            equ	4057	;# 
  1715   000FD9                     FSR2L           equ	4057	;# 
  1716   000FDA                     FSR2H           equ	4058	;# 
  1717   000FDB                     PLUSW2          equ	4059	;# 
  1718   000FDC                     PREINC2         equ	4060	;# 
  1719   000FDD                     POSTDEC2        equ	4061	;# 
  1720   000FDE                     POSTINC2        equ	4062	;# 
  1721   000FDF                     INDF2           equ	4063	;# 
  1722   000FE0                     BSR             equ	4064	;# 
  1723   000FE1                     FSR1            equ	4065	;# 
  1724   000FE1                     FSR1L           equ	4065	;# 
  1725   000FE2                     FSR1H           equ	4066	;# 
  1726   000FE3                     PLUSW1          equ	4067	;# 
  1727   000FE4                     PREINC1         equ	4068	;# 
  1728   000FE5                     POSTDEC1        equ	4069	;# 
  1729   000FE6                     POSTINC1        equ	4070	;# 
  1730   000FE7                     INDF1           equ	4071	;# 
  1731   000FE8                     WREG            equ	4072	;# 
  1732   000FE9                     FSR0            equ	4073	;# 
  1733   000FE9                     FSR0L           equ	4073	;# 
  1734   000FEA                     FSR0H           equ	4074	;# 
  1735   000FEB                     PLUSW0          equ	4075	;# 
  1736   000FEC                     PREINC0         equ	4076	;# 
  1737   000FED                     POSTDEC0        equ	4077	;# 
  1738   000FEE                     POSTINC0        equ	4078	;# 
  1739   000FEF                     INDF0           equ	4079	;# 
  1740   000FF0                     INTCON3         equ	4080	;# 
  1741   000FF1                     INTCON2         equ	4081	;# 
  1742   000FF2                     INTCON          equ	4082	;# 
  1743   000FF3                     PROD            equ	4083	;# 
  1744   000FF3                     PRODL           equ	4083	;# 
  1745   000FF4                     PRODH           equ	4084	;# 
  1746   000FF5                     TABLAT          equ	4085	;# 
  1747   000FF6                     TBLPTR          equ	4086	;# 
  1748   000FF6                     TBLPTRL         equ	4086	;# 
  1749   000FF7                     TBLPTRH         equ	4087	;# 
  1750   000FF8                     TBLPTRU         equ	4088	;# 
  1751   000FF9                     PCLAT           equ	4089	;# 
  1752   000FF9                     PC              equ	4089	;# 
  1753   000FF9                     PCL             equ	4089	;# 
  1754   000FFA                     PCLATH          equ	4090	;# 
  1755   000FFB                     PCLATU          equ	4091	;# 
  1756   000FFC                     STKPTR          equ	4092	;# 
  1757   000FFD                     TOS             equ	4093	;# 
  1758   000FFD                     TOSL            equ	4093	;# 
  1759   000FFE                     TOSH            equ	4094	;# 
  1760   000FFF                     TOSU            equ	4095	;# 
  1761   000D60                     RXF6SIDH        equ	3424	;# 
  1762   000D61                     RXF6SIDL        equ	3425	;# 
  1763   000D62                     RXF6EIDH        equ	3426	;# 
  1764   000D63                     RXF6EIDL        equ	3427	;# 
  1765   000D64                     RXF7SIDH        equ	3428	;# 
  1766   000D65                     RXF7SIDL        equ	3429	;# 
  1767   000D66                     RXF7EIDH        equ	3430	;# 
  1768   000D67                     RXF7EIDL        equ	3431	;# 
  1769   000D68                     RXF8SIDH        equ	3432	;# 
  1770   000D69                     RXF8SIDL        equ	3433	;# 
  1771   000D6A                     RXF8EIDH        equ	3434	;# 
  1772   000D6B                     RXF8EIDL        equ	3435	;# 
  1773   000D70                     RXF9SIDH        equ	3440	;# 
  1774   000D71                     RXF9SIDL        equ	3441	;# 
  1775   000D72                     RXF9EIDH        equ	3442	;# 
  1776   000D73                     RXF9EIDL        equ	3443	;# 
  1777   000D74                     RXF10SIDH       equ	3444	;# 
  1778   000D75                     RXF10SIDL       equ	3445	;# 
  1779   000D76                     RXF10EIDH       equ	3446	;# 
  1780   000D77                     RXF10EIDL       equ	3447	;# 
  1781   000D78                     RXF11SIDH       equ	3448	;# 
  1782   000D79                     RXF11SIDL       equ	3449	;# 
  1783   000D7A                     RXF11EIDH       equ	3450	;# 
  1784   000D7B                     RXF11EIDL       equ	3451	;# 
  1785   000D80                     RXF12SIDH       equ	3456	;# 
  1786   000D81                     RXF12SIDL       equ	3457	;# 
  1787   000D82                     RXF12EIDH       equ	3458	;# 
  1788   000D83                     RXF12EIDL       equ	3459	;# 
  1789   000D84                     RXF13SIDH       equ	3460	;# 
  1790   000D85                     RXF13SIDL       equ	3461	;# 
  1791   000D86                     RXF13EIDH       equ	3462	;# 
  1792   000D87                     RXF13EIDL       equ	3463	;# 
  1793   000D88                     RXF14SIDH       equ	3464	;# 
  1794   000D89                     RXF14SIDL       equ	3465	;# 
  1795   000D8A                     RXF14EIDH       equ	3466	;# 
  1796   000D8B                     RXF14EIDL       equ	3467	;# 
  1797   000D90                     RXF15SIDH       equ	3472	;# 
  1798   000D91                     RXF15SIDL       equ	3473	;# 
  1799   000D92                     RXF15EIDH       equ	3474	;# 
  1800   000D93                     RXF15EIDL       equ	3475	;# 
  1801   000DD4                     RXFCON0         equ	3540	;# 
  1802   000DD5                     RXFCON1         equ	3541	;# 
  1803   000DD8                     SDFLC           equ	3544	;# 
  1804   000DE0                     RXFBCON0        equ	3552	;# 
  1805   000DE1                     RXFBCON1        equ	3553	;# 
  1806   000DE2                     RXFBCON2        equ	3554	;# 
  1807   000DE3                     RXFBCON3        equ	3555	;# 
  1808   000DE4                     RXFBCON4        equ	3556	;# 
  1809   000DE5                     RXFBCON5        equ	3557	;# 
  1810   000DE6                     RXFBCON6        equ	3558	;# 
  1811   000DE7                     RXFBCON7        equ	3559	;# 
  1812   000DF0                     MSEL0           equ	3568	;# 
  1813   000DF1                     MSEL1           equ	3569	;# 
  1814   000DF2                     MSEL2           equ	3570	;# 
  1815   000DF3                     MSEL3           equ	3571	;# 
  1816   000DF8                     BSEL0           equ	3576	;# 
  1817   000DFA                     BIE0            equ	3578	;# 
  1818   000DFC                     TXBIE           equ	3580	;# 
  1819   000E20                     B0CON           equ	3616	;# 
  1820   000E21                     B0SIDH          equ	3617	;# 
  1821   000E22                     B0SIDL          equ	3618	;# 
  1822   000E23                     B0EIDH          equ	3619	;# 
  1823   000E24                     B0EIDL          equ	3620	;# 
  1824   000E25                     B0DLC           equ	3621	;# 
  1825   000E26                     B0D0            equ	3622	;# 
  1826   000E27                     B0D1            equ	3623	;# 
  1827   000E28                     B0D2            equ	3624	;# 
  1828   000E29                     B0D3            equ	3625	;# 
  1829   000E2A                     B0D4            equ	3626	;# 
  1830   000E2B                     B0D5            equ	3627	;# 
  1831   000E2C                     B0D6            equ	3628	;# 
  1832   000E2D                     B0D7            equ	3629	;# 
  1833   000E2E                     CANSTAT_RO9     equ	3630	;# 
  1834   000E2F                     CANCON_RO9      equ	3631	;# 
  1835   000E30                     B1CON           equ	3632	;# 
  1836   000E31                     B1SIDH          equ	3633	;# 
  1837   000E32                     B1SIDL          equ	3634	;# 
  1838   000E33                     B1EIDH          equ	3635	;# 
  1839   000E34                     B1EIDL          equ	3636	;# 
  1840   000E35                     B1DLC           equ	3637	;# 
  1841   000E36                     B1D0            equ	3638	;# 
  1842   000E37                     B1D1            equ	3639	;# 
  1843   000E38                     B1D2            equ	3640	;# 
  1844   000E39                     B1D3            equ	3641	;# 
  1845   000E3A                     B1D4            equ	3642	;# 
  1846   000E3B                     B1D5            equ	3643	;# 
  1847   000E3C                     B1D6            equ	3644	;# 
  1848   000E3D                     B1D7            equ	3645	;# 
  1849   000E3E                     CANSTAT_RO8     equ	3646	;# 
  1850   000E3F                     CANCON_RO8      equ	3647	;# 
  1851   000E40                     B2CON           equ	3648	;# 
  1852   000E41                     B2SIDH          equ	3649	;# 
  1853   000E42                     B2SIDL          equ	3650	;# 
  1854   000E43                     B2EIDH          equ	3651	;# 
  1855   000E44                     B2EIDL          equ	3652	;# 
  1856   000E45                     B2DLC           equ	3653	;# 
  1857   000E46                     B2D0            equ	3654	;# 
  1858   000E47                     B2D1            equ	3655	;# 
  1859   000E48                     B2D2            equ	3656	;# 
  1860   000E49                     B2D3            equ	3657	;# 
  1861   000E4A                     B2D4            equ	3658	;# 
  1862   000E4B                     B2D5            equ	3659	;# 
  1863   000E4C                     B2D6            equ	3660	;# 
  1864   000E4D                     B2D7            equ	3661	;# 
  1865   000E4E                     CANSTAT_RO7     equ	3662	;# 
  1866   000E4F                     CANCON_RO7      equ	3663	;# 
  1867   000E50                     B3CON           equ	3664	;# 
  1868   000E51                     B3SIDH          equ	3665	;# 
  1869   000E52                     B3SIDL          equ	3666	;# 
  1870   000E53                     B3EIDH          equ	3667	;# 
  1871   000E54                     B3EIDL          equ	3668	;# 
  1872   000E55                     B3DLC           equ	3669	;# 
  1873   000E56                     B3D0            equ	3670	;# 
  1874   000E57                     B3D1            equ	3671	;# 
  1875   000E58                     B3D2            equ	3672	;# 
  1876   000E59                     B3D3            equ	3673	;# 
  1877   000E5A                     B3D4            equ	3674	;# 
  1878   000E5B                     B3D5            equ	3675	;# 
  1879   000E5C                     B3D6            equ	3676	;# 
  1880   000E5D                     B3D7            equ	3677	;# 
  1881   000E5E                     CANSTAT_RO6     equ	3678	;# 
  1882   000E5F                     CANCON_RO6      equ	3679	;# 
  1883   000E60                     B4CON           equ	3680	;# 
  1884   000E61                     B4SIDH          equ	3681	;# 
  1885   000E62                     B4SIDL          equ	3682	;# 
  1886   000E63                     B4EIDH          equ	3683	;# 
  1887   000E64                     B4EIDL          equ	3684	;# 
  1888   000E65                     B4DLC           equ	3685	;# 
  1889   000E66                     B4D0            equ	3686	;# 
  1890   000E67                     B4D1            equ	3687	;# 
  1891   000E68                     B4D2            equ	3688	;# 
  1892   000E69                     B4D3            equ	3689	;# 
  1893   000E6A                     B4D4            equ	3690	;# 
  1894   000E6B                     B4D5            equ	3691	;# 
  1895   000E6C                     B4D6            equ	3692	;# 
  1896   000E6D                     B4D7            equ	3693	;# 
  1897   000E6E                     CANSTAT_RO5     equ	3694	;# 
  1898   000E6F                     CANCON_RO5      equ	3695	;# 
  1899   000E70                     B5CON           equ	3696	;# 
  1900   000E71                     B5SIDH          equ	3697	;# 
  1901   000E72                     B5SIDL          equ	3698	;# 
  1902   000E73                     B5EIDH          equ	3699	;# 
  1903   000E74                     B5EIDL          equ	3700	;# 
  1904   000E75                     B5DLC           equ	3701	;# 
  1905   000E76                     B5D0            equ	3702	;# 
  1906   000E77                     B5D1            equ	3703	;# 
  1907   000E78                     B5D2            equ	3704	;# 
  1908   000E79                     B5D3            equ	3705	;# 
  1909   000E7A                     B5D4            equ	3706	;# 
  1910   000E7B                     B5D5            equ	3707	;# 
  1911   000E7C                     B5D6            equ	3708	;# 
  1912   000E7D                     B5D7            equ	3709	;# 
  1913   000E7E                     CANSTAT_RO4     equ	3710	;# 
  1914   000E7F                     CANCON_RO4      equ	3711	;# 
  1915   000F00                     RXF0SIDH        equ	3840	;# 
  1916   000F01                     RXF0SIDL        equ	3841	;# 
  1917   000F02                     RXF0EIDH        equ	3842	;# 
  1918   000F03                     RXF0EIDL        equ	3843	;# 
  1919   000F04                     RXF1SIDH        equ	3844	;# 
  1920   000F05                     RXF1SIDL        equ	3845	;# 
  1921   000F06                     RXF1EIDH        equ	3846	;# 
  1922   000F07                     RXF1EIDL        equ	3847	;# 
  1923   000F08                     RXF2SIDH        equ	3848	;# 
  1924   000F09                     RXF2SIDL        equ	3849	;# 
  1925   000F0A                     RXF2EIDH        equ	3850	;# 
  1926   000F0B                     RXF2EIDL        equ	3851	;# 
  1927   000F0C                     RXF3SIDH        equ	3852	;# 
  1928   000F0D                     RXF3SIDL        equ	3853	;# 
  1929   000F0E                     RXF3EIDH        equ	3854	;# 
  1930   000F0F                     RXF3EIDL        equ	3855	;# 
  1931   000F10                     RXF4SIDH        equ	3856	;# 
  1932   000F11                     RXF4SIDL        equ	3857	;# 
  1933   000F12                     RXF4EIDH        equ	3858	;# 
  1934   000F13                     RXF4EIDL        equ	3859	;# 
  1935   000F14                     RXF5SIDH        equ	3860	;# 
  1936   000F15                     RXF5SIDL        equ	3861	;# 
  1937   000F16                     RXF5EIDH        equ	3862	;# 
  1938   000F17                     RXF5EIDL        equ	3863	;# 
  1939   000F18                     RXM0SIDH        equ	3864	;# 
  1940   000F19                     RXM0SIDL        equ	3865	;# 
  1941   000F1A                     RXM0EIDH        equ	3866	;# 
  1942   000F1B                     RXM0EIDL        equ	3867	;# 
  1943   000F1C                     RXM1SIDH        equ	3868	;# 
  1944   000F1D                     RXM1SIDL        equ	3869	;# 
  1945   000F1E                     RXM1EIDH        equ	3870	;# 
  1946   000F1F                     RXM1EIDL        equ	3871	;# 
  1947   000F20                     TXB2CON         equ	3872	;# 
  1948   000F21                     TXB2SIDH        equ	3873	;# 
  1949   000F22                     TXB2SIDL        equ	3874	;# 
  1950   000F23                     TXB2EIDH        equ	3875	;# 
  1951   000F24                     TXB2EIDL        equ	3876	;# 
  1952   000F25                     TXB2DLC         equ	3877	;# 
  1953   000F26                     TXB2D0          equ	3878	;# 
  1954   000F27                     TXB2D1          equ	3879	;# 
  1955   000F28                     TXB2D2          equ	3880	;# 
  1956   000F29                     TXB2D3          equ	3881	;# 
  1957   000F2A                     TXB2D4          equ	3882	;# 
  1958   000F2B                     TXB2D5          equ	3883	;# 
  1959   000F2C                     TXB2D6          equ	3884	;# 
  1960   000F2D                     TXB2D7          equ	3885	;# 
  1961   000F2E                     CANSTAT_RO3     equ	3886	;# 
  1962   000F2F                     CANCON_RO3      equ	3887	;# 
  1963   000F30                     TXB1CON         equ	3888	;# 
  1964   000F31                     TXB1SIDH        equ	3889	;# 
  1965   000F32                     TXB1SIDL        equ	3890	;# 
  1966   000F33                     TXB1EIDH        equ	3891	;# 
  1967   000F34                     TXB1EIDL        equ	3892	;# 
  1968   000F35                     TXB1DLC         equ	3893	;# 
  1969   000F36                     TXB1D0          equ	3894	;# 
  1970   000F37                     TXB1D1          equ	3895	;# 
  1971   000F38                     TXB1D2          equ	3896	;# 
  1972   000F39                     TXB1D3          equ	3897	;# 
  1973   000F3A                     TXB1D4          equ	3898	;# 
  1974   000F3B                     TXB1D5          equ	3899	;# 
  1975   000F3C                     TXB1D6          equ	3900	;# 
  1976   000F3D                     TXB1D7          equ	3901	;# 
  1977   000F3E                     CANSTAT_RO2     equ	3902	;# 
  1978   000F3F                     CANCON_RO2      equ	3903	;# 
  1979   000F40                     TXB0CON         equ	3904	;# 
  1980   000F41                     TXB0SIDH        equ	3905	;# 
  1981   000F42                     TXB0SIDL        equ	3906	;# 
  1982   000F43                     TXB0EIDH        equ	3907	;# 
  1983   000F44                     TXB0EIDL        equ	3908	;# 
  1984   000F45                     TXB0DLC         equ	3909	;# 
  1985   000F46                     TXB0D0          equ	3910	;# 
  1986   000F47                     TXB0D1          equ	3911	;# 
  1987   000F48                     TXB0D2          equ	3912	;# 
  1988   000F49                     TXB0D3          equ	3913	;# 
  1989   000F4A                     TXB0D4          equ	3914	;# 
  1990   000F4B                     TXB0D5          equ	3915	;# 
  1991   000F4C                     TXB0D6          equ	3916	;# 
  1992   000F4D                     TXB0D7          equ	3917	;# 
  1993   000F4E                     CANSTAT_RO1     equ	3918	;# 
  1994   000F4F                     CANCON_RO1      equ	3919	;# 
  1995   000F50                     RXB1CON         equ	3920	;# 
  1996   000F51                     RXB1SIDH        equ	3921	;# 
  1997   000F52                     RXB1SIDL        equ	3922	;# 
  1998   000F53                     RXB1EIDH        equ	3923	;# 
  1999   000F54                     RXB1EIDL        equ	3924	;# 
  2000   000F55                     RXB1DLC         equ	3925	;# 
  2001   000F56                     RXB1D0          equ	3926	;# 
  2002   000F57                     RXB1D1          equ	3927	;# 
  2003   000F58                     RXB1D2          equ	3928	;# 
  2004   000F59                     RXB1D3          equ	3929	;# 
  2005   000F5A                     RXB1D4          equ	3930	;# 
  2006   000F5B                     RXB1D5          equ	3931	;# 
  2007   000F5C                     RXB1D6          equ	3932	;# 
  2008   000F5D                     RXB1D7          equ	3933	;# 
  2009   000F5E                     CANSTAT_RO0     equ	3934	;# 
  2010   000F5F                     CANCON_RO0      equ	3935	;# 
  2011   000F60                     RXB0CON         equ	3936	;# 
  2012   000F61                     RXB0SIDH        equ	3937	;# 
  2013   000F62                     RXB0SIDL        equ	3938	;# 
  2014   000F63                     RXB0EIDH        equ	3939	;# 
  2015   000F64                     RXB0EIDL        equ	3940	;# 
  2016   000F65                     RXB0DLC         equ	3941	;# 
  2017   000F66                     RXB0D0          equ	3942	;# 
  2018   000F67                     RXB0D1          equ	3943	;# 
  2019   000F68                     RXB0D2          equ	3944	;# 
  2020   000F69                     RXB0D3          equ	3945	;# 
  2021   000F6A                     RXB0D4          equ	3946	;# 
  2022   000F6B                     RXB0D5          equ	3947	;# 
  2023   000F6C                     RXB0D6          equ	3948	;# 
  2024   000F6D                     RXB0D7          equ	3949	;# 
  2025   000F6E                     CANSTAT         equ	3950	;# 
  2026   000F6F                     CANCON          equ	3951	;# 
  2027   000F70                     BRGCON1         equ	3952	;# 
  2028   000F71                     BRGCON2         equ	3953	;# 
  2029   000F72                     BRGCON3         equ	3954	;# 
  2030   000F73                     CIOCON          equ	3955	;# 
  2031   000F74                     COMSTAT         equ	3956	;# 
  2032   000F75                     RXERRCNT        equ	3957	;# 
  2033   000F76                     TXERRCNT        equ	3958	;# 
  2034   000F77                     ECANCON         equ	3959	;# 
  2035   000F80                     PORTA           equ	3968	;# 
  2036   000F81                     PORTB           equ	3969	;# 
  2037   000F82                     PORTC           equ	3970	;# 
  2038   000F83                     PORTD           equ	3971	;# 
  2039   000F84                     PORTE           equ	3972	;# 
  2040   000F89                     LATA            equ	3977	;# 
  2041   000F8A                     LATB            equ	3978	;# 
  2042   000F8B                     LATC            equ	3979	;# 
  2043   000F8C                     LATD            equ	3980	;# 
  2044   000F8D                     LATE            equ	3981	;# 
  2045   000F92                     TRISA           equ	3986	;# 
  2046   000F92                     DDRA            equ	3986	;# 
  2047   000F93                     TRISB           equ	3987	;# 
  2048   000F93                     DDRB            equ	3987	;# 
  2049   000F94                     TRISC           equ	3988	;# 
  2050   000F94                     DDRC            equ	3988	;# 
  2051   000F95                     TRISD           equ	3989	;# 
  2052   000F95                     DDRD            equ	3989	;# 
  2053   000F96                     TRISE           equ	3990	;# 
  2054   000F96                     DDRE            equ	3990	;# 
  2055   000F9B                     OSCTUNE         equ	3995	;# 
  2056   000F9D                     PIE1            equ	3997	;# 
  2057   000F9E                     PIR1            equ	3998	;# 
  2058   000F9F                     IPR1            equ	3999	;# 
  2059   000FA0                     PIE2            equ	4000	;# 
  2060   000FA1                     PIR2            equ	4001	;# 
  2061   000FA2                     IPR2            equ	4002	;# 
  2062   000FA3                     PIE3            equ	4003	;# 
  2063   000FA4                     PIR3            equ	4004	;# 
  2064   000FA5                     IPR3            equ	4005	;# 
  2065   000FA6                     EECON1          equ	4006	;# 
  2066   000FA7                     EECON2          equ	4007	;# 
  2067   000FA8                     EEDATA          equ	4008	;# 
  2068   000FA9                     EEADR           equ	4009	;# 
  2069   000FAB                     RCSTA           equ	4011	;# 
  2070   000FAB                     RCSTA1          equ	4011	;# 
  2071   000FAC                     TXSTA           equ	4012	;# 
  2072   000FAC                     TXSTA1          equ	4012	;# 
  2073   000FAD                     TXREG           equ	4013	;# 
  2074   000FAD                     TXREG1          equ	4013	;# 
  2075   000FAE                     RCREG           equ	4014	;# 
  2076   000FAE                     RCREG1          equ	4014	;# 
  2077   000FAF                     SPBRG           equ	4015	;# 
  2078   000FAF                     SPBRG1          equ	4015	;# 
  2079   000FB0                     SPBRGH          equ	4016	;# 
  2080   000FB1                     T3CON           equ	4017	;# 
  2081   000FB2                     TMR3            equ	4018	;# 
  2082   000FB2                     TMR3L           equ	4018	;# 
  2083   000FB3                     TMR3H           equ	4019	;# 
  2084   000FB4                     CMCON           equ	4020	;# 
  2085   000FB5                     CVRCON          equ	4021	;# 
  2086   000FB6                     ECCP1AS         equ	4022	;# 
  2087   000FB7                     ECCP1DEL        equ	4023	;# 
  2088   000FB8                     BAUDCON         equ	4024	;# 
  2089   000FB8                     BAUDCTL         equ	4024	;# 
  2090   000FBA                     ECCP1CON        equ	4026	;# 
  2091   000FBB                     ECCPR1          equ	4027	;# 
  2092   000FBB                     ECCPR1L         equ	4027	;# 
  2093   000FBC                     ECCPR1H         equ	4028	;# 
  2094   000FBD                     CCP1CON         equ	4029	;# 
  2095   000FBE                     CCPR1           equ	4030	;# 
  2096   000FBE                     CCPR1L          equ	4030	;# 
  2097   000FBF                     CCPR1H          equ	4031	;# 
  2098   000FC0                     ADCON2          equ	4032	;# 
  2099   000FC1                     ADCON1          equ	4033	;# 
  2100   000FC2                     ADCON0          equ	4034	;# 
  2101   000FC3                     ADRES           equ	4035	;# 
  2102   000FC3                     ADRESL          equ	4035	;# 
  2103   000FC4                     ADRESH          equ	4036	;# 
  2104   000FC5                     SSPCON2         equ	4037	;# 
  2105   000FC6                     SSPCON1         equ	4038	;# 
  2106   000FC7                     SSPSTAT         equ	4039	;# 
  2107   000FC8                     SSPADD          equ	4040	;# 
  2108   000FC9                     SSPBUF          equ	4041	;# 
  2109   000FCA                     T2CON           equ	4042	;# 
  2110   000FCB                     PR2             equ	4043	;# 
  2111   000FCB                     MEMCON          equ	4043	;# 
  2112   000FCC                     TMR2            equ	4044	;# 
  2113   000FCD                     T1CON           equ	4045	;# 
  2114   000FCE                     TMR1            equ	4046	;# 
  2115   000FCE                     TMR1L           equ	4046	;# 
  2116   000FCF                     TMR1H           equ	4047	;# 
  2117   000FD0                     RCON            equ	4048	;# 
  2118   000FD1                     WDTCON          equ	4049	;# 
  2119   000FD2                     HLVDCON         equ	4050	;# 
  2120   000FD2                     LVDCON          equ	4050	;# 
  2121   000FD3                     OSCCON          equ	4051	;# 
  2122   000FD5                     T0CON           equ	4053	;# 
  2123   000FD6                     TMR0            equ	4054	;# 
  2124   000FD6                     TMR0L           equ	4054	;# 
  2125   000FD7                     TMR0H           equ	4055	;# 
  2126   000FD8                     STATUS          equ	4056	;# 
  2127   000FD9                     FSR2            equ	4057	;# 
  2128   000FD9                     FSR2L           equ	4057	;# 
  2129   000FDA                     FSR2H           equ	4058	;# 
  2130   000FDB                     PLUSW2          equ	4059	;# 
  2131   000FDC                     PREINC2         equ	4060	;# 
  2132   000FDD                     POSTDEC2        equ	4061	;# 
  2133   000FDE                     POSTINC2        equ	4062	;# 
  2134   000FDF                     INDF2           equ	4063	;# 
  2135   000FE0                     BSR             equ	4064	;# 
  2136   000FE1                     FSR1            equ	4065	;# 
  2137   000FE1                     FSR1L           equ	4065	;# 
  2138   000FE2                     FSR1H           equ	4066	;# 
  2139   000FE3                     PLUSW1          equ	4067	;# 
  2140   000FE4                     PREINC1         equ	4068	;# 
  2141   000FE5                     POSTDEC1        equ	4069	;# 
  2142   000FE6                     POSTINC1        equ	4070	;# 
  2143   000FE7                     INDF1           equ	4071	;# 
  2144   000FE8                     WREG            equ	4072	;# 
  2145   000FE9                     FSR0            equ	4073	;# 
  2146   000FE9                     FSR0L           equ	4073	;# 
  2147   000FEA                     FSR0H           equ	4074	;# 
  2148   000FEB                     PLUSW0          equ	4075	;# 
  2149   000FEC                     PREINC0         equ	4076	;# 
  2150   000FED                     POSTDEC0        equ	4077	;# 
  2151   000FEE                     POSTINC0        equ	4078	;# 
  2152   000FEF                     INDF0           equ	4079	;# 
  2153   000FF0                     INTCON3         equ	4080	;# 
  2154   000FF1                     INTCON2         equ	4081	;# 
  2155   000FF2                     INTCON          equ	4082	;# 
  2156   000FF3                     PROD            equ	4083	;# 
  2157   000FF3                     PRODL           equ	4083	;# 
  2158   000FF4                     PRODH           equ	4084	;# 
  2159   000FF5                     TABLAT          equ	4085	;# 
  2160   000FF6                     TBLPTR          equ	4086	;# 
  2161   000FF6                     TBLPTRL         equ	4086	;# 
  2162   000FF7                     TBLPTRH         equ	4087	;# 
  2163   000FF8                     TBLPTRU         equ	4088	;# 
  2164   000FF9                     PCLAT           equ	4089	;# 
  2165   000FF9                     PC              equ	4089	;# 
  2166   000FF9                     PCL             equ	4089	;# 
  2167   000FFA                     PCLATH          equ	4090	;# 
  2168   000FFB                     PCLATU          equ	4091	;# 
  2169   000FFC                     STKPTR          equ	4092	;# 
  2170   000FFD                     TOS             equ	4093	;# 
  2171   000FFD                     TOSL            equ	4093	;# 
  2172   000FFE                     TOSH            equ	4094	;# 
  2173   000FFF                     TOSU            equ	4095	;# 
  2174   000D60                     RXF6SIDH        equ	3424	;# 
  2175   000D61                     RXF6SIDL        equ	3425	;# 
  2176   000D62                     RXF6EIDH        equ	3426	;# 
  2177   000D63                     RXF6EIDL        equ	3427	;# 
  2178   000D64                     RXF7SIDH        equ	3428	;# 
  2179   000D65                     RXF7SIDL        equ	3429	;# 
  2180   000D66                     RXF7EIDH        equ	3430	;# 
  2181   000D67                     RXF7EIDL        equ	3431	;# 
  2182   000D68                     RXF8SIDH        equ	3432	;# 
  2183   000D69                     RXF8SIDL        equ	3433	;# 
  2184   000D6A                     RXF8EIDH        equ	3434	;# 
  2185   000D6B                     RXF8EIDL        equ	3435	;# 
  2186   000D70                     RXF9SIDH        equ	3440	;# 
  2187   000D71                     RXF9SIDL        equ	3441	;# 
  2188   000D72                     RXF9EIDH        equ	3442	;# 
  2189   000D73                     RXF9EIDL        equ	3443	;# 
  2190   000D74                     RXF10SIDH       equ	3444	;# 
  2191   000D75                     RXF10SIDL       equ	3445	;# 
  2192   000D76                     RXF10EIDH       equ	3446	;# 
  2193   000D77                     RXF10EIDL       equ	3447	;# 
  2194   000D78                     RXF11SIDH       equ	3448	;# 
  2195   000D79                     RXF11SIDL       equ	3449	;# 
  2196   000D7A                     RXF11EIDH       equ	3450	;# 
  2197   000D7B                     RXF11EIDL       equ	3451	;# 
  2198   000D80                     RXF12SIDH       equ	3456	;# 
  2199   000D81                     RXF12SIDL       equ	3457	;# 
  2200   000D82                     RXF12EIDH       equ	3458	;# 
  2201   000D83                     RXF12EIDL       equ	3459	;# 
  2202   000D84                     RXF13SIDH       equ	3460	;# 
  2203   000D85                     RXF13SIDL       equ	3461	;# 
  2204   000D86                     RXF13EIDH       equ	3462	;# 
  2205   000D87                     RXF13EIDL       equ	3463	;# 
  2206   000D88                     RXF14SIDH       equ	3464	;# 
  2207   000D89                     RXF14SIDL       equ	3465	;# 
  2208   000D8A                     RXF14EIDH       equ	3466	;# 
  2209   000D8B                     RXF14EIDL       equ	3467	;# 
  2210   000D90                     RXF15SIDH       equ	3472	;# 
  2211   000D91                     RXF15SIDL       equ	3473	;# 
  2212   000D92                     RXF15EIDH       equ	3474	;# 
  2213   000D93                     RXF15EIDL       equ	3475	;# 
  2214   000DD4                     RXFCON0         equ	3540	;# 
  2215   000DD5                     RXFCON1         equ	3541	;# 
  2216   000DD8                     SDFLC           equ	3544	;# 
  2217   000DE0                     RXFBCON0        equ	3552	;# 
  2218   000DE1                     RXFBCON1        equ	3553	;# 
  2219   000DE2                     RXFBCON2        equ	3554	;# 
  2220   000DE3                     RXFBCON3        equ	3555	;# 
  2221   000DE4                     RXFBCON4        equ	3556	;# 
  2222   000DE5                     RXFBCON5        equ	3557	;# 
  2223   000DE6                     RXFBCON6        equ	3558	;# 
  2224   000DE7                     RXFBCON7        equ	3559	;# 
  2225   000DF0                     MSEL0           equ	3568	;# 
  2226   000DF1                     MSEL1           equ	3569	;# 
  2227   000DF2                     MSEL2           equ	3570	;# 
  2228   000DF3                     MSEL3           equ	3571	;# 
  2229   000DF8                     BSEL0           equ	3576	;# 
  2230   000DFA                     BIE0            equ	3578	;# 
  2231   000DFC                     TXBIE           equ	3580	;# 
  2232   000E20                     B0CON           equ	3616	;# 
  2233   000E21                     B0SIDH          equ	3617	;# 
  2234   000E22                     B0SIDL          equ	3618	;# 
  2235   000E23                     B0EIDH          equ	3619	;# 
  2236   000E24                     B0EIDL          equ	3620	;# 
  2237   000E25                     B0DLC           equ	3621	;# 
  2238   000E26                     B0D0            equ	3622	;# 
  2239   000E27                     B0D1            equ	3623	;# 
  2240   000E28                     B0D2            equ	3624	;# 
  2241   000E29                     B0D3            equ	3625	;# 
  2242   000E2A                     B0D4            equ	3626	;# 
  2243   000E2B                     B0D5            equ	3627	;# 
  2244   000E2C                     B0D6            equ	3628	;# 
  2245   000E2D                     B0D7            equ	3629	;# 
  2246   000E2E                     CANSTAT_RO9     equ	3630	;# 
  2247   000E2F                     CANCON_RO9      equ	3631	;# 
  2248   000E30                     B1CON           equ	3632	;# 
  2249   000E31                     B1SIDH          equ	3633	;# 
  2250   000E32                     B1SIDL          equ	3634	;# 
  2251   000E33                     B1EIDH          equ	3635	;# 
  2252   000E34                     B1EIDL          equ	3636	;# 
  2253   000E35                     B1DLC           equ	3637	;# 
  2254   000E36                     B1D0            equ	3638	;# 
  2255   000E37                     B1D1            equ	3639	;# 
  2256   000E38                     B1D2            equ	3640	;# 
  2257   000E39                     B1D3            equ	3641	;# 
  2258   000E3A                     B1D4            equ	3642	;# 
  2259   000E3B                     B1D5            equ	3643	;# 
  2260   000E3C                     B1D6            equ	3644	;# 
  2261   000E3D                     B1D7            equ	3645	;# 
  2262   000E3E                     CANSTAT_RO8     equ	3646	;# 
  2263   000E3F                     CANCON_RO8      equ	3647	;# 
  2264   000E40                     B2CON           equ	3648	;# 
  2265   000E41                     B2SIDH          equ	3649	;# 
  2266   000E42                     B2SIDL          equ	3650	;# 
  2267   000E43                     B2EIDH          equ	3651	;# 
  2268   000E44                     B2EIDL          equ	3652	;# 
  2269   000E45                     B2DLC           equ	3653	;# 
  2270   000E46                     B2D0            equ	3654	;# 
  2271   000E47                     B2D1            equ	3655	;# 
  2272   000E48                     B2D2            equ	3656	;# 
  2273   000E49                     B2D3            equ	3657	;# 
  2274   000E4A                     B2D4            equ	3658	;# 
  2275   000E4B                     B2D5            equ	3659	;# 
  2276   000E4C                     B2D6            equ	3660	;# 
  2277   000E4D                     B2D7            equ	3661	;# 
  2278   000E4E                     CANSTAT_RO7     equ	3662	;# 
  2279   000E4F                     CANCON_RO7      equ	3663	;# 
  2280   000E50                     B3CON           equ	3664	;# 
  2281   000E51                     B3SIDH          equ	3665	;# 
  2282   000E52                     B3SIDL          equ	3666	;# 
  2283   000E53                     B3EIDH          equ	3667	;# 
  2284   000E54                     B3EIDL          equ	3668	;# 
  2285   000E55                     B3DLC           equ	3669	;# 
  2286   000E56                     B3D0            equ	3670	;# 
  2287   000E57                     B3D1            equ	3671	;# 
  2288   000E58                     B3D2            equ	3672	;# 
  2289   000E59                     B3D3            equ	3673	;# 
  2290   000E5A                     B3D4            equ	3674	;# 
  2291   000E5B                     B3D5            equ	3675	;# 
  2292   000E5C                     B3D6            equ	3676	;# 
  2293   000E5D                     B3D7            equ	3677	;# 
  2294   000E5E                     CANSTAT_RO6     equ	3678	;# 
  2295   000E5F                     CANCON_RO6      equ	3679	;# 
  2296   000E60                     B4CON           equ	3680	;# 
  2297   000E61                     B4SIDH          equ	3681	;# 
  2298   000E62                     B4SIDL          equ	3682	;# 
  2299   000E63                     B4EIDH          equ	3683	;# 
  2300   000E64                     B4EIDL          equ	3684	;# 
  2301   000E65                     B4DLC           equ	3685	;# 
  2302   000E66                     B4D0            equ	3686	;# 
  2303   000E67                     B4D1            equ	3687	;# 
  2304   000E68                     B4D2            equ	3688	;# 
  2305   000E69                     B4D3            equ	3689	;# 
  2306   000E6A                     B4D4            equ	3690	;# 
  2307   000E6B                     B4D5            equ	3691	;# 
  2308   000E6C                     B4D6            equ	3692	;# 
  2309   000E6D                     B4D7            equ	3693	;# 
  2310   000E6E                     CANSTAT_RO5     equ	3694	;# 
  2311   000E6F                     CANCON_RO5      equ	3695	;# 
  2312   000E70                     B5CON           equ	3696	;# 
  2313   000E71                     B5SIDH          equ	3697	;# 
  2314   000E72                     B5SIDL          equ	3698	;# 
  2315   000E73                     B5EIDH          equ	3699	;# 
  2316   000E74                     B5EIDL          equ	3700	;# 
  2317   000E75                     B5DLC           equ	3701	;# 
  2318   000E76                     B5D0            equ	3702	;# 
  2319   000E77                     B5D1            equ	3703	;# 
  2320   000E78                     B5D2            equ	3704	;# 
  2321   000E79                     B5D3            equ	3705	;# 
  2322   000E7A                     B5D4            equ	3706	;# 
  2323   000E7B                     B5D5            equ	3707	;# 
  2324   000E7C                     B5D6            equ	3708	;# 
  2325   000E7D                     B5D7            equ	3709	;# 
  2326   000E7E                     CANSTAT_RO4     equ	3710	;# 
  2327   000E7F                     CANCON_RO4      equ	3711	;# 
  2328   000F00                     RXF0SIDH        equ	3840	;# 
  2329   000F01                     RXF0SIDL        equ	3841	;# 
  2330   000F02                     RXF0EIDH        equ	3842	;# 
  2331   000F03                     RXF0EIDL        equ	3843	;# 
  2332   000F04                     RXF1SIDH        equ	3844	;# 
  2333   000F05                     RXF1SIDL        equ	3845	;# 
  2334   000F06                     RXF1EIDH        equ	3846	;# 
  2335   000F07                     RXF1EIDL        equ	3847	;# 
  2336   000F08                     RXF2SIDH        equ	3848	;# 
  2337   000F09                     RXF2SIDL        equ	3849	;# 
  2338   000F0A                     RXF2EIDH        equ	3850	;# 
  2339   000F0B                     RXF2EIDL        equ	3851	;# 
  2340   000F0C                     RXF3SIDH        equ	3852	;# 
  2341   000F0D                     RXF3SIDL        equ	3853	;# 
  2342   000F0E                     RXF3EIDH        equ	3854	;# 
  2343   000F0F                     RXF3EIDL        equ	3855	;# 
  2344   000F10                     RXF4SIDH        equ	3856	;# 
  2345   000F11                     RXF4SIDL        equ	3857	;# 
  2346   000F12                     RXF4EIDH        equ	3858	;# 
  2347   000F13                     RXF4EIDL        equ	3859	;# 
  2348   000F14                     RXF5SIDH        equ	3860	;# 
  2349   000F15                     RXF5SIDL        equ	3861	;# 
  2350   000F16                     RXF5EIDH        equ	3862	;# 
  2351   000F17                     RXF5EIDL        equ	3863	;# 
  2352   000F18                     RXM0SIDH        equ	3864	;# 
  2353   000F19                     RXM0SIDL        equ	3865	;# 
  2354   000F1A                     RXM0EIDH        equ	3866	;# 
  2355   000F1B                     RXM0EIDL        equ	3867	;# 
  2356   000F1C                     RXM1SIDH        equ	3868	;# 
  2357   000F1D                     RXM1SIDL        equ	3869	;# 
  2358   000F1E                     RXM1EIDH        equ	3870	;# 
  2359   000F1F                     RXM1EIDL        equ	3871	;# 
  2360   000F20                     TXB2CON         equ	3872	;# 
  2361   000F21                     TXB2SIDH        equ	3873	;# 
  2362   000F22                     TXB2SIDL        equ	3874	;# 
  2363   000F23                     TXB2EIDH        equ	3875	;# 
  2364   000F24                     TXB2EIDL        equ	3876	;# 
  2365   000F25                     TXB2DLC         equ	3877	;# 
  2366   000F26                     TXB2D0          equ	3878	;# 
  2367   000F27                     TXB2D1          equ	3879	;# 
  2368   000F28                     TXB2D2          equ	3880	;# 
  2369   000F29                     TXB2D3          equ	3881	;# 
  2370   000F2A                     TXB2D4          equ	3882	;# 
  2371   000F2B                     TXB2D5          equ	3883	;# 
  2372   000F2C                     TXB2D6          equ	3884	;# 
  2373   000F2D                     TXB2D7          equ	3885	;# 
  2374   000F2E                     CANSTAT_RO3     equ	3886	;# 
  2375   000F2F                     CANCON_RO3      equ	3887	;# 
  2376   000F30                     TXB1CON         equ	3888	;# 
  2377   000F31                     TXB1SIDH        equ	3889	;# 
  2378   000F32                     TXB1SIDL        equ	3890	;# 
  2379   000F33                     TXB1EIDH        equ	3891	;# 
  2380   000F34                     TXB1EIDL        equ	3892	;# 
  2381   000F35                     TXB1DLC         equ	3893	;# 
  2382   000F36                     TXB1D0          equ	3894	;# 
  2383   000F37                     TXB1D1          equ	3895	;# 
  2384   000F38                     TXB1D2          equ	3896	;# 
  2385   000F39                     TXB1D3          equ	3897	;# 
  2386   000F3A                     TXB1D4          equ	3898	;# 
  2387   000F3B                     TXB1D5          equ	3899	;# 
  2388   000F3C                     TXB1D6          equ	3900	;# 
  2389   000F3D                     TXB1D7          equ	3901	;# 
  2390   000F3E                     CANSTAT_RO2     equ	3902	;# 
  2391   000F3F                     CANCON_RO2      equ	3903	;# 
  2392   000F40                     TXB0CON         equ	3904	;# 
  2393   000F41                     TXB0SIDH        equ	3905	;# 
  2394   000F42                     TXB0SIDL        equ	3906	;# 
  2395   000F43                     TXB0EIDH        equ	3907	;# 
  2396   000F44                     TXB0EIDL        equ	3908	;# 
  2397   000F45                     TXB0DLC         equ	3909	;# 
  2398   000F46                     TXB0D0          equ	3910	;# 
  2399   000F47                     TXB0D1          equ	3911	;# 
  2400   000F48                     TXB0D2          equ	3912	;# 
  2401   000F49                     TXB0D3          equ	3913	;# 
  2402   000F4A                     TXB0D4          equ	3914	;# 
  2403   000F4B                     TXB0D5          equ	3915	;# 
  2404   000F4C                     TXB0D6          equ	3916	;# 
  2405   000F4D                     TXB0D7          equ	3917	;# 
  2406   000F4E                     CANSTAT_RO1     equ	3918	;# 
  2407   000F4F                     CANCON_RO1      equ	3919	;# 
  2408   000F50                     RXB1CON         equ	3920	;# 
  2409   000F51                     RXB1SIDH        equ	3921	;# 
  2410   000F52                     RXB1SIDL        equ	3922	;# 
  2411   000F53                     RXB1EIDH        equ	3923	;# 
  2412   000F54                     RXB1EIDL        equ	3924	;# 
  2413   000F55                     RXB1DLC         equ	3925	;# 
  2414   000F56                     RXB1D0          equ	3926	;# 
  2415   000F57                     RXB1D1          equ	3927	;# 
  2416   000F58                     RXB1D2          equ	3928	;# 
  2417   000F59                     RXB1D3          equ	3929	;# 
  2418   000F5A                     RXB1D4          equ	3930	;# 
  2419   000F5B                     RXB1D5          equ	3931	;# 
  2420   000F5C                     RXB1D6          equ	3932	;# 
  2421   000F5D                     RXB1D7          equ	3933	;# 
  2422   000F5E                     CANSTAT_RO0     equ	3934	;# 
  2423   000F5F                     CANCON_RO0      equ	3935	;# 
  2424   000F60                     RXB0CON         equ	3936	;# 
  2425   000F61                     RXB0SIDH        equ	3937	;# 
  2426   000F62                     RXB0SIDL        equ	3938	;# 
  2427   000F63                     RXB0EIDH        equ	3939	;# 
  2428   000F64                     RXB0EIDL        equ	3940	;# 
  2429   000F65                     RXB0DLC         equ	3941	;# 
  2430   000F66                     RXB0D0          equ	3942	;# 
  2431   000F67                     RXB0D1          equ	3943	;# 
  2432   000F68                     RXB0D2          equ	3944	;# 
  2433   000F69                     RXB0D3          equ	3945	;# 
  2434   000F6A                     RXB0D4          equ	3946	;# 
  2435   000F6B                     RXB0D5          equ	3947	;# 
  2436   000F6C                     RXB0D6          equ	3948	;# 
  2437   000F6D                     RXB0D7          equ	3949	;# 
  2438   000F6E                     CANSTAT         equ	3950	;# 
  2439   000F6F                     CANCON          equ	3951	;# 
  2440   000F70                     BRGCON1         equ	3952	;# 
  2441   000F71                     BRGCON2         equ	3953	;# 
  2442   000F72                     BRGCON3         equ	3954	;# 
  2443   000F73                     CIOCON          equ	3955	;# 
  2444   000F74                     COMSTAT         equ	3956	;# 
  2445   000F75                     RXERRCNT        equ	3957	;# 
  2446   000F76                     TXERRCNT        equ	3958	;# 
  2447   000F77                     ECANCON         equ	3959	;# 
  2448   000F80                     PORTA           equ	3968	;# 
  2449   000F81                     PORTB           equ	3969	;# 
  2450   000F82                     PORTC           equ	3970	;# 
  2451   000F83                     PORTD           equ	3971	;# 
  2452   000F84                     PORTE           equ	3972	;# 
  2453   000F89                     LATA            equ	3977	;# 
  2454   000F8A                     LATB            equ	3978	;# 
  2455   000F8B                     LATC            equ	3979	;# 
  2456   000F8C                     LATD            equ	3980	;# 
  2457   000F8D                     LATE            equ	3981	;# 
  2458   000F92                     TRISA           equ	3986	;# 
  2459   000F92                     DDRA            equ	3986	;# 
  2460   000F93                     TRISB           equ	3987	;# 
  2461   000F93                     DDRB            equ	3987	;# 
  2462   000F94                     TRISC           equ	3988	;# 
  2463   000F94                     DDRC            equ	3988	;# 
  2464   000F95                     TRISD           equ	3989	;# 
  2465   000F95                     DDRD            equ	3989	;# 
  2466   000F96                     TRISE           equ	3990	;# 
  2467   000F96                     DDRE            equ	3990	;# 
  2468   000F9B                     OSCTUNE         equ	3995	;# 
  2469   000F9D                     PIE1            equ	3997	;# 
  2470   000F9E                     PIR1            equ	3998	;# 
  2471   000F9F                     IPR1            equ	3999	;# 
  2472   000FA0                     PIE2            equ	4000	;# 
  2473   000FA1                     PIR2            equ	4001	;# 
  2474   000FA2                     IPR2            equ	4002	;# 
  2475   000FA3                     PIE3            equ	4003	;# 
  2476   000FA4                     PIR3            equ	4004	;# 
  2477   000FA5                     IPR3            equ	4005	;# 
  2478   000FA6                     EECON1          equ	4006	;# 
  2479   000FA7                     EECON2          equ	4007	;# 
  2480   000FA8                     EEDATA          equ	4008	;# 
  2481   000FA9                     EEADR           equ	4009	;# 
  2482   000FAB                     RCSTA           equ	4011	;# 
  2483   000FAB                     RCSTA1          equ	4011	;# 
  2484   000FAC                     TXSTA           equ	4012	;# 
  2485   000FAC                     TXSTA1          equ	4012	;# 
  2486   000FAD                     TXREG           equ	4013	;# 
  2487   000FAD                     TXREG1          equ	4013	;# 
  2488   000FAE                     RCREG           equ	4014	;# 
  2489   000FAE                     RCREG1          equ	4014	;# 
  2490   000FAF                     SPBRG           equ	4015	;# 
  2491   000FAF                     SPBRG1          equ	4015	;# 
  2492   000FB0                     SPBRGH          equ	4016	;# 
  2493   000FB1                     T3CON           equ	4017	;# 
  2494   000FB2                     TMR3            equ	4018	;# 
  2495   000FB2                     TMR3L           equ	4018	;# 
  2496   000FB3                     TMR3H           equ	4019	;# 
  2497   000FB4                     CMCON           equ	4020	;# 
  2498   000FB5                     CVRCON          equ	4021	;# 
  2499   000FB6                     ECCP1AS         equ	4022	;# 
  2500   000FB7                     ECCP1DEL        equ	4023	;# 
  2501   000FB8                     BAUDCON         equ	4024	;# 
  2502   000FB8                     BAUDCTL         equ	4024	;# 
  2503   000FBA                     ECCP1CON        equ	4026	;# 
  2504   000FBB                     ECCPR1          equ	4027	;# 
  2505   000FBB                     ECCPR1L         equ	4027	;# 
  2506   000FBC                     ECCPR1H         equ	4028	;# 
  2507   000FBD                     CCP1CON         equ	4029	;# 
  2508   000FBE                     CCPR1           equ	4030	;# 
  2509   000FBE                     CCPR1L          equ	4030	;# 
  2510   000FBF                     CCPR1H          equ	4031	;# 
  2511   000FC0                     ADCON2          equ	4032	;# 
  2512   000FC1                     ADCON1          equ	4033	;# 
  2513   000FC2                     ADCON0          equ	4034	;# 
  2514   000FC3                     ADRES           equ	4035	;# 
  2515   000FC3                     ADRESL          equ	4035	;# 
  2516   000FC4                     ADRESH          equ	4036	;# 
  2517   000FC5                     SSPCON2         equ	4037	;# 
  2518   000FC6                     SSPCON1         equ	4038	;# 
  2519   000FC7                     SSPSTAT         equ	4039	;# 
  2520   000FC8                     SSPADD          equ	4040	;# 
  2521   000FC9                     SSPBUF          equ	4041	;# 
  2522   000FCA                     T2CON           equ	4042	;# 
  2523   000FCB                     PR2             equ	4043	;# 
  2524   000FCB                     MEMCON          equ	4043	;# 
  2525   000FCC                     TMR2            equ	4044	;# 
  2526   000FCD                     T1CON           equ	4045	;# 
  2527   000FCE                     TMR1            equ	4046	;# 
  2528   000FCE                     TMR1L           equ	4046	;# 
  2529   000FCF                     TMR1H           equ	4047	;# 
  2530   000FD0                     RCON            equ	4048	;# 
  2531   000FD1                     WDTCON          equ	4049	;# 
  2532   000FD2                     HLVDCON         equ	4050	;# 
  2533   000FD2                     LVDCON          equ	4050	;# 
  2534   000FD3                     OSCCON          equ	4051	;# 
  2535   000FD5                     T0CON           equ	4053	;# 
  2536   000FD6                     TMR0            equ	4054	;# 
  2537   000FD6                     TMR0L           equ	4054	;# 
  2538   000FD7                     TMR0H           equ	4055	;# 
  2539   000FD8                     STATUS          equ	4056	;# 
  2540   000FD9                     FSR2            equ	4057	;# 
  2541   000FD9                     FSR2L           equ	4057	;# 
  2542   000FDA                     FSR2H           equ	4058	;# 
  2543   000FDB                     PLUSW2          equ	4059	;# 
  2544   000FDC                     PREINC2         equ	4060	;# 
  2545   000FDD                     POSTDEC2        equ	4061	;# 
  2546   000FDE                     POSTINC2        equ	4062	;# 
  2547   000FDF                     INDF2           equ	4063	;# 
  2548   000FE0                     BSR             equ	4064	;# 
  2549   000FE1                     FSR1            equ	4065	;# 
  2550   000FE1                     FSR1L           equ	4065	;# 
  2551   000FE2                     FSR1H           equ	4066	;# 
  2552   000FE3                     PLUSW1          equ	4067	;# 
  2553   000FE4                     PREINC1         equ	4068	;# 
  2554   000FE5                     POSTDEC1        equ	4069	;# 
  2555   000FE6                     POSTINC1        equ	4070	;# 
  2556   000FE7                     INDF1           equ	4071	;# 
  2557   000FE8                     WREG            equ	4072	;# 
  2558   000FE9                     FSR0            equ	4073	;# 
  2559   000FE9                     FSR0L           equ	4073	;# 
  2560   000FEA                     FSR0H           equ	4074	;# 
  2561   000FEB                     PLUSW0          equ	4075	;# 
  2562   000FEC                     PREINC0         equ	4076	;# 
  2563   000FED                     POSTDEC0        equ	4077	;# 
  2564   000FEE                     POSTINC0        equ	4078	;# 
  2565   000FEF                     INDF0           equ	4079	;# 
  2566   000FF0                     INTCON3         equ	4080	;# 
  2567   000FF1                     INTCON2         equ	4081	;# 
  2568   000FF2                     INTCON          equ	4082	;# 
  2569   000FF3                     PROD            equ	4083	;# 
  2570   000FF3                     PRODL           equ	4083	;# 
  2571   000FF4                     PRODH           equ	4084	;# 
  2572   000FF5                     TABLAT          equ	4085	;# 
  2573   000FF6                     TBLPTR          equ	4086	;# 
  2574   000FF6                     TBLPTRL         equ	4086	;# 
  2575   000FF7                     TBLPTRH         equ	4087	;# 
  2576   000FF8                     TBLPTRU         equ	4088	;# 
  2577   000FF9                     PCLAT           equ	4089	;# 
  2578   000FF9                     PC              equ	4089	;# 
  2579   000FF9                     PCL             equ	4089	;# 
  2580   000FFA                     PCLATH          equ	4090	;# 
  2581   000FFB                     PCLATU          equ	4091	;# 
  2582   000FFC                     STKPTR          equ	4092	;# 
  2583   000FFD                     TOS             equ	4093	;# 
  2584   000FFD                     TOSL            equ	4093	;# 
  2585   000FFE                     TOSH            equ	4094	;# 
  2586   000FFF                     TOSU            equ	4095	;# 
  2587                           
  2588                           	psect	idataCOMRAM
  2589   003000                     __pidataCOMRAM:
  2590                           	callstack 0
  2591                           
  2592                           ;initializer for read_digital_keypad@once
  2593   003000  01                 	db	1
  2594   000DD4                     _RXFCON0        set	3540
  2595   000F45                     _TXB0DLC        set	3909
  2596   000F44                     _TXB0EIDL       set	3908
  2597   000F43                     _TXB0EIDH       set	3907
  2598   000F41                     _TXB0SIDH       set	3905
  2599   000F42                     _TXB0SIDL       set	3906
  2600   000F46                     _TXB0D0         set	3910
  2601   007A03                     _TXB0REQ        set	31235
  2602   000FAE                     _RCREG          set	4014
  2603   000FAD                     _TXREG          set	4013
  2604   000FAF                     _SPBRG          set	4015
  2605   000F65                     _RXB0DLC        set	3941
  2606   000F61                     _RXB0SIDH       set	3937
  2607   000F62                     _RXB0SIDL       set	3938
  2608   000F60                     _RXB0CONbits    set	3936
  2609   000F60                     _RXB0CON        set	3936
  2610   000F72                     _BRGCON3        set	3954
  2611   000F71                     _BRGCON2        set	3953
  2612   000F70                     _BRGCON1        set	3952
  2613   000F77                     _ECANCON        set	3959
  2614   000F6E                     _CANSTAT        set	3950
  2615   000F6F                     _CANCON         set	3951
  2616   000F81                     _PORTB          set	3969
  2617   000F82                     _PORTC          set	3970
  2618   000F94                     _TRISC          set	3988
  2619   000FC2                     _ADCON0         set	4034
  2620   000FC3                     _ADRESL         set	4035
  2621   000FC4                     _ADRESH         set	4036
  2622   000F66                     _RXB0D0         set	3942
  2623   007CF5                     _RCIF           set	31989
  2624   007CF4                     _TXIF           set	31988
  2625   007DC3                     _BRG16          set	32195
  2626   007D5C                     _CREN           set	32092
  2627   007D5E                     _RX9            set	32094
  2628   007D5F                     _SPEN           set	32095
  2629   007D62                     _BRGH           set	32098
  2630   007D63                     _SENDB          set	32099
  2631   007D64                     _SYNC           set	32100
  2632   007D65                     _TXEN           set	32101
  2633   007D66                     _TX9            set	32102
  2634   007CA6                     _TRISC6         set	31910
  2635   007CA7                     _TRISC7         set	31911
  2636   007C09                     _RB1            set	31753
  2637   007C08                     _RB0            set	31752
  2638   007C0F                     _RB7            set	31759
  2639   007C0E                     _RB6            set	31758
  2640   007D20                     _RXB0IF         set	32032
  2641   007B07                     _RXB0FUL        set	31495
  2642   007C9B                     _TRISB3         set	31899
  2643   007C9A                     _TRISB2         set	31898
  2644   007C9F                     _TRISB7         set	31903
  2645   007C9E                     _TRISB6         set	31902
  2646   007C99                     _TRISB1         set	31897
  2647   007C98                     _TRISB0         set	31896
  2648   007E11                     _GO             set	32273
  2649   007E10                     _ADON           set	32272
  2650   007E0C                     _VCFG0          set	32268
  2651   007E0D                     _VCFG1          set	32269
  2652   007E11                     _GODONE         set	32273
  2653   007E02                     _ADCS2          set	32258
  2654   007E01                     _ADCS1          set	32257
  2655   007E00                     _ADCS0          set	32256
  2656   007E03                     _ACQT0          set	32259
  2657   007E04                     _ACQT1          set	32260
  2658   007E05                     _ACQT2          set	32261
  2659   007E07                     _ADFM           set	32263
  2660                           
  2661                           	psect	mediumconst
  2662   002FEE                     __pmediumconst:
  2663                           	callstack 0
  2664   002FEE  00                 	db	0
  2665   002FEF                     STR_2:
  2666                           
  2667                           ; BSR set to: 15
  2668   002FEF  3C                 	db	60	;'<'
  2669   002FF0  2D                 	db	45
  2670   002FF1  2D                 	db	45
  2671   002FF2  00                 	db	0
  2672   002FF3                     STR_3:
  2673                           
  2674                           ; BSR set to: 15
  2675   002FF3  2D                 	db	45
  2676   002FF4  2D                 	db	45
  2677   002FF5  3E                 	db	62	;'>'
  2678   002FF6  00                 	db	0
  2679   002FF7                     STR_1:
  2680                           
  2681                           ; BSR set to: 15
  2682   002FF7  4F                 	db	79	;'O'
  2683   002FF8  46                 	db	70	;'F'
  2684   002FF9  46                 	db	70	;'F'
  2685   002FFA  00                 	db	0
  2686   002FFB  00                 	db	0	; dummy byte at the end
  2687   002FEE                     __smallconst    set	__pmediumconst
  2688   002FEE                     __mediumconst   set	__pmediumconst
  2689   000002                     __activetblptr  equ	2
  2690                           
  2691                           ; #config settings
  2692                           
  2693                           	psect	cinit
  2694   0028B4                     __pcinit:
  2695                           	callstack 0
  2696   0028B4                     start_initialization:
  2697                           	callstack 0
  2698   0028B4                     __initialization:
  2699                           	callstack 0
  2700                           
  2701                           ; Initialize objects allocated to COMRAM (1 bytes)
  2702                           ; load TBLPTR registers with __pidataCOMRAM
  2703   0028B4  0E00               	movlw	low __pidataCOMRAM
  2704   0028B6  6EF6               	movwf	tblptrl,c
  2705   0028B8  0E30               	movlw	high __pidataCOMRAM
  2706   0028BA  6EF7               	movwf	tblptrh,c
  2707   0028BC  0E00               	movlw	low (__pidataCOMRAM shr (0+16))
  2708   0028BE  6EF8               	movwf	tblptru,c
  2709   0028C0  0009               	tblrd		*+	;fetch initializer
  2710   0028C2  CFF5 F02C          	movff	tablat,__pdataCOMRAM
  2711                           
  2712                           ; Clear objects allocated to COMRAM (5 bytes)
  2713   0028C6  6A2B               	clrf	(__pbssCOMRAM+4)& (0+255),c
  2714   0028C8  6A2A               	clrf	(__pbssCOMRAM+3)& (0+255),c
  2715   0028CA  6A29               	clrf	(__pbssCOMRAM+2)& (0+255),c
  2716   0028CC  6A28               	clrf	(__pbssCOMRAM+1)& (0+255),c
  2717   0028CE  6A27               	clrf	__pbssCOMRAM& (0+255),c
  2718   0028D0                     end_of_initialization:
  2719                           	callstack 0
  2720   0028D0                     __end_of__initialization:
  2721                           	callstack 0
  2722   0028D0  0E00               	movlw	low (__Lmediumconst shr (0+16))
  2723   0028D2  6EF8               	movwf	tblptru,c
  2724   0028D4  0100               	movlb	0
  2725   0028D6  EFDB  F016         	goto	_main	;jump to C main() function
  2726                           
  2727                           	psect	bssCOMRAM
  2728   000027                     __pbssCOMRAM:
  2729                           	callstack 0
  2730   000027                     process_indicator@right_ind_delay:
  2731                           	callstack 0
  2732   000027                     	ds	2
  2733   000029                     process_indicator@left_ind_delay:
  2734                           	callstack 0
  2735   000029                     	ds	2
  2736   00002B                     process_indicator@status:
  2737                           	callstack 0
  2738   00002B                     	ds	1
  2739                           
  2740                           	psect	dataCOMRAM
  2741   00002C                     __pdataCOMRAM:
  2742                           	callstack 0
  2743   00002C                     read_digital_keypad@once:
  2744                           	callstack 0
  2745   00002C                     	ds	1
  2746                           
  2747                           	psect	cstackCOMRAM
  2748   000001                     __pcstackCOMRAM:
  2749                           	callstack 0
  2750   000001                     ?___awdiv:
  2751                           	callstack 0
  2752   000001                     ?___lwdiv:
  2753                           	callstack 0
  2754   000001                     ?_read_adc:
  2755                           	callstack 0
  2756   000001                     read_digital_keypad@detection_type:
  2757                           	callstack 0
  2758   000001                     my_strcpy@indicator:
  2759                           	callstack 0
  2760   000001                     set_msg_id_std@id:
  2761                           	callstack 0
  2762   000001                     ___awdiv@dividend:
  2763                           	callstack 0
  2764   000001                     ___lwdiv@dividend:
  2765                           	callstack 0
  2766   000001                     
  2767                           ; 1 bytes @ 0x0
  2768   000001                     	ds	1
  2769   000002                     my_strcpy@status:
  2770                           	callstack 0
  2771   000002                     ??_process_indicator:
  2772                           
  2773                           ; 1 bytes @ 0x1
  2774   000002                     	ds	1
  2775   000003                     ___awdiv@divisor:
  2776                           	callstack 0
  2777   000003                     ___lwdiv@divisor:
  2778                           	callstack 0
  2779   000003                     ??_read_adc:
  2780   000003                     ??_set_msg_id_std:
  2781                           
  2782                           ; 1 bytes @ 0x2
  2783   000003                     	ds	1
  2784   000004                     process_indicator@key:
  2785                           	callstack 0
  2786   000004                     ??_my_strcpy:
  2787                           
  2788                           ; 1 bytes @ 0x3
  2789   000004                     	ds	1
  2790   000005                     ___awdiv@counter:
  2791                           	callstack 0
  2792   000005                     read_adc@reg_val:
  2793                           	callstack 0
  2794   000005                     can_transmit@msg_id:
  2795                           	callstack 0
  2796   000005                     ___lwdiv@quotient:
  2797                           	callstack 0
  2798   000005                     
  2799                           ; 1 bytes @ 0x4
  2800   000005                     	ds	1
  2801   000006                     ___awdiv@sign:
  2802                           	callstack 0
  2803   000006                     my_strcpy@i:
  2804                           	callstack 0
  2805                           
  2806                           ; 2 bytes @ 0x5
  2807   000006                     	ds	1
  2808   000007                     read_adc@channel:
  2809                           	callstack 0
  2810   000007                     can_transmit@data:
  2811                           	callstack 0
  2812   000007                     ___lwdiv@counter:
  2813                           	callstack 0
  2814   000007                     ___awdiv@quotient:
  2815                           	callstack 0
  2816                           
  2817                           ; 2 bytes @ 0x6
  2818   000007                     	ds	1
  2819   000008                     ?___lwmod:
  2820                           	callstack 0
  2821   000008                     can_transmit@len:
  2822                           	callstack 0
  2823   000008                     ___lwmod@dividend:
  2824                           	callstack 0
  2825                           
  2826                           ; 2 bytes @ 0x7
  2827   000008                     	ds	1
  2828   000009                     ?_get_rpm:
  2829                           	callstack 0
  2830   000009                     ??_can_transmit:
  2831                           
  2832                           ; 1 bytes @ 0x8
  2833   000009                     	ds	1
  2834   00000A                     ___lwmod@divisor:
  2835                           	callstack 0
  2836                           
  2837                           ; 2 bytes @ 0x9
  2838   00000A                     	ds	1
  2839   00000B                     ??_get_rpm:
  2840                           
  2841                           ; 1 bytes @ 0xA
  2842   00000B                     	ds	1
  2843   00000C                     ___lwmod@counter:
  2844                           	callstack 0
  2845   00000C                     can_transmit@ptr:
  2846                           	callstack 0
  2847   00000C                     
  2848                           ; 1 bytes @ 0xB
  2849   00000C                     	ds	1
  2850   00000D                     my_itoa@rpm:
  2851                           	callstack 0
  2852                           
  2853                           ; 2 bytes @ 0xC
  2854   00000D                     	ds	1
  2855   00000E                     can_transmit@i:
  2856                           	callstack 0
  2857                           
  2858                           ; 2 bytes @ 0xD
  2859   00000E                     	ds	1
  2860   00000F                     my_itoa@str_rpm:
  2861                           	callstack 0
  2862   00000F                     get_rpm@value:
  2863                           	callstack 0
  2864                           
  2865                           ; 2 bytes @ 0xE
  2866   00000F                     	ds	1
  2867   000010                     
  2868                           ; 1 bytes @ 0xF
  2869   000010                     	ds	1
  2870   000011                     get_rpm@rpm:
  2871                           	callstack 0
  2872                           
  2873                           ; 4 bytes @ 0x10
  2874   000011                     	ds	4
  2875   000015                     ??_main:
  2876                           
  2877                           ; 1 bytes @ 0x14
  2878   000015                     	ds	1
  2879   000016                     main@str_rpm:
  2880                           	callstack 0
  2881                           
  2882                           ; 5 bytes @ 0x15
  2883   000016                     	ds	5
  2884   00001B                     main@indicator:
  2885                           	callstack 0
  2886                           
  2887                           ; 4 bytes @ 0x1A
  2888   00001B                     	ds	4
  2889   00001F                     main@rpm:
  2890                           	callstack 0
  2891                           
  2892                           ; 2 bytes @ 0x1E
  2893   00001F                     	ds	2
  2894   000021                     main@i:
  2895                           	callstack 0
  2896                           
  2897                           ; 2 bytes @ 0x20
  2898   000021                     	ds	2
  2899   000023                     main@i_111:
  2900                           	callstack 0
  2901                           
  2902                           ; 2 bytes @ 0x22
  2903   000023                     	ds	2
  2904   000025                     main@indicator_status:
  2905                           	callstack 0
  2906                           
  2907                           ; 2 bytes @ 0x24
  2908   000025                     	ds	2
  2909                           
  2910 ;;
  2911 ;;Main: autosize = 0, tempsize = 1, incstack = 0, save=0
  2912 ;;
  2913 ;; *************** function _main *****************
  2914 ;; Defined at:
  2915 ;;		line 59 in file "ecu2_main.c"
  2916 ;; Parameters:    Size  Location     Type
  2917 ;;		None
  2918 ;; Auto vars:     Size  Location     Type
  2919 ;;  i               2   34[COMRAM] int 
  2920 ;;  i               2   32[COMRAM] int 
  2921 ;;  str_rpm         5   21[COMRAM] unsigned char [5]
  2922 ;;  indicator       4   26[COMRAM] unsigned char [4]
  2923 ;;  indicator_st    2   36[COMRAM] unsigned short 
  2924 ;;  rpm             2   30[COMRAM] unsigned short 
  2925 ;; Return value:  Size  Location     Type
  2926 ;;                  2  100[None  ] int 
  2927 ;; Registers used:
  2928 ;;		wreg, fsr1l, fsr1h, fsr2l, fsr2h, status,2, status,0, tblptrl, tblptrh, tblptru, prodl, prodh, cstack
  2929 ;; Tracked objects:
  2930 ;;		On entry : 0/0
  2931 ;;		On exit  : 0/0
  2932 ;;		Unchanged: 0/0
  2933 ;; Data sizes:     COMRAM   BANK0   BANK1   BANK2   BANK3   BANK4   BANK5
  2934 ;;      Params:         0       0       0       0       0       0       0
  2935 ;;      Locals:        17       0       0       0       0       0       0
  2936 ;;      Temps:          1       0       0       0       0       0       0
  2937 ;;      Totals:        18       0       0       0       0       0       0
  2938 ;;Total ram usage:       18 bytes
  2939 ;; Hardware stack levels required when called: 2
  2940 ;; This function calls:
  2941 ;;		_can_transmit
  2942 ;;		_get_rpm
  2943 ;;		_init_config
  2944 ;;		_my_itoa
  2945 ;;		_my_strcpy
  2946 ;;		_process_indicator
  2947 ;; This function is called by:
  2948 ;;		Startup code after reset
  2949 ;; This function uses a non-reentrant model
  2950 ;;
  2951                           
  2952                           	psect	text0
  2953   002DB6                     __ptext0:
  2954                           	callstack 0
  2955   002DB6                     _main:
  2956                           	callstack 29
  2957   002DB6                     
  2958                           ;ecu2_main.c: 62:     init_config();
  2959   002DB6  EC31  F014         	call	_init_config	;wreg free
  2960   002DBA                     l1560:
  2961                           
  2962                           ;ecu2_main.c: 66:     {;ecu2_main.c: 67:         rpm=get_rpm();
  2963   002DBA  ECDA  F015         	call	_get_rpm	;wreg free
  2964   002DBE  C009  F01F         	movff	?_get_rpm,main@rpm
  2965   002DC2  C00A  F020         	movff	?_get_rpm+1,main@rpm+1
  2966   002DC6                     
  2967                           ;ecu2_main.c: 68:         indicator_status=process_indicator();
  2968   002DC6  EC65  F017         	call	_process_indicator	;wreg free
  2969   002DCA  6E15               	movwf	??_main^0,c
  2970   002DCC  5015               	movf	??_main^0,w,c
  2971   002DCE  6E25               	movwf	main@indicator_status^0,c
  2972   002DD0  6A26               	clrf	(main@indicator_status+1)^0,c
  2973   002DD2                     
  2974                           ;ecu2_main.c: 70:         char str_rpm[5];;ecu2_main.c: 71:         my_itoa(rpm,str_rpm)
      +                          ;
  2975   002DD2  C01F  F00D         	movff	main@rpm,my_itoa@rpm
  2976   002DD6  C020  F00E         	movff	main@rpm+1,my_itoa@rpm+1
  2977   002DDA  0E16               	movlw	low main@str_rpm
  2978   002DDC  6E0F               	movwf	my_itoa@str_rpm^0,c
  2979   002DDE  EC1F  F016         	call	_my_itoa	;wreg free
  2980   002DE2                     
  2981                           ;ecu2_main.c: 73:         can_transmit(0x30,str_rpm,5);
  2982   002DE2  6A06               	clrf	(can_transmit@msg_id+1)^0,c
  2983   002DE4  0E30               	movlw	48
  2984   002DE6  6E05               	movwf	can_transmit@msg_id^0,c
  2985   002DE8  0E16               	movlw	low main@str_rpm
  2986   002DEA  6E07               	movwf	can_transmit@data^0,c
  2987   002DEC  0E05               	movlw	5
  2988   002DEE  6E08               	movwf	can_transmit@len^0,c
  2989   002DF0  EC30  F015         	call	_can_transmit	;wreg free
  2990   002DF4                     
  2991                           ;ecu2_main.c: 74:         for(int i=0;i<1000;i++);
  2992   002DF4  6A22               	clrf	(main@i+1)^0,c
  2993   002DF6  0E00               	movlw	0
  2994   002DF8  6E21               	movwf	main@i^0,c
  2995   002DFA                     l1574:
  2996   002DFA  4A21               	infsnz	main@i^0,f,c
  2997   002DFC  2A22               	incf	(main@i+1)^0,f,c
  2998   002DFE  BE22               	btfsc	(main@i+1)^0,7,c
  2999   002E00  EF0B  F017         	goto	u661
  3000   002E04  0EE8               	movlw	232
  3001   002E06  5C21               	subwf	main@i^0,w,c
  3002   002E08  0E03               	movlw	3
  3003   002E0A  5822               	subwfb	(main@i+1)^0,w,c
  3004   002E0C  A0D8               	btfss	status,0,c
  3005   002E0E  EF0B  F017         	goto	u661
  3006   002E12  EF0D  F017         	goto	u660
  3007   002E16                     u661:
  3008   002E16  EFFD  F016         	goto	l1574
  3009   002E1A                     u660:
  3010   002E1A                     
  3011                           ;ecu2_main.c: 79:         char indicator[4];;ecu2_main.c: 80:         if(indicator_statu
      +                          s==0)
  3012   002E1A  5025               	movf	main@indicator_status^0,w,c
  3013   002E1C  1026               	iorwf	(main@indicator_status+1)^0,w,c
  3014   002E1E  A4D8               	btfss	status,2,c
  3015   002E20  EF14  F017         	goto	u671
  3016   002E24  EF16  F017         	goto	u670
  3017   002E28                     u671:
  3018   002E28  EF20  F017         	goto	l1582
  3019   002E2C                     u670:
  3020   002E2C                     
  3021                           ;ecu2_main.c: 81:         {;ecu2_main.c: 83:             my_strcpy(indicator,"OFF");
  3022   002E2C  0E1B               	movlw	low main@indicator
  3023   002E2E  6E01               	movwf	my_strcpy@indicator^0,c
  3024   002E30  0EF7               	movlw	low STR_1
  3025   002E32  6E02               	movwf	my_strcpy@status^0,c
  3026   002E34  0E2F               	movlw	high STR_1
  3027   002E36  6E03               	movwf	(my_strcpy@status+1)^0,c
  3028   002E38  ECFE  F014         	call	_my_strcpy	;wreg free
  3029                           
  3030                           ;ecu2_main.c: 84:         }
  3031   002E3C  EF45  F017         	goto	l1590
  3032   002E40                     l1582:
  3033   002E40  0425               	decf	main@indicator_status^0,w,c
  3034   002E42  1026               	iorwf	(main@indicator_status+1)^0,w,c
  3035   002E44  A4D8               	btfss	status,2,c
  3036   002E46  EF27  F017         	goto	u681
  3037   002E4A  EF29  F017         	goto	u680
  3038   002E4E                     u681:
  3039   002E4E  EF33  F017         	goto	l1586
  3040   002E52                     u680:
  3041   002E52                     
  3042                           ;ecu2_main.c: 86:         {;ecu2_main.c: 88:             my_strcpy(indicator,"<--");
  3043   002E52  0E1B               	movlw	low main@indicator
  3044   002E54  6E01               	movwf	my_strcpy@indicator^0,c
  3045   002E56  0EEF               	movlw	low STR_2
  3046   002E58  6E02               	movwf	my_strcpy@status^0,c
  3047   002E5A  0E2F               	movlw	high STR_2
  3048   002E5C  6E03               	movwf	(my_strcpy@status+1)^0,c
  3049   002E5E  ECFE  F014         	call	_my_strcpy	;wreg free
  3050                           
  3051                           ;ecu2_main.c: 89:         }
  3052   002E62  EF45  F017         	goto	l1590
  3053   002E66                     l1586:
  3054   002E66  0E02               	movlw	2
  3055   002E68  1825               	xorwf	main@indicator_status^0,w,c
  3056   002E6A  1026               	iorwf	(main@indicator_status+1)^0,w,c
  3057   002E6C  A4D8               	btfss	status,2,c
  3058   002E6E  EF3B  F017         	goto	u691
  3059   002E72  EF3D  F017         	goto	u690
  3060   002E76                     u691:
  3061   002E76  EF45  F017         	goto	l1590
  3062   002E7A                     u690:
  3063   002E7A                     
  3064                           ;ecu2_main.c: 91:         {;ecu2_main.c: 93:             my_strcpy(indicator,"-->");
  3065   002E7A  0E1B               	movlw	low main@indicator
  3066   002E7C  6E01               	movwf	my_strcpy@indicator^0,c
  3067   002E7E  0EF3               	movlw	low STR_3
  3068   002E80  6E02               	movwf	my_strcpy@status^0,c
  3069   002E82  0E2F               	movlw	high STR_3
  3070   002E84  6E03               	movwf	(my_strcpy@status+1)^0,c
  3071   002E86  ECFE  F014         	call	_my_strcpy	;wreg free
  3072   002E8A                     l1590:
  3073                           
  3074                           ;ecu2_main.c: 95:         can_transmit(0x50,indicator,4);
  3075   002E8A  6A06               	clrf	(can_transmit@msg_id+1)^0,c
  3076   002E8C  0E50               	movlw	80
  3077   002E8E  6E05               	movwf	can_transmit@msg_id^0,c
  3078   002E90  0E1B               	movlw	low main@indicator
  3079   002E92  6E07               	movwf	can_transmit@data^0,c
  3080   002E94  0E04               	movlw	4
  3081   002E96  6E08               	movwf	can_transmit@len^0,c
  3082   002E98  EC30  F015         	call	_can_transmit	;wreg free
  3083   002E9C                     
  3084                           ;ecu2_main.c: 96:         for(int i=0;i<1000;i++);
  3085   002E9C  6A24               	clrf	(main@i_111+1)^0,c
  3086   002E9E  0E00               	movlw	0
  3087   002EA0  6E23               	movwf	main@i_111^0,c
  3088   002EA2                     l1598:
  3089   002EA2  4A23               	infsnz	main@i_111^0,f,c
  3090   002EA4  2A24               	incf	(main@i_111+1)^0,f,c
  3091   002EA6  BE24               	btfsc	(main@i_111+1)^0,7,c
  3092   002EA8  EF5F  F017         	goto	u701
  3093   002EAC  0EE8               	movlw	232
  3094   002EAE  5C23               	subwf	main@i_111^0,w,c
  3095   002EB0  0E03               	movlw	3
  3096   002EB2  5824               	subwfb	(main@i_111+1)^0,w,c
  3097   002EB4  A0D8               	btfss	status,0,c
  3098   002EB6  EF5F  F017         	goto	u701
  3099   002EBA  EF61  F017         	goto	u700
  3100   002EBE                     u701:
  3101   002EBE  EF51  F017         	goto	l1598
  3102   002EC2                     u700:
  3103   002EC2  EFDD  F016         	goto	l1560
  3104   002EC6  EFFE  F017         	goto	start
  3105   002ECA                     __end_of_main:
  3106                           	callstack 0
  3107                           
  3108 ;; *************** function _process_indicator *****************
  3109 ;; Defined at:
  3110 ;;		line 35 in file "ecu2_sensor.c"
  3111 ;; Parameters:    Size  Location     Type
  3112 ;;		None
  3113 ;; Auto vars:     Size  Location     Type
  3114 ;;  key             1    3[COMRAM] unsigned char 
  3115 ;; Return value:  Size  Location     Type
  3116 ;;                  1    wreg      enum E10483
  3117 ;; Registers used:
  3118 ;;		wreg, status,2, status,0, cstack
  3119 ;; Tracked objects:
  3120 ;;		On entry : 0/0
  3121 ;;		On exit  : 0/0
  3122 ;;		Unchanged: 0/0
  3123 ;; Data sizes:     COMRAM   BANK0   BANK1   BANK2   BANK3   BANK4   BANK5
  3124 ;;      Params:         0       0       0       0       0       0       0
  3125 ;;      Locals:         1       0       0       0       0       0       0
  3126 ;;      Temps:          2       0       0       0       0       0       0
  3127 ;;      Totals:         3       0       0       0       0       0       0
  3128 ;;Total ram usage:        3 bytes
  3129 ;; Hardware stack levels used: 1
  3130 ;; Hardware stack levels required when called: 1
  3131 ;; This function calls:
  3132 ;;		_read_digital_keypad
  3133 ;; This function is called by:
  3134 ;;		_main
  3135 ;; This function uses a non-reentrant model
  3136 ;;
  3137                           
  3138                           	psect	text1
  3139   002ECA                     __ptext1:
  3140                           	callstack 0
  3141   002ECA                     _process_indicator:
  3142                           	callstack 29
  3143   002ECA                     
  3144                           ;ecu2_sensor.c: 38:     char key;;ecu2_sensor.c: 39:     static IndicatorStatus status =
      +                           0;;ecu2_sensor.c: 40:     static int left_ind_delay=0;;ecu2_sensor.c: 41:     static in
      +                          t right_ind_delay=0;;ecu2_sensor.c: 42:     key=read_digital_keypad(1);
  3145   002ECA  0E01               	movlw	1
  3146   002ECC  ECA0  F015         	call	_read_digital_keypad
  3147   002ED0  6E04               	movwf	process_indicator@key^0,c
  3148   002ED2                     
  3149                           ;ecu2_sensor.c: 43:     if(key==0x0E)
  3150   002ED2  0E0E               	movlw	14
  3151   002ED4  1804               	xorwf	process_indicator@key^0,w,c
  3152   002ED6  A4D8               	btfss	status,2,c
  3153   002ED8  EF70  F017         	goto	u231
  3154   002EDC  EF72  F017         	goto	u230
  3155   002EE0                     u231:
  3156   002EE0  EF74  F017         	goto	l1268
  3157   002EE4                     u230:
  3158   002EE4                     
  3159                           ;ecu2_sensor.c: 44:     {;ecu2_sensor.c: 45:         status = 1;
  3160   002EE4  0E01               	movlw	1
  3161   002EE6  6E2B               	movwf	process_indicator@status^0,c
  3162   002EE8                     l1268:
  3163                           
  3164                           ;ecu2_sensor.c: 47:     if(key==0x0D)
  3165   002EE8  0E0D               	movlw	13
  3166   002EEA  1804               	xorwf	process_indicator@key^0,w,c
  3167   002EEC  A4D8               	btfss	status,2,c
  3168   002EEE  EF7B  F017         	goto	u241
  3169   002EF2  EF7D  F017         	goto	u240
  3170   002EF6                     u241:
  3171   002EF6  EF7F  F017         	goto	l1272
  3172   002EFA                     u240:
  3173   002EFA                     
  3174                           ;ecu2_sensor.c: 48:     {;ecu2_sensor.c: 49:         status = 2;
  3175   002EFA  0E02               	movlw	2
  3176   002EFC  6E2B               	movwf	process_indicator@status^0,c
  3177   002EFE                     l1272:
  3178                           
  3179                           ;ecu2_sensor.c: 51:     if(key==0x0B)
  3180   002EFE  0E0B               	movlw	11
  3181   002F00  1804               	xorwf	process_indicator@key^0,w,c
  3182   002F02  A4D8               	btfss	status,2,c
  3183   002F04  EF86  F017         	goto	u251
  3184   002F08  EF88  F017         	goto	u250
  3185   002F0C                     u251:
  3186   002F0C  EF89  F017         	goto	l1276
  3187   002F10                     u250:
  3188   002F10                     
  3189                           ;ecu2_sensor.c: 52:     {;ecu2_sensor.c: 53:         status = 0;
  3190   002F10  6A2B               	clrf	process_indicator@status^0,c
  3191   002F12                     l1276:
  3192                           
  3193                           ;ecu2_sensor.c: 55:     if(status == 1)
  3194   002F12  042B               	decf	process_indicator@status^0,w,c
  3195   002F14  A4D8               	btfss	status,2,c
  3196   002F16  EF8F  F017         	goto	u261
  3197   002F1A  EF91  F017         	goto	u260
  3198   002F1E                     u261:
  3199   002F1E  EFBE  F017         	goto	l1288
  3200   002F22                     u260:
  3201   002F22                     
  3202                           ;ecu2_sensor.c: 56:     {;ecu2_sensor.c: 57:         RB6 = RB7 = 0;
  3203   002F22  9E81               	bcf	3969,7,c	;volatile
  3204   002F24  9C81               	bcf	3969,6,c	;volatile
  3205   002F26                     
  3206                           ;ecu2_sensor.c: 59:         if(left_ind_delay++ >= 100)
  3207   002F26  5029               	movf	process_indicator@left_ind_delay^0,w,c
  3208   002F28  6E02               	movwf	??_process_indicator^0,c
  3209   002F2A  502A               	movf	(process_indicator@left_ind_delay+1)^0,w,c
  3210   002F2C  6E03               	movwf	(??_process_indicator+1)^0,c
  3211   002F2E  4A29               	infsnz	process_indicator@left_ind_delay^0,f,c
  3212   002F30  2A2A               	incf	(process_indicator@left_ind_delay+1)^0,f,c
  3213   002F32  BE03               	btfsc	(??_process_indicator+1)^0,7,c
  3214   002F34  EFA5  F017         	goto	u271
  3215   002F38  5003               	movf	(??_process_indicator+1)^0,w,c
  3216   002F3A  E109               	bnz	u270
  3217   002F3C  0E64               	movlw	100
  3218   002F3E  5C02               	subwf	??_process_indicator^0,w,c
  3219   002F40  A0D8               	btfss	status,0,c
  3220   002F42  EFA5  F017         	goto	u271
  3221   002F46  EFA7  F017         	goto	u270
  3222   002F4A                     u271:
  3223   002F4A  EFF5  F017         	goto	l1300
  3224   002F4E                     u270:
  3225   002F4E                     
  3226                           ;ecu2_sensor.c: 60:         {;ecu2_sensor.c: 61:             left_ind_delay = 0;
  3227   002F4E  6A2A               	clrf	(process_indicator@left_ind_delay+1)^0,c
  3228   002F50  0E00               	movlw	0
  3229   002F52  6E29               	movwf	process_indicator@left_ind_delay^0,c
  3230   002F54                     
  3231                           ;ecu2_sensor.c: 62:             RB0 = !RB0;
  3232   002F54  A081               	btfss	3969,0,c	;volatile
  3233   002F56  EFAF  F017         	goto	u281
  3234   002F5A  EFB2  F017         	goto	u280
  3235   002F5E                     u281:
  3236   002F5E  8081               	bsf	3969,0,c	;volatile
  3237   002F60  EFB3  F017         	goto	u295
  3238   002F64                     u280:
  3239   002F64  9081               	bcf	3969,0,c	;volatile
  3240   002F66                     u295:
  3241   002F66                     
  3242                           ;ecu2_sensor.c: 63:             RB1 = !RB1;
  3243   002F66  A281               	btfss	3969,1,c	;volatile
  3244   002F68  EFB8  F017         	goto	u301
  3245   002F6C  EFBB  F017         	goto	u300
  3246   002F70                     u301:
  3247   002F70  8281               	bsf	3969,1,c	;volatile
  3248   002F72  EFBC  F017         	goto	u315
  3249   002F76                     u300:
  3250   002F76  9281               	bcf	3969,1,c	;volatile
  3251   002F78                     u315:
  3252   002F78  EFF5  F017         	goto	l1300
  3253   002F7C                     l1288:
  3254   002F7C  0E02               	movlw	2
  3255   002F7E  182B               	xorwf	process_indicator@status^0,w,c
  3256   002F80  A4D8               	btfss	status,2,c
  3257   002F82  EFC5  F017         	goto	u321
  3258   002F86  EFC7  F017         	goto	u320
  3259   002F8A                     u321:
  3260   002F8A  EFF4  F017         	goto	l221
  3261   002F8E                     u320:
  3262   002F8E                     
  3263                           ;ecu2_sensor.c: 67:     {;ecu2_sensor.c: 68:         RB0 = RB1 = 0;
  3264   002F8E  9281               	bcf	3969,1,c	;volatile
  3265   002F90  9081               	bcf	3969,0,c	;volatile
  3266   002F92                     
  3267                           ;ecu2_sensor.c: 70:         if(right_ind_delay++ >= 100)
  3268   002F92  5027               	movf	process_indicator@right_ind_delay^0,w,c
  3269   002F94  6E02               	movwf	??_process_indicator^0,c
  3270   002F96  5028               	movf	(process_indicator@right_ind_delay+1)^0,w,c
  3271   002F98  6E03               	movwf	(??_process_indicator+1)^0,c
  3272   002F9A  4A27               	infsnz	process_indicator@right_ind_delay^0,f,c
  3273   002F9C  2A28               	incf	(process_indicator@right_ind_delay+1)^0,f,c
  3274   002F9E  BE03               	btfsc	(??_process_indicator+1)^0,7,c
  3275   002FA0  EFDB  F017         	goto	u331
  3276   002FA4  5003               	movf	(??_process_indicator+1)^0,w,c
  3277   002FA6  E109               	bnz	u330
  3278   002FA8  0E64               	movlw	100
  3279   002FAA  5C02               	subwf	??_process_indicator^0,w,c
  3280   002FAC  A0D8               	btfss	status,0,c
  3281   002FAE  EFDB  F017         	goto	u331
  3282   002FB2  EFDD  F017         	goto	u330
  3283   002FB6                     u331:
  3284   002FB6  EFF5  F017         	goto	l1300
  3285   002FBA                     u330:
  3286   002FBA                     
  3287                           ;ecu2_sensor.c: 71:         {;ecu2_sensor.c: 72:             right_ind_delay = 0;
  3288   002FBA  6A28               	clrf	(process_indicator@right_ind_delay+1)^0,c
  3289   002FBC  0E00               	movlw	0
  3290   002FBE  6E27               	movwf	process_indicator@right_ind_delay^0,c
  3291   002FC0                     
  3292                           ;ecu2_sensor.c: 73:             RB6 = !RB6;
  3293   002FC0  AC81               	btfss	3969,6,c	;volatile
  3294   002FC2  EFE5  F017         	goto	u341
  3295   002FC6  EFE8  F017         	goto	u340
  3296   002FCA                     u341:
  3297   002FCA  8C81               	bsf	3969,6,c	;volatile
  3298   002FCC  EFE9  F017         	goto	u355
  3299   002FD0                     u340:
  3300   002FD0  9C81               	bcf	3969,6,c	;volatile
  3301   002FD2                     u355:
  3302   002FD2                     
  3303                           ;ecu2_sensor.c: 74:             RB7 = !RB7;
  3304   002FD2  AE81               	btfss	3969,7,c	;volatile
  3305   002FD4  EFEE  F017         	goto	u361
  3306   002FD8  EFF1  F017         	goto	u360
  3307   002FDC                     u361:
  3308   002FDC  8E81               	bsf	3969,7,c	;volatile
  3309   002FDE  EFF2  F017         	goto	u375
  3310   002FE2                     u360:
  3311   002FE2  9E81               	bcf	3969,7,c	;volatile
  3312   002FE4                     u375:
  3313   002FE4  EFF5  F017         	goto	l1300
  3314   002FE8                     l221:
  3315                           
  3316                           ;ecu2_sensor.c: 78:     {;ecu2_sensor.c: 79:         PORTB = 0;
  3317   002FE8  6A81               	clrf	129,c	;volatile
  3318   002FEA                     l1300:
  3319                           
  3320                           ;ecu2_sensor.c: 81:     return status;
  3321   002FEA  502B               	movf	process_indicator@status^0,w,c
  3322   002FEC  0012               	return		;funcret
  3323   002FEE                     __end_of_process_indicator:
  3324                           	callstack 0
  3325                           
  3326 ;; *************** function _read_digital_keypad *****************
  3327 ;; Defined at:
  3328 ;;		line 17 in file "digital_keypad.c"
  3329 ;; Parameters:    Size  Location     Type
  3330 ;;  detection_ty    1    wreg     unsigned char 
  3331 ;; Auto vars:     Size  Location     Type
  3332 ;;  detection_ty    1    0[COMRAM] unsigned char 
  3333 ;; Return value:  Size  Location     Type
  3334 ;;                  1    wreg      unsigned char 
  3335 ;; Registers used:
  3336 ;;		wreg, status,2, status,0
  3337 ;; Tracked objects:
  3338 ;;		On entry : 0/0
  3339 ;;		On exit  : 0/0
  3340 ;;		Unchanged: 0/0
  3341 ;; Data sizes:     COMRAM   BANK0   BANK1   BANK2   BANK3   BANK4   BANK5
  3342 ;;      Params:         0       0       0       0       0       0       0
  3343 ;;      Locals:         1       0       0       0       0       0       0
  3344 ;;      Temps:          0       0       0       0       0       0       0
  3345 ;;      Totals:         1       0       0       0       0       0       0
  3346 ;;Total ram usage:        1 bytes
  3347 ;; Hardware stack levels used: 1
  3348 ;; This function calls:
  3349 ;;		Nothing
  3350 ;; This function is called by:
  3351 ;;		_process_indicator
  3352 ;; This function uses a non-reentrant model
  3353 ;;
  3354                           
  3355                           	psect	text2
  3356   002B40                     __ptext2:
  3357                           	callstack 0
  3358   002B40                     _read_digital_keypad:
  3359                           	callstack 29
  3360                           
  3361                           ;incstack = 0
  3362                           ;read_digital_keypad@detection_type stored from wreg
  3363   002B40  6E01               	movwf	read_digital_keypad@detection_type^0,c
  3364   002B42                     
  3365                           ;digital_keypad.c: 17: unsigned char read_digital_keypad(unsigned char detection_type);d
      +                          igital_keypad.c: 18: {;digital_keypad.c: 19:  static unsigned char once = 1;;digital_key
      +                          pad.c: 21:  if (detection_type == 1)
  3366   002B42  0401               	decf	read_digital_keypad@detection_type^0,w,c
  3367   002B44  A4D8               	btfss	status,2,c
  3368   002B46  EFA7  F015         	goto	u21
  3369   002B4A  EFA9  F015         	goto	u20
  3370   002B4E                     u21:
  3371   002B4E  EFCE  F015         	goto	l1098
  3372   002B52                     u20:
  3373   002B52                     
  3374                           ;digital_keypad.c: 22:  {;digital_keypad.c: 23:   if (((PORTC & 0x0F) != 0x0F) && once)
  3375   002B52  5082               	movf	130,w,c	;volatile
  3376   002B54  0B0F               	andlw	15
  3377   002B56  0A0F               	xorlw	15
  3378   002B58  B4D8               	btfsc	status,2,c
  3379   002B5A  EFB1  F015         	goto	u31
  3380   002B5E  EFB3  F015         	goto	u30
  3381   002B62                     u31:
  3382   002B62  EFC0  F015         	goto	l1094
  3383   002B66                     u30:
  3384   002B66  502C               	movf	read_digital_keypad@once^0,w,c
  3385   002B68  B4D8               	btfsc	status,2,c
  3386   002B6A  EFB9  F015         	goto	u41
  3387   002B6E  EFBB  F015         	goto	u40
  3388   002B72                     u41:
  3389   002B72  EFC0  F015         	goto	l1094
  3390   002B76                     u40:
  3391   002B76                     
  3392                           ;digital_keypad.c: 24:   {;digital_keypad.c: 25:    once = 0;
  3393   002B76  6A2C               	clrf	read_digital_keypad@once^0,c
  3394   002B78                     l1088:
  3395                           
  3396                           ;digital_keypad.c: 27:    return (PORTC & 0x0F);
  3397   002B78  5082               	movf	130,w,c	;volatile
  3398   002B7A  0B0F               	andlw	15
  3399   002B7C  EFD9  F015         	goto	l53
  3400   002B80                     l1094:
  3401   002B80  5082               	movf	130,w,c	;volatile
  3402   002B82  0B0F               	andlw	15
  3403   002B84  0A0F               	xorlw	15
  3404   002B86  A4D8               	btfss	status,2,c
  3405   002B88  EFC8  F015         	goto	u51
  3406   002B8C  EFCA  F015         	goto	u50
  3407   002B90                     u51:
  3408   002B90  EFD8  F015         	goto	l1104
  3409   002B94                     u50:
  3410   002B94                     
  3411                           ;digital_keypad.c: 30:   {;digital_keypad.c: 31:    once = 1;
  3412   002B94  0E01               	movlw	1
  3413   002B96  6E2C               	movwf	read_digital_keypad@once^0,c
  3414   002B98  EFD8  F015         	goto	l1104
  3415   002B9C                     l1098:
  3416   002B9C  5001               	movf	read_digital_keypad@detection_type^0,w,c
  3417   002B9E  A4D8               	btfss	status,2,c
  3418   002BA0  EFD4  F015         	goto	u61
  3419   002BA4  EFD6  F015         	goto	u60
  3420   002BA8                     u61:
  3421   002BA8  EFD8  F015         	goto	l1104
  3422   002BAC                     u60:
  3423   002BAC  EFBC  F015         	goto	l1088
  3424   002BB0                     l1104:
  3425                           
  3426                           ;digital_keypad.c: 39:  return 0xFF;
  3427   002BB0  0EFF               	movlw	255
  3428   002BB2                     l53:
  3429   002BB2  0012               	return		;funcret
  3430   002BB4                     __end_of_read_digital_keypad:
  3431                           	callstack 0
  3432                           
  3433 ;; *************** function _my_strcpy *****************
  3434 ;; Defined at:
  3435 ;;		line 48 in file "ecu2_main.c"
  3436 ;; Parameters:    Size  Location     Type
  3437 ;;  indicator       1    0[COMRAM] PTR unsigned char 
  3438 ;;		 -> main@indicator(4), 
  3439 ;;  status          2    1[COMRAM] PTR unsigned char 
  3440 ;;		 -> STR_3(4), STR_2(4), STR_1(4), 
  3441 ;; Auto vars:     Size  Location     Type
  3442 ;;  i               2    5[COMRAM] int 
  3443 ;; Return value:  Size  Location     Type
  3444 ;;                  1    wreg      void 
  3445 ;; Registers used:
  3446 ;;		wreg, fsr2l, fsr2h, status,2, status,0, tblptrl, tblptrh, tblptru
  3447 ;; Tracked objects:
  3448 ;;		On entry : 0/0
  3449 ;;		On exit  : 0/0
  3450 ;;		Unchanged: 0/0
  3451 ;; Data sizes:     COMRAM   BANK0   BANK1   BANK2   BANK3   BANK4   BANK5
  3452 ;;      Params:         3       0       0       0       0       0       0
  3453 ;;      Locals:         2       0       0       0       0       0       0
  3454 ;;      Temps:          2       0       0       0       0       0       0
  3455 ;;      Totals:         7       0       0       0       0       0       0
  3456 ;;Total ram usage:        7 bytes
  3457 ;; Hardware stack levels used: 1
  3458 ;; This function calls:
  3459 ;;		Nothing
  3460 ;; This function is called by:
  3461 ;;		_main
  3462 ;; This function uses a non-reentrant model
  3463 ;;
  3464                           
  3465                           	psect	text3
  3466   0029FC                     __ptext3:
  3467                           	callstack 0
  3468   0029FC                     _my_strcpy:
  3469                           	callstack 30
  3470   0029FC                     
  3471                           ;ecu2_main.c: 48: void my_strcpy(char indicator[],char status[]);ecu2_main.c: 49: {;ecu2
      +                          _main.c: 50:     int i=0;
  3472   0029FC  6A07               	clrf	(my_strcpy@i+1)^0,c
  3473   0029FE  0E00               	movlw	0
  3474   002A00  6E06               	movwf	my_strcpy@i^0,c
  3475                           
  3476                           ;ecu2_main.c: 51:     while(status[i]!='\0')
  3477   002A02  EF16  F015         	goto	l1520
  3478   002A06                     l1516:
  3479                           
  3480                           ;ecu2_main.c: 52:     {;ecu2_main.c: 53:         indicator[i]=status[i];
  3481   002A06  5006               	movf	my_strcpy@i^0,w,c
  3482   002A08  2402               	addwf	my_strcpy@status^0,w,c
  3483   002A0A  6E04               	movwf	??_my_strcpy^0,c
  3484   002A0C  5007               	movf	(my_strcpy@i+1)^0,w,c
  3485   002A0E  2003               	addwfc	(my_strcpy@status+1)^0,w,c
  3486   002A10  6E05               	movwf	(??_my_strcpy+1)^0,c
  3487   002A12  C004  FFF6         	movff	??_my_strcpy,tblptrl
  3488   002A16  C005  FFF7         	movff	??_my_strcpy+1,tblptrh
  3489   002A1A                     	if	0	;tblptru may be non-zero
  3490   002A1A                     	endif
  3491   002A1A                     	if	0	;tblptru may be non-zero
  3492   002A1A                     	endif
  3493   002A1A  5001               	movf	my_strcpy@indicator^0,w,c
  3494   002A1C  2406               	addwf	my_strcpy@i^0,w,c
  3495   002A1E  6ED9               	movwf	fsr2l,c
  3496   002A20  6ADA               	clrf	fsr2h,c
  3497   002A22  0008               	tblrd		*
  3498   002A24  CFF5 FFDF          	movff	tablat,indf2
  3499   002A28                     
  3500                           ;ecu2_main.c: 54:         i++;
  3501   002A28  4A06               	infsnz	my_strcpy@i^0,f,c
  3502   002A2A  2A07               	incf	(my_strcpy@i+1)^0,f,c
  3503   002A2C                     l1520:
  3504                           
  3505                           ;ecu2_main.c: 51:     while(status[i]!='\0')
  3506   002A2C  5006               	movf	my_strcpy@i^0,w,c
  3507   002A2E  2402               	addwf	my_strcpy@status^0,w,c
  3508   002A30  6E04               	movwf	??_my_strcpy^0,c
  3509   002A32  5007               	movf	(my_strcpy@i+1)^0,w,c
  3510   002A34  2003               	addwfc	(my_strcpy@status+1)^0,w,c
  3511   002A36  6E05               	movwf	(??_my_strcpy+1)^0,c
  3512   002A38  C004  FFF6         	movff	??_my_strcpy,tblptrl
  3513   002A3C  C005  FFF7         	movff	??_my_strcpy+1,tblptrh
  3514   002A40                     	if	0	;tblptru may be non-zero
  3515   002A40                     	endif
  3516   002A40                     	if	0	;tblptru may be non-zero
  3517   002A40                     	endif
  3518   002A40  0008               	tblrd		*
  3519   002A42  50F5               	movf	tablat,w,c
  3520   002A44  0900               	iorlw	0
  3521   002A46  A4D8               	btfss	status,2,c
  3522   002A48  EF28  F015         	goto	u631
  3523   002A4C  EF2A  F015         	goto	u630
  3524   002A50                     u631:
  3525   002A50  EF03  F015         	goto	l1516
  3526   002A54                     u630:
  3527   002A54                     
  3528                           ;ecu2_main.c: 56:     indicator[i]='\0';
  3529   002A54  5001               	movf	my_strcpy@indicator^0,w,c
  3530   002A56  2406               	addwf	my_strcpy@i^0,w,c
  3531   002A58  6ED9               	movwf	fsr2l,c
  3532   002A5A  6ADA               	clrf	fsr2h,c
  3533   002A5C  6ADF               	clrf	indf2,c
  3534   002A5E  0012               	return		;funcret
  3535   002A60                     __end_of_my_strcpy:
  3536                           	callstack 0
  3537                           
  3538 ;; *************** function _my_itoa *****************
  3539 ;; Defined at:
  3540 ;;		line 15 in file "ecu2_main.c"
  3541 ;; Parameters:    Size  Location     Type
  3542 ;;  rpm             2   12[COMRAM] unsigned int 
  3543 ;;  str_rpm         1   14[COMRAM] PTR unsigned char 
  3544 ;;		 -> main@str_rpm(5), 
  3545 ;; Auto vars:     Size  Location     Type
  3546 ;;		None
  3547 ;; Return value:  Size  Location     Type
  3548 ;;                  1    wreg      void 
  3549 ;; Registers used:
  3550 ;;		wreg, fsr2l, fsr2h, status,2, status,0, cstack
  3551 ;; Tracked objects:
  3552 ;;		On entry : 0/0
  3553 ;;		On exit  : 0/0
  3554 ;;		Unchanged: 0/0
  3555 ;; Data sizes:     COMRAM   BANK0   BANK1   BANK2   BANK3   BANK4   BANK5
  3556 ;;      Params:         3       0       0       0       0       0       0
  3557 ;;      Locals:         0       0       0       0       0       0       0
  3558 ;;      Temps:          0       0       0       0       0       0       0
  3559 ;;      Totals:         3       0       0       0       0       0       0
  3560 ;;Total ram usage:        3 bytes
  3561 ;; Hardware stack levels used: 1
  3562 ;; Hardware stack levels required when called: 1
  3563 ;; This function calls:
  3564 ;;		___lwdiv
  3565 ;;		___lwmod
  3566 ;; This function is called by:
  3567 ;;		_main
  3568 ;; This function uses a non-reentrant model
  3569 ;;
  3570                           
  3571                           	psect	text4
  3572   002C3E                     __ptext4:
  3573                           	callstack 0
  3574   002C3E                     _my_itoa:
  3575                           	callstack 29
  3576   002C3E                     
  3577                           ;ecu2_main.c: 15: void my_itoa(unsigned int rpm,char str_rpm[]);ecu2_main.c: 16: {;ecu2_
      +                          main.c: 17:     str_rpm[0]=(rpm/1000)+'0';
  3578   002C3E  500F               	movf	my_itoa@str_rpm^0,w,c
  3579   002C40  6ED9               	movwf	fsr2l,c
  3580   002C42  6ADA               	clrf	fsr2h,c
  3581   002C44  C00D  F001         	movff	my_itoa@rpm,___lwdiv@dividend
  3582   002C48  C00E  F002         	movff	my_itoa@rpm+1,___lwdiv@dividend+1
  3583   002C4C  0E03               	movlw	3
  3584   002C4E  6E04               	movwf	(___lwdiv@divisor+1)^0,c
  3585   002C50  0EE8               	movlw	232
  3586   002C52  6E03               	movwf	___lwdiv@divisor^0,c
  3587   002C54  EC67  F015         	call	___lwdiv	;wreg free
  3588   002C58  5001               	movf	?___lwdiv^0,w,c
  3589   002C5A  0F30               	addlw	48
  3590   002C5C  6EDF               	movwf	indf2,c
  3591                           
  3592                           ;ecu2_main.c: 18:     str_rpm[1]=((rpm/100)%10)+'0';
  3593   002C5E  500F               	movf	my_itoa@str_rpm^0,w,c
  3594   002C60  6ED9               	movwf	fsr2l,c
  3595   002C62  6ADA               	clrf	fsr2h,c
  3596   002C64  0E01               	movlw	1
  3597   002C66  26D9               	addwf	fsr2l,f,c
  3598   002C68  6A04               	clrf	(___lwdiv@divisor+1)^0,c
  3599   002C6A  0E64               	movlw	100
  3600   002C6C  6E03               	movwf	___lwdiv@divisor^0,c
  3601   002C6E  C00D  F001         	movff	my_itoa@rpm,___lwdiv@dividend
  3602   002C72  C00E  F002         	movff	my_itoa@rpm+1,___lwdiv@dividend+1
  3603   002C76  EC67  F015         	call	___lwdiv	;wreg free
  3604   002C7A  C001  F008         	movff	?___lwdiv,___lwmod@dividend
  3605   002C7E  C002  F009         	movff	?___lwdiv+1,___lwmod@dividend+1
  3606   002C82  6A0B               	clrf	(___lwmod@divisor+1)^0,c
  3607   002C84  0E0A               	movlw	10
  3608   002C86  6E0A               	movwf	___lwmod@divisor^0,c
  3609   002C88  ECCC  F014         	call	___lwmod	;wreg free
  3610   002C8C  5008               	movf	?___lwmod^0,w,c
  3611   002C8E  0F30               	addlw	48
  3612   002C90  6EDF               	movwf	indf2,c
  3613                           
  3614                           ;ecu2_main.c: 19:     str_rpm[2]=((rpm/10)%10)+'0';
  3615   002C92  500F               	movf	my_itoa@str_rpm^0,w,c
  3616   002C94  6ED9               	movwf	fsr2l,c
  3617   002C96  6ADA               	clrf	fsr2h,c
  3618   002C98  0E02               	movlw	2
  3619   002C9A  26D9               	addwf	fsr2l,f,c
  3620   002C9C  6A04               	clrf	(___lwdiv@divisor+1)^0,c
  3621   002C9E  0E0A               	movlw	10
  3622   002CA0  6E03               	movwf	___lwdiv@divisor^0,c
  3623   002CA2  C00D  F001         	movff	my_itoa@rpm,___lwdiv@dividend
  3624   002CA6  C00E  F002         	movff	my_itoa@rpm+1,___lwdiv@dividend+1
  3625   002CAA  EC67  F015         	call	___lwdiv	;wreg free
  3626   002CAE  C001  F008         	movff	?___lwdiv,___lwmod@dividend
  3627   002CB2  C002  F009         	movff	?___lwdiv+1,___lwmod@dividend+1
  3628   002CB6  6A0B               	clrf	(___lwmod@divisor+1)^0,c
  3629   002CB8  0E0A               	movlw	10
  3630   002CBA  6E0A               	movwf	___lwmod@divisor^0,c
  3631   002CBC  ECCC  F014         	call	___lwmod	;wreg free
  3632   002CC0  5008               	movf	?___lwmod^0,w,c
  3633   002CC2  0F30               	addlw	48
  3634   002CC4  6EDF               	movwf	indf2,c
  3635                           
  3636                           ;ecu2_main.c: 20:     str_rpm[3]=(rpm%10)+'0';
  3637   002CC6  500F               	movf	my_itoa@str_rpm^0,w,c
  3638   002CC8  6ED9               	movwf	fsr2l,c
  3639   002CCA  6ADA               	clrf	fsr2h,c
  3640   002CCC  0E03               	movlw	3
  3641   002CCE  26D9               	addwf	fsr2l,f,c
  3642   002CD0  C00D  F008         	movff	my_itoa@rpm,___lwmod@dividend
  3643   002CD4  C00E  F009         	movff	my_itoa@rpm+1,___lwmod@dividend+1
  3644   002CD8  6A0B               	clrf	(___lwmod@divisor+1)^0,c
  3645   002CDA  0E0A               	movlw	10
  3646   002CDC  6E0A               	movwf	___lwmod@divisor^0,c
  3647   002CDE  ECCC  F014         	call	___lwmod	;wreg free
  3648   002CE2  5008               	movf	?___lwmod^0,w,c
  3649   002CE4  0F30               	addlw	48
  3650   002CE6  6EDF               	movwf	indf2,c
  3651   002CE8                     
  3652                           ;ecu2_main.c: 21:     str_rpm[4]='\0';
  3653   002CE8  500F               	movf	my_itoa@str_rpm^0,w,c
  3654   002CEA  6ED9               	movwf	fsr2l,c
  3655   002CEC  6ADA               	clrf	fsr2h,c
  3656   002CEE  0E04               	movlw	4
  3657   002CF0  26D9               	addwf	fsr2l,f,c
  3658   002CF2  6ADF               	clrf	indf2,c
  3659   002CF4  0012               	return		;funcret
  3660   002CF6                     __end_of_my_itoa:
  3661                           	callstack 0
  3662                           
  3663 ;; *************** function ___lwmod *****************
  3664 ;; Defined at:
  3665 ;;		line 7 in file "C:\Program Files\Microchip\xc8\v3.10\pic\sources\c99\common\lwmod.c"
  3666 ;; Parameters:    Size  Location     Type
  3667 ;;  dividend        2    7[COMRAM] unsigned int 
  3668 ;;  divisor         2    9[COMRAM] unsigned int 
  3669 ;; Auto vars:     Size  Location     Type
  3670 ;;  counter         1   11[COMRAM] unsigned char 
  3671 ;; Return value:  Size  Location     Type
  3672 ;;                  2    7[COMRAM] unsigned int 
  3673 ;; Registers used:
  3674 ;;		wreg, status,2, status,0
  3675 ;; Tracked objects:
  3676 ;;		On entry : 0/0
  3677 ;;		On exit  : 0/0
  3678 ;;		Unchanged: 0/0
  3679 ;; Data sizes:     COMRAM   BANK0   BANK1   BANK2   BANK3   BANK4   BANK5
  3680 ;;      Params:         4       0       0       0       0       0       0
  3681 ;;      Locals:         1       0       0       0       0       0       0
  3682 ;;      Temps:          0       0       0       0       0       0       0
  3683 ;;      Totals:         5       0       0       0       0       0       0
  3684 ;;Total ram usage:        5 bytes
  3685 ;; Hardware stack levels used: 1
  3686 ;; This function calls:
  3687 ;;		Nothing
  3688 ;; This function is called by:
  3689 ;;		_my_itoa
  3690 ;; This function uses a non-reentrant model
  3691 ;;
  3692                           
  3693                           	psect	text5
  3694   002998                     __ptext5:
  3695                           	callstack 0
  3696   002998                     ___lwmod:
  3697                           	callstack 29
  3698   002998  500A               	movf	___lwmod@divisor^0,w,c
  3699   00299A  100B               	iorwf	(___lwmod@divisor+1)^0,w,c
  3700   00299C  B4D8               	btfsc	status,2,c
  3701   00299E  EFD3  F014         	goto	u601
  3702   0029A2  EFD5  F014         	goto	u600
  3703   0029A6                     u601:
  3704   0029A6  EFF9  F014         	goto	l894
  3705   0029AA                     u600:
  3706   0029AA  0E01               	movlw	1
  3707   0029AC  6E0C               	movwf	___lwmod@counter^0,c
  3708   0029AE  EFDD  F014         	goto	l1500
  3709   0029B2                     l1498:
  3710   0029B2  90D8               	bcf	status,0,c
  3711   0029B4  360A               	rlcf	___lwmod@divisor^0,f,c
  3712   0029B6  360B               	rlcf	(___lwmod@divisor+1)^0,f,c
  3713   0029B8  2A0C               	incf	___lwmod@counter^0,f,c
  3714   0029BA                     l1500:
  3715   0029BA  AE0B               	btfss	(___lwmod@divisor+1)^0,7,c
  3716   0029BC  EFE2  F014         	goto	u611
  3717   0029C0  EFE4  F014         	goto	u610
  3718   0029C4                     u611:
  3719   0029C4  EFD9  F014         	goto	l1498
  3720   0029C8                     u610:
  3721   0029C8                     l1502:
  3722   0029C8  500A               	movf	___lwmod@divisor^0,w,c
  3723   0029CA  5C08               	subwf	___lwmod@dividend^0,w,c
  3724   0029CC  500B               	movf	(___lwmod@divisor+1)^0,w,c
  3725   0029CE  5809               	subwfb	(___lwmod@dividend+1)^0,w,c
  3726   0029D0  A0D8               	btfss	status,0,c
  3727   0029D2  EFED  F014         	goto	u621
  3728   0029D6  EFEF  F014         	goto	u620
  3729   0029DA                     u621:
  3730   0029DA  EFF3  F014         	goto	l1506
  3731   0029DE                     u620:
  3732   0029DE  500A               	movf	___lwmod@divisor^0,w,c
  3733   0029E0  5E08               	subwf	___lwmod@dividend^0,f,c
  3734   0029E2  500B               	movf	(___lwmod@divisor+1)^0,w,c
  3735   0029E4  5A09               	subwfb	(___lwmod@dividend+1)^0,f,c
  3736   0029E6                     l1506:
  3737   0029E6  90D8               	bcf	status,0,c
  3738   0029E8  320B               	rrcf	(___lwmod@divisor+1)^0,f,c
  3739   0029EA  320A               	rrcf	___lwmod@divisor^0,f,c
  3740   0029EC  2E0C               	decfsz	___lwmod@counter^0,f,c
  3741   0029EE  EFE4  F014         	goto	l1502
  3742   0029F2                     l894:
  3743   0029F2  C008  F008         	movff	___lwmod@dividend,?___lwmod
  3744   0029F6  C009  F009         	movff	___lwmod@dividend+1,?___lwmod+1
  3745   0029FA  0012               	return		;funcret
  3746   0029FC                     __end_of___lwmod:
  3747                           	callstack 0
  3748                           
  3749 ;; *************** function ___lwdiv *****************
  3750 ;; Defined at:
  3751 ;;		line 7 in file "C:\Program Files\Microchip\xc8\v3.10\pic\sources\c99\common\lwdiv.c"
  3752 ;; Parameters:    Size  Location     Type
  3753 ;;  dividend        2    0[COMRAM] unsigned int 
  3754 ;;  divisor         2    2[COMRAM] unsigned int 
  3755 ;; Auto vars:     Size  Location     Type
  3756 ;;  quotient        2    4[COMRAM] unsigned int 
  3757 ;;  counter         1    6[COMRAM] unsigned char 
  3758 ;; Return value:  Size  Location     Type
  3759 ;;                  2    0[COMRAM] unsigned int 
  3760 ;; Registers used:
  3761 ;;		wreg, status,2, status,0
  3762 ;; Tracked objects:
  3763 ;;		On entry : 0/0
  3764 ;;		On exit  : 0/0
  3765 ;;		Unchanged: 0/0
  3766 ;; Data sizes:     COMRAM   BANK0   BANK1   BANK2   BANK3   BANK4   BANK5
  3767 ;;      Params:         4       0       0       0       0       0       0
  3768 ;;      Locals:         3       0       0       0       0       0       0
  3769 ;;      Temps:          0       0       0       0       0       0       0
  3770 ;;      Totals:         7       0       0       0       0       0       0
  3771 ;;Total ram usage:        7 bytes
  3772 ;; Hardware stack levels used: 1
  3773 ;; This function calls:
  3774 ;;		Nothing
  3775 ;; This function is called by:
  3776 ;;		_my_itoa
  3777 ;; This function uses a non-reentrant model
  3778 ;;
  3779                           
  3780                           	psect	text6
  3781   002ACE                     __ptext6:
  3782                           	callstack 0
  3783   002ACE                     ___lwdiv:
  3784                           	callstack 29
  3785   002ACE  6A06               	clrf	(___lwdiv@quotient+1)^0,c
  3786   002AD0  0E00               	movlw	0
  3787   002AD2  6E05               	movwf	___lwdiv@quotient^0,c
  3788   002AD4  5003               	movf	___lwdiv@divisor^0,w,c
  3789   002AD6  1004               	iorwf	(___lwdiv@divisor+1)^0,w,c
  3790   002AD8  B4D8               	btfsc	status,2,c
  3791   002ADA  EF71  F015         	goto	u571
  3792   002ADE  EF73  F015         	goto	u570
  3793   002AE2                     u571:
  3794   002AE2  EF9B  F015         	goto	l884
  3795   002AE6                     u570:
  3796   002AE6  0E01               	movlw	1
  3797   002AE8  6E07               	movwf	___lwdiv@counter^0,c
  3798   002AEA  EF7B  F015         	goto	l1480
  3799   002AEE                     l1478:
  3800   002AEE  90D8               	bcf	status,0,c
  3801   002AF0  3603               	rlcf	___lwdiv@divisor^0,f,c
  3802   002AF2  3604               	rlcf	(___lwdiv@divisor+1)^0,f,c
  3803   002AF4  2A07               	incf	___lwdiv@counter^0,f,c
  3804   002AF6                     l1480:
  3805   002AF6  AE04               	btfss	(___lwdiv@divisor+1)^0,7,c
  3806   002AF8  EF80  F015         	goto	u581
  3807   002AFC  EF82  F015         	goto	u580
  3808   002B00                     u581:
  3809   002B00  EF77  F015         	goto	l1478
  3810   002B04                     u580:
  3811   002B04                     l1482:
  3812   002B04  90D8               	bcf	status,0,c
  3813   002B06  3605               	rlcf	___lwdiv@quotient^0,f,c
  3814   002B08  3606               	rlcf	(___lwdiv@quotient+1)^0,f,c
  3815   002B0A  5003               	movf	___lwdiv@divisor^0,w,c
  3816   002B0C  5C01               	subwf	___lwdiv@dividend^0,w,c
  3817   002B0E  5004               	movf	(___lwdiv@divisor+1)^0,w,c
  3818   002B10  5802               	subwfb	(___lwdiv@dividend+1)^0,w,c
  3819   002B12  A0D8               	btfss	status,0,c
  3820   002B14  EF8E  F015         	goto	u591
  3821   002B18  EF90  F015         	goto	u590
  3822   002B1C                     u591:
  3823   002B1C  EF95  F015         	goto	l1490
  3824   002B20                     u590:
  3825   002B20  5003               	movf	___lwdiv@divisor^0,w,c
  3826   002B22  5E01               	subwf	___lwdiv@dividend^0,f,c
  3827   002B24  5004               	movf	(___lwdiv@divisor+1)^0,w,c
  3828   002B26  5A02               	subwfb	(___lwdiv@dividend+1)^0,f,c
  3829   002B28  8005               	bsf	___lwdiv@quotient^0,0,c
  3830   002B2A                     l1490:
  3831   002B2A  90D8               	bcf	status,0,c
  3832   002B2C  3204               	rrcf	(___lwdiv@divisor+1)^0,f,c
  3833   002B2E  3203               	rrcf	___lwdiv@divisor^0,f,c
  3834   002B30  2E07               	decfsz	___lwdiv@counter^0,f,c
  3835   002B32  EF82  F015         	goto	l1482
  3836   002B36                     l884:
  3837   002B36  C005  F001         	movff	___lwdiv@quotient,?___lwdiv
  3838   002B3A  C006  F002         	movff	___lwdiv@quotient+1,?___lwdiv+1
  3839   002B3E  0012               	return		;funcret
  3840   002B40                     __end_of___lwdiv:
  3841                           	callstack 0
  3842                           
  3843 ;; *************** function _init_config *****************
  3844 ;; Defined at:
  3845 ;;		line 39 in file "ecu2_main.c"
  3846 ;; Parameters:    Size  Location     Type
  3847 ;;		None
  3848 ;; Auto vars:     Size  Location     Type
  3849 ;;		None
  3850 ;; Return value:  Size  Location     Type
  3851 ;;                  1    wreg      void 
  3852 ;; Registers used:
  3853 ;;		wreg, status,2, status,0, cstack
  3854 ;; Tracked objects:
  3855 ;;		On entry : 0/0
  3856 ;;		On exit  : 0/0
  3857 ;;		Unchanged: 0/0
  3858 ;; Data sizes:     COMRAM   BANK0   BANK1   BANK2   BANK3   BANK4   BANK5
  3859 ;;      Params:         0       0       0       0       0       0       0
  3860 ;;      Locals:         0       0       0       0       0       0       0
  3861 ;;      Temps:          0       0       0       0       0       0       0
  3862 ;;      Totals:         0       0       0       0       0       0       0
  3863 ;;Total ram usage:        0 bytes
  3864 ;; Hardware stack levels used: 1
  3865 ;; Hardware stack levels required when called: 1
  3866 ;; This function calls:
  3867 ;;		_init_adc
  3868 ;;		_init_can
  3869 ;;		_init_digital_keypad
  3870 ;;		_init_led
  3871 ;;		_init_uart
  3872 ;; This function is called by:
  3873 ;;		_main
  3874 ;; This function uses a non-reentrant model
  3875 ;;
  3876                           
  3877                           	psect	text7
  3878   002862                     __ptext7:
  3879                           	callstack 0
  3880   002862                     _init_config:
  3881                           	callstack 29
  3882   002862                     
  3883                           ;ecu2_main.c: 41:     init_adc();
  3884   002862  EC3C  F014         	call	_init_adc	;wreg free
  3885   002866                     
  3886                           ;ecu2_main.c: 42:     init_digital_keypad();
  3887   002866  EC27  F014         	call	_init_digital_keypad	;wreg free
  3888   00286A                     
  3889                           ;ecu2_main.c: 43:     init_uart();
  3890   00286A  EC4A  F014         	call	_init_uart	;wreg free
  3891   00286E                     
  3892                           ;ecu2_main.c: 44:     init_led();
  3893   00286E  EC2B  F014         	call	_init_led	;wreg free
  3894   002872                     
  3895                           ;ecu2_main.c: 45:     init_can();
  3896   002872  EC8B  F014         	call	_init_can	;wreg free
  3897   002876  0012               	return		;funcret
  3898   002878                     __end_of_init_config:
  3899                           	callstack 0
  3900                           
  3901 ;; *************** function _init_uart *****************
  3902 ;; Defined at:
  3903 ;;		line 12 in file "uart.c"
  3904 ;; Parameters:    Size  Location     Type
  3905 ;;		None
  3906 ;; Auto vars:     Size  Location     Type
  3907 ;;		None
  3908 ;; Return value:  Size  Location     Type
  3909 ;;                  1    wreg      void 
  3910 ;; Registers used:
  3911 ;;		wreg, status,2
  3912 ;; Tracked objects:
  3913 ;;		On entry : 0/0
  3914 ;;		On exit  : 0/0
  3915 ;;		Unchanged: 0/0
  3916 ;; Data sizes:     COMRAM   BANK0   BANK1   BANK2   BANK3   BANK4   BANK5
  3917 ;;      Params:         0       0       0       0       0       0       0
  3918 ;;      Locals:         0       0       0       0       0       0       0
  3919 ;;      Temps:          0       0       0       0       0       0       0
  3920 ;;      Totals:         0       0       0       0       0       0       0
  3921 ;;Total ram usage:        0 bytes
  3922 ;; Hardware stack levels used: 1
  3923 ;; This function calls:
  3924 ;;		Nothing
  3925 ;; This function is called by:
  3926 ;;		_init_config
  3927 ;; This function uses a non-reentrant model
  3928 ;;
  3929                           
  3930                           	psect	text8
  3931   002894                     __ptext8:
  3932                           	callstack 0
  3933   002894                     _init_uart:
  3934                           	callstack 29
  3935   002894                     
  3936                           ;uart.c: 15:  TRISC7 = 1;
  3937   002894  8E94               	bsf	3988,7,c	;volatile
  3938                           
  3939                           ;uart.c: 16:  TRISC6 = 0;
  3940   002896  9C94               	bcf	3988,6,c	;volatile
  3941                           
  3942                           ;uart.c: 20:  TX9 = 0;
  3943   002898  9CAC               	bcf	4012,6,c	;volatile
  3944                           
  3945                           ;uart.c: 22:  TXEN = 1;
  3946   00289A  8AAC               	bsf	4012,5,c	;volatile
  3947                           
  3948                           ;uart.c: 25:  SYNC = 0;
  3949   00289C  98AC               	bcf	4012,4,c	;volatile
  3950                           
  3951                           ;uart.c: 27:  SENDB = 0;
  3952   00289E  96AC               	bcf	4012,3,c	;volatile
  3953                           
  3954                           ;uart.c: 30:  BRGH = 1;
  3955   0028A0  84AC               	bsf	4012,2,c	;volatile
  3956                           
  3957                           ;uart.c: 34:  SPEN = 1;
  3958   0028A2  8EAB               	bsf	4011,7,c	;volatile
  3959                           
  3960                           ;uart.c: 36:  RX9 = 0;
  3961   0028A4  9CAB               	bcf	4011,6,c	;volatile
  3962                           
  3963                           ;uart.c: 38:  CREN = 1;
  3964   0028A6  88AB               	bsf	4011,4,c	;volatile
  3965                           
  3966                           ;uart.c: 43:  BRG16 = 0;
  3967   0028A8  96B8               	bcf	4024,3,c	;volatile
  3968   0028AA                     
  3969                           ;uart.c: 48:  SPBRG = 129;
  3970   0028AA  0E81               	movlw	129
  3971   0028AC  6EAF               	movwf	175,c	;volatile
  3972   0028AE                     
  3973                           ;uart.c: 52:  TXIF = 0;
  3974   0028AE  989E               	bcf	3998,4,c	;volatile
  3975   0028B0                     
  3976                           ;uart.c: 55:  RCIF = 0;
  3977   0028B0  9A9E               	bcf	3998,5,c	;volatile
  3978   0028B2  0012               	return		;funcret
  3979   0028B4                     __end_of_init_uart:
  3980                           	callstack 0
  3981                           
  3982 ;; *************** function _init_led *****************
  3983 ;; Defined at:
  3984 ;;		line 31 in file "ecu2_main.c"
  3985 ;; Parameters:    Size  Location     Type
  3986 ;;		None
  3987 ;; Auto vars:     Size  Location     Type
  3988 ;;		None
  3989 ;; Return value:  Size  Location     Type
  3990 ;;                  1    wreg      void 
  3991 ;; Registers used:
  3992 ;;		None
  3993 ;; Tracked objects:
  3994 ;;		On entry : 0/0
  3995 ;;		On exit  : 0/0
  3996 ;;		Unchanged: 0/0
  3997 ;; Data sizes:     COMRAM   BANK0   BANK1   BANK2   BANK3   BANK4   BANK5
  3998 ;;      Params:         0       0       0       0       0       0       0
  3999 ;;      Locals:         0       0       0       0       0       0       0
  4000 ;;      Temps:          0       0       0       0       0       0       0
  4001 ;;      Totals:         0       0       0       0       0       0       0
  4002 ;;Total ram usage:        0 bytes
  4003 ;; Hardware stack levels used: 1
  4004 ;; This function calls:
  4005 ;;		Nothing
  4006 ;; This function is called by:
  4007 ;;		_init_config
  4008 ;; This function uses a non-reentrant model
  4009 ;;
  4010                           
  4011                           	psect	text9
  4012   002856                     __ptext9:
  4013                           	callstack 0
  4014   002856                     _init_led:
  4015                           	callstack 29
  4016   002856                     
  4017                           ;ecu2_main.c: 33:     TRISB0=0;
  4018   002856  9093               	bcf	3987,0,c	;volatile
  4019                           
  4020                           ;ecu2_main.c: 34:     TRISB1=0;
  4021   002858  9293               	bcf	3987,1,c	;volatile
  4022                           
  4023                           ;ecu2_main.c: 35:     TRISB6=0;
  4024   00285A  9C93               	bcf	3987,6,c	;volatile
  4025                           
  4026                           ;ecu2_main.c: 36:     TRISB7=0;
  4027   00285C  9E93               	bcf	3987,7,c	;volatile
  4028                           
  4029                           ;ecu2_main.c: 37:     PORTB=0;
  4030   00285E  6A81               	clrf	129,c	;volatile
  4031   002860  0012               	return		;funcret
  4032   002862                     __end_of_init_led:
  4033                           	callstack 0
  4034                           
  4035 ;; *************** function _init_digital_keypad *****************
  4036 ;; Defined at:
  4037 ;;		line 12 in file "digital_keypad.c"
  4038 ;; Parameters:    Size  Location     Type
  4039 ;;		None
  4040 ;; Auto vars:     Size  Location     Type
  4041 ;;		None
  4042 ;; Return value:  Size  Location     Type
  4043 ;;                  1    wreg      void 
  4044 ;; Registers used:
  4045 ;;		wreg, status,2, status,0
  4046 ;; Tracked objects:
  4047 ;;		On entry : 0/0
  4048 ;;		On exit  : 0/0
  4049 ;;		Unchanged: 0/0
  4050 ;; Data sizes:     COMRAM   BANK0   BANK1   BANK2   BANK3   BANK4   BANK5
  4051 ;;      Params:         0       0       0       0       0       0       0
  4052 ;;      Locals:         0       0       0       0       0       0       0
  4053 ;;      Temps:          0       0       0       0       0       0       0
  4054 ;;      Totals:         0       0       0       0       0       0       0
  4055 ;;Total ram usage:        0 bytes
  4056 ;; Hardware stack levels used: 1
  4057 ;; This function calls:
  4058 ;;		Nothing
  4059 ;; This function is called by:
  4060 ;;		_init_config
  4061 ;; This function uses a non-reentrant model
  4062 ;;
  4063                           
  4064                           	psect	text10
  4065   00284E                     __ptext10:
  4066                           	callstack 0
  4067   00284E                     _init_digital_keypad:
  4068                           	callstack 29
  4069   00284E                     
  4070                           ;digital_keypad.c: 14:  TRISC = TRISC | 0x0F;
  4071   00284E  5094               	movf	148,w,c	;volatile
  4072   002850  090F               	iorlw	15
  4073   002852  6E94               	movwf	148,c	;volatile
  4074   002854  0012               	return		;funcret
  4075   002856                     __end_of_init_digital_keypad:
  4076                           	callstack 0
  4077                           
  4078 ;; *************** function _init_can *****************
  4079 ;; Defined at:
  4080 ;;		line 23 in file "can.c"
  4081 ;; Parameters:    Size  Location     Type
  4082 ;;		None
  4083 ;; Auto vars:     Size  Location     Type
  4084 ;;		None
  4085 ;; Return value:  Size  Location     Type
  4086 ;;                  1    wreg      void 
  4087 ;; Registers used:
  4088 ;;		wreg, status,2, status,0
  4089 ;; Tracked objects:
  4090 ;;		On entry : 0/0
  4091 ;;		On exit  : 0/0
  4092 ;;		Unchanged: 0/0
  4093 ;; Data sizes:     COMRAM   BANK0   BANK1   BANK2   BANK3   BANK4   BANK5
  4094 ;;      Params:         0       0       0       0       0       0       0
  4095 ;;      Locals:         0       0       0       0       0       0       0
  4096 ;;      Temps:          0       0       0       0       0       0       0
  4097 ;;      Totals:         0       0       0       0       0       0       0
  4098 ;;Total ram usage:        0 bytes
  4099 ;; Hardware stack levels used: 1
  4100 ;; This function calls:
  4101 ;;		Nothing
  4102 ;; This function is called by:
  4103 ;;		_init_config
  4104 ;; This function uses a non-reentrant model
  4105 ;;
  4106                           
  4107                           	psect	text11
  4108   002916                     __ptext11:
  4109                           	callstack 0
  4110   002916                     _init_can:
  4111                           	callstack 29
  4112   002916                     
  4113                           ;can.c: 25:     TRISB2 = 0;
  4114   002916  9493               	bcf	3987,2,c	;volatile
  4115                           
  4116                           ;can.c: 26:     TRISB3 = 1;
  4117   002918  8693               	bsf	3987,3,c	;volatile
  4118   00291A                     
  4119                           ;can.c: 30:     { CANCON &= 0x1F; CANCON |= e_can_op_mode_config; };
  4120   00291A  0E1F               	movlw	31
  4121   00291C  166F               	andwf	111,f,c	;volatile
  4122   00291E  8E6F               	bsf	111,7,c	;volatile
  4123   002920                     l1124:
  4124   002920  0E80               	movlw	128
  4125   002922  186E               	xorwf	110,w,c	;volatile
  4126   002924  A4D8               	btfss	status,2,c
  4127   002926  EF97  F014         	goto	u71
  4128   00292A  EF99  F014         	goto	u70
  4129   00292E                     u71:
  4130   00292E  EF90  F014         	goto	l1124
  4131   002932                     u70:
  4132   002932                     
  4133                           ;can.c: 36:     ECANCON = 0x00;
  4134   002932  6A77               	clrf	119,c	;volatile
  4135   002934                     
  4136                           ;can.c: 38:     BRGCON1 = 0xE1;
  4137   002934  0EE1               	movlw	225
  4138   002936  6E70               	movwf	112,c	;volatile
  4139                           
  4140                           ;can.c: 39:     BRGCON2 = 0x1B;
  4141   002938  0E1B               	movlw	27
  4142   00293A  6E71               	movwf	113,c	;volatile
  4143                           
  4144                           ;can.c: 40:     BRGCON3 = 0x03;
  4145   00293C  0E03               	movlw	3
  4146   00293E  6E72               	movwf	114,c	;volatile
  4147   002940                     
  4148                           ;can.c: 46:     RXFCON0 = 0x00;
  4149   002940  010D               	movlb	13	; () banked
  4150   002942  6BD4               	clrf	212,b	;volatile
  4151   002944                     
  4152                           ; BSR set to: 13
  4153                           ;can.c: 48:     { CANCON &= 0x1F; CANCON |= e_can_op_mode_normal; };
  4154   002944  0E1F               	movlw	31
  4155   002946  166F               	andwf	111,f,c	;volatile
  4156   002948                     
  4157                           ; BSR set to: 13
  4158   002948  506F               	movf	111,w,c	;volatile
  4159   00294A                     
  4160                           ; BSR set to: 13
  4161                           ;can.c: 51:     RXB0CON = 0x00;
  4162   00294A  6A60               	clrf	96,c	;volatile
  4163   00294C                     
  4164                           ; BSR set to: 13
  4165                           ;can.c: 52:     RXB0CONbits.RXM0=1;
  4166   00294C  8A60               	bsf	96,5,c	;volatile
  4167   00294E                     
  4168                           ; BSR set to: 13
  4169                           ;can.c: 53:     RXB0CONbits.RXM1=1;
  4170   00294E  8C60               	bsf	96,6,c	;volatile
  4171   002950                     
  4172                           ; BSR set to: 13
  4173   002950  0012               	return		;funcret
  4174   002952                     __end_of_init_can:
  4175                           	callstack 0
  4176                           
  4177 ;; *************** function _init_adc *****************
  4178 ;; Defined at:
  4179 ;;		line 12 in file "adc.c"
  4180 ;; Parameters:    Size  Location     Type
  4181 ;;		None
  4182 ;; Auto vars:     Size  Location     Type
  4183 ;;		None
  4184 ;; Return value:  Size  Location     Type
  4185 ;;                  1    wreg      void 
  4186 ;; Registers used:
  4187 ;;		None
  4188 ;; Tracked objects:
  4189 ;;		On entry : 0/0
  4190 ;;		On exit  : 0/0
  4191 ;;		Unchanged: 0/0
  4192 ;; Data sizes:     COMRAM   BANK0   BANK1   BANK2   BANK3   BANK4   BANK5
  4193 ;;      Params:         0       0       0       0       0       0       0
  4194 ;;      Locals:         0       0       0       0       0       0       0
  4195 ;;      Temps:          0       0       0       0       0       0       0
  4196 ;;      Totals:         0       0       0       0       0       0       0
  4197 ;;Total ram usage:        0 bytes
  4198 ;; Hardware stack levels used: 1
  4199 ;; This function calls:
  4200 ;;		Nothing
  4201 ;; This function is called by:
  4202 ;;		_init_config
  4203 ;; This function uses a non-reentrant model
  4204 ;;
  4205                           
  4206                           	psect	text12
  4207   002878                     __ptext12:
  4208                           	callstack 0
  4209   002878                     _init_adc:
  4210                           	callstack 29
  4211   002878                     
  4212                           ;adc.c: 15:  ADFM = 1;
  4213   002878  8EC0               	bsf	4032,7,c	;volatile
  4214                           
  4215                           ;adc.c: 21:  ACQT2 = 0;
  4216   00287A  9AC0               	bcf	4032,5,c	;volatile
  4217                           
  4218                           ;adc.c: 22:  ACQT1 = 1;
  4219   00287C  88C0               	bsf	4032,4,c	;volatile
  4220                           
  4221                           ;adc.c: 23:  ACQT0 = 0;
  4222   00287E  96C0               	bcf	4032,3,c	;volatile
  4223                           
  4224                           ;adc.c: 29:  ADCS0 = 0;
  4225   002880  90C0               	bcf	4032,0,c	;volatile
  4226                           
  4227                           ;adc.c: 30:  ADCS1 = 1;
  4228   002882  82C0               	bsf	4032,1,c	;volatile
  4229                           
  4230                           ;adc.c: 31:  ADCS2 = 0;
  4231   002884  94C0               	bcf	4032,2,c	;volatile
  4232                           
  4233                           ;adc.c: 34:  GODONE = 0;
  4234   002886  92C2               	bcf	4034,1,c	;volatile
  4235                           
  4236                           ;adc.c: 39:  VCFG1 = 0;
  4237   002888  9AC1               	bcf	4033,5,c	;volatile
  4238                           
  4239                           ;adc.c: 41:  VCFG0 = 0;
  4240   00288A  98C1               	bcf	4033,4,c	;volatile
  4241                           
  4242                           ;adc.c: 44:  ADRESH = 0;
  4243   00288C  6AC4               	clrf	196,c	;volatile
  4244                           
  4245                           ;adc.c: 45:  ADRESL = 0;
  4246   00288E  6AC3               	clrf	195,c	;volatile
  4247                           
  4248                           ;adc.c: 48:  ADON = 1;
  4249   002890  80C2               	bsf	4034,0,c	;volatile
  4250   002892  0012               	return		;funcret
  4251   002894                     __end_of_init_adc:
  4252                           	callstack 0
  4253                           
  4254 ;; *************** function _get_rpm *****************
  4255 ;; Defined at:
  4256 ;;		line 15 in file "ecu2_sensor.c"
  4257 ;; Parameters:    Size  Location     Type
  4258 ;;		None
  4259 ;; Auto vars:     Size  Location     Type
  4260 ;;  rpm             4   16[COMRAM] unsigned long 
  4261 ;;  value           2   14[COMRAM] int 
  4262 ;; Return value:  Size  Location     Type
  4263 ;;                  2    8[COMRAM] unsigned short 
  4264 ;; Registers used:
  4265 ;;		wreg, status,2, status,0, prodl, prodh, cstack
  4266 ;; Tracked objects:
  4267 ;;		On entry : 0/0
  4268 ;;		On exit  : 0/0
  4269 ;;		Unchanged: 0/0
  4270 ;; Data sizes:     COMRAM   BANK0   BANK1   BANK2   BANK3   BANK4   BANK5
  4271 ;;      Params:         2       0       0       0       0       0       0
  4272 ;;      Locals:         6       0       0       0       0       0       0
  4273 ;;      Temps:          4       0       0       0       0       0       0
  4274 ;;      Totals:        12       0       0       0       0       0       0
  4275 ;;Total ram usage:       12 bytes
  4276 ;; Hardware stack levels used: 1
  4277 ;; Hardware stack levels required when called: 1
  4278 ;; This function calls:
  4279 ;;		___awdiv
  4280 ;;		_read_adc
  4281 ;; This function is called by:
  4282 ;;		_main
  4283 ;; This function uses a non-reentrant model
  4284 ;;
  4285                           
  4286                           	psect	text13
  4287   002BB4                     __ptext13:
  4288                           	callstack 0
  4289   002BB4                     _get_rpm:
  4290                           	callstack 29
  4291   002BB4                     
  4292                           ;ecu2_sensor.c: 18:     int value=read_adc(0x04);
  4293   002BB4  0E04               	movlw	4
  4294   002BB6  ECA9  F014         	call	_read_adc
  4295   002BBA  C001  F00F         	movff	?_read_adc,get_rpm@value
  4296   002BBE  C002  F010         	movff	?_read_adc+1,get_rpm@value+1
  4297   002BC2                     
  4298                           ;ecu2_sensor.c: 19:     unsigned long int rpm=(value*6000)/1023;
  4299   002BC2  0E70               	movlw	112
  4300   002BC4  6E0B               	movwf	??_get_rpm^0,c
  4301   002BC6  0E17               	movlw	23
  4302   002BC8  6E0C               	movwf	(??_get_rpm+1)^0,c
  4303   002BCA  500B               	movf	??_get_rpm^0,w,c
  4304   002BCC  020F               	mulwf	get_rpm@value^0,c
  4305   002BCE  CFF3 F00D          	movff	prodl,??_get_rpm+2
  4306   002BD2  CFF4 F00E          	movff	prodh,??_get_rpm+3
  4307   002BD6  0210               	mulwf	(get_rpm@value+1)^0,c
  4308   002BD8  50F3               	movf	prodl,w,c
  4309   002BDA  260E               	addwf	(??_get_rpm+3)^0,f,c
  4310   002BDC  500C               	movf	(??_get_rpm+1)^0,w,c
  4311   002BDE  020F               	mulwf	get_rpm@value^0,c
  4312   002BE0  50F3               	movf	prodl,w,c
  4313   002BE2  260E               	addwf	(??_get_rpm+3)^0,f,c
  4314   002BE4  C00D  F001         	movff	??_get_rpm+2,___awdiv@dividend
  4315   002BE8  C00E  F002         	movff	??_get_rpm+3,___awdiv@dividend+1
  4316   002BEC  0E03               	movlw	3
  4317   002BEE  6E04               	movwf	(___awdiv@divisor+1)^0,c
  4318   002BF0  6803               	setf	___awdiv@divisor^0,c
  4319   002BF2  EC7B  F016         	call	___awdiv	;wreg free
  4320   002BF6  C001  F011         	movff	?___awdiv,get_rpm@rpm
  4321   002BFA  C002  F012         	movff	?___awdiv+1,get_rpm@rpm+1
  4322   002BFE  0E00               	movlw	0
  4323   002C00  BE12               	btfsc	(get_rpm@rpm+1)^0,7,c
  4324   002C02  0EFF               	movlw	-1
  4325   002C04  6E13               	movwf	(get_rpm@rpm+2)^0,c
  4326   002C06  6E14               	movwf	(get_rpm@rpm+3)^0,c
  4327   002C08                     
  4328                           ;ecu2_sensor.c: 22:     if(rpm>6000)
  4329   002C08  5014               	movf	(get_rpm@rpm+3)^0,w,c
  4330   002C0A  1013               	iorwf	(get_rpm@rpm+2)^0,w,c
  4331   002C0C  E10B               	bnz	u640
  4332   002C0E  0E71               	movlw	113
  4333   002C10  5C11               	subwf	get_rpm@rpm^0,w,c
  4334   002C12  0E17               	movlw	23
  4335   002C14  5812               	subwfb	(get_rpm@rpm+1)^0,w,c
  4336   002C16  A0D8               	btfss	status,0,c
  4337   002C18  EF10  F016         	goto	u641
  4338   002C1C  EF12  F016         	goto	u640
  4339   002C20                     u641:
  4340   002C20  EF1A  F016         	goto	l1534
  4341   002C24                     u640:
  4342   002C24                     
  4343                           ;ecu2_sensor.c: 23:         rpm=6000;
  4344   002C24  0E70               	movlw	112
  4345   002C26  6E11               	movwf	get_rpm@rpm^0,c
  4346   002C28  0E17               	movlw	23
  4347   002C2A  6E12               	movwf	(get_rpm@rpm+1)^0,c
  4348   002C2C  0E00               	movlw	0
  4349   002C2E  6E13               	movwf	(get_rpm@rpm+2)^0,c
  4350   002C30  0E00               	movlw	0
  4351   002C32  6E14               	movwf	(get_rpm@rpm+3)^0,c
  4352   002C34                     l1534:
  4353                           
  4354                           ;ecu2_sensor.c: 24:     return rpm;
  4355   002C34  C011  F009         	movff	get_rpm@rpm,?_get_rpm
  4356   002C38  C012  F00A         	movff	get_rpm@rpm+1,?_get_rpm+1
  4357   002C3C  0012               	return		;funcret
  4358   002C3E                     __end_of_get_rpm:
  4359                           	callstack 0
  4360                           
  4361 ;; *************** function _read_adc *****************
  4362 ;; Defined at:
  4363 ;;		line 51 in file "adc.c"
  4364 ;; Parameters:    Size  Location     Type
  4365 ;;  channel         1    wreg     unsigned char 
  4366 ;; Auto vars:     Size  Location     Type
  4367 ;;  channel         1    6[COMRAM] unsigned char 
  4368 ;;  reg_val         2    4[COMRAM] unsigned short 
  4369 ;; Return value:  Size  Location     Type
  4370 ;;                  2    0[COMRAM] unsigned short 
  4371 ;; Registers used:
  4372 ;;		wreg, status,2, status,0
  4373 ;; Tracked objects:
  4374 ;;		On entry : 0/0
  4375 ;;		On exit  : 0/0
  4376 ;;		Unchanged: 0/0
  4377 ;; Data sizes:     COMRAM   BANK0   BANK1   BANK2   BANK3   BANK4   BANK5
  4378 ;;      Params:         2       0       0       0       0       0       0
  4379 ;;      Locals:         3       0       0       0       0       0       0
  4380 ;;      Temps:          2       0       0       0       0       0       0
  4381 ;;      Totals:         7       0       0       0       0       0       0
  4382 ;;Total ram usage:        7 bytes
  4383 ;; Hardware stack levels used: 1
  4384 ;; This function calls:
  4385 ;;		Nothing
  4386 ;; This function is called by:
  4387 ;;		_get_rpm
  4388 ;; This function uses a non-reentrant model
  4389 ;;
  4390                           
  4391                           	psect	text14
  4392   002952                     __ptext14:
  4393                           	callstack 0
  4394   002952                     _read_adc:
  4395                           	callstack 29
  4396                           
  4397                           ;incstack = 0
  4398                           ;read_adc@channel stored from wreg
  4399   002952  6E07               	movwf	read_adc@channel^0,c
  4400   002954                     
  4401                           ;adc.c: 51: unsigned short read_adc(unsigned char channel);adc.c: 52: {;adc.c: 53:  unsi
      +                          gned short reg_val;;adc.c: 56:  ADCON0 = (ADCON0 & 0xC3) | (channel << 2);
  4402   002954  C007  F003         	movff	read_adc@channel,??_read_adc
  4403   002958  90D8               	bcf	status,0,c
  4404   00295A  3603               	rlcf	??_read_adc^0,f,c
  4405   00295C  90D8               	bcf	status,0,c
  4406   00295E  3603               	rlcf	??_read_adc^0,f,c
  4407   002960  50C2               	movf	194,w,c	;volatile
  4408   002962  0BC3               	andlw	195
  4409   002964  1003               	iorwf	??_read_adc^0,w,c
  4410   002966  6EC2               	movwf	194,c	;volatile
  4411   002968                     
  4412                           ;adc.c: 59:  GO = 1;
  4413   002968  82C2               	bsf	4034,1,c	;volatile
  4414   00296A                     l36:
  4415   00296A  B2C2               	btfsc	4034,1,c	;volatile
  4416   00296C  EFBA  F014         	goto	u491
  4417   002970  EFBC  F014         	goto	u490
  4418   002974                     u491:
  4419   002974  EFB5  F014         	goto	l36
  4420   002978                     u490:
  4421   002978                     
  4422                           ;adc.c: 61:  reg_val = (ADRESH << 8) | ADRESL;
  4423   002978  50C3               	movf	195,w,c	;volatile
  4424   00297A  CFC4 F003          	movff	4036,??_read_adc	;volatile
  4425   00297E  6A04               	clrf	(??_read_adc+1)^0,c
  4426   002980  C003  F004         	movff	??_read_adc,??_read_adc+1
  4427   002984  6A03               	clrf	??_read_adc^0,c
  4428   002986  1003               	iorwf	??_read_adc^0,w,c
  4429   002988  6E05               	movwf	read_adc@reg_val^0,c
  4430   00298A  5004               	movf	(??_read_adc+1)^0,w,c
  4431   00298C  6E06               	movwf	(read_adc@reg_val+1)^0,c
  4432   00298E                     
  4433                           ;adc.c: 63:  return reg_val;
  4434   00298E  C005  F001         	movff	read_adc@reg_val,?_read_adc
  4435   002992  C006  F002         	movff	read_adc@reg_val+1,?_read_adc+1
  4436   002996  0012               	return		;funcret
  4437   002998                     __end_of_read_adc:
  4438                           	callstack 0
  4439                           
  4440 ;; *************** function ___awdiv *****************
  4441 ;; Defined at:
  4442 ;;		line 7 in file "C:\Program Files\Microchip\xc8\v3.10\pic\sources\c99\common\awdiv.c"
  4443 ;; Parameters:    Size  Location     Type
  4444 ;;  dividend        2    0[COMRAM] int 
  4445 ;;  divisor         2    2[COMRAM] int 
  4446 ;; Auto vars:     Size  Location     Type
  4447 ;;  quotient        2    6[COMRAM] int 
  4448 ;;  sign            1    5[COMRAM] unsigned char 
  4449 ;;  counter         1    4[COMRAM] unsigned char 
  4450 ;; Return value:  Size  Location     Type
  4451 ;;                  2    0[COMRAM] int 
  4452 ;; Registers used:
  4453 ;;		wreg, status,2, status,0
  4454 ;; Tracked objects:
  4455 ;;		On entry : 0/0
  4456 ;;		On exit  : 0/0
  4457 ;;		Unchanged: 0/0
  4458 ;; Data sizes:     COMRAM   BANK0   BANK1   BANK2   BANK3   BANK4   BANK5
  4459 ;;      Params:         4       0       0       0       0       0       0
  4460 ;;      Locals:         4       0       0       0       0       0       0
  4461 ;;      Temps:          0       0       0       0       0       0       0
  4462 ;;      Totals:         8       0       0       0       0       0       0
  4463 ;;Total ram usage:        8 bytes
  4464 ;; Hardware stack levels used: 1
  4465 ;; This function calls:
  4466 ;;		Nothing
  4467 ;; This function is called by:
  4468 ;;		_get_rpm
  4469 ;; This function uses a non-reentrant model
  4470 ;;
  4471                           
  4472                           	psect	text15
  4473   002CF6                     __ptext15:
  4474                           	callstack 0
  4475   002CF6                     ___awdiv:
  4476                           	callstack 29
  4477   002CF6  6A06               	clrf	___awdiv@sign^0,c
  4478   002CF8  BE04               	btfsc	(___awdiv@divisor+1)^0,7,c
  4479   002CFA  EF83  F016         	goto	u510
  4480   002CFE  EF81  F016         	goto	u511
  4481   002D02                     u511:
  4482   002D02  EF89  F016         	goto	l1436
  4483   002D06                     u510:
  4484   002D06  6C03               	negf	___awdiv@divisor^0,c
  4485   002D08  1E04               	comf	(___awdiv@divisor+1)^0,f,c
  4486   002D0A  B0D8               	btfsc	status,0,c
  4487   002D0C  2A04               	incf	(___awdiv@divisor+1)^0,f,c
  4488   002D0E  0E01               	movlw	1
  4489   002D10  6E06               	movwf	___awdiv@sign^0,c
  4490   002D12                     l1436:
  4491   002D12  BE02               	btfsc	(___awdiv@dividend+1)^0,7,c
  4492   002D14  EF90  F016         	goto	u520
  4493   002D18  EF8E  F016         	goto	u521
  4494   002D1C                     u521:
  4495   002D1C  EF96  F016         	goto	l1442
  4496   002D20                     u520:
  4497   002D20  6C01               	negf	___awdiv@dividend^0,c
  4498   002D22  1E02               	comf	(___awdiv@dividend+1)^0,f,c
  4499   002D24  B0D8               	btfsc	status,0,c
  4500   002D26  2A02               	incf	(___awdiv@dividend+1)^0,f,c
  4501   002D28  0E01               	movlw	1
  4502   002D2A  1A06               	xorwf	___awdiv@sign^0,f,c
  4503   002D2C                     l1442:
  4504   002D2C  6A08               	clrf	(___awdiv@quotient+1)^0,c
  4505   002D2E  0E00               	movlw	0
  4506   002D30  6E07               	movwf	___awdiv@quotient^0,c
  4507   002D32  5003               	movf	___awdiv@divisor^0,w,c
  4508   002D34  1004               	iorwf	(___awdiv@divisor+1)^0,w,c
  4509   002D36  B4D8               	btfsc	status,2,c
  4510   002D38  EFA0  F016         	goto	u531
  4511   002D3C  EFA2  F016         	goto	u530
  4512   002D40                     u531:
  4513   002D40  EFCA  F016         	goto	l1464
  4514   002D44                     u530:
  4515   002D44  0E01               	movlw	1
  4516   002D46  6E05               	movwf	___awdiv@counter^0,c
  4517   002D48  EFAA  F016         	goto	l1450
  4518   002D4C                     l1448:
  4519   002D4C  90D8               	bcf	status,0,c
  4520   002D4E  3603               	rlcf	___awdiv@divisor^0,f,c
  4521   002D50  3604               	rlcf	(___awdiv@divisor+1)^0,f,c
  4522   002D52  2A05               	incf	___awdiv@counter^0,f,c
  4523   002D54                     l1450:
  4524   002D54  AE04               	btfss	(___awdiv@divisor+1)^0,7,c
  4525   002D56  EFAF  F016         	goto	u541
  4526   002D5A  EFB1  F016         	goto	u540
  4527   002D5E                     u541:
  4528   002D5E  EFA6  F016         	goto	l1448
  4529   002D62                     u540:
  4530   002D62                     l1452:
  4531   002D62  90D8               	bcf	status,0,c
  4532   002D64  3607               	rlcf	___awdiv@quotient^0,f,c
  4533   002D66  3608               	rlcf	(___awdiv@quotient+1)^0,f,c
  4534   002D68  5003               	movf	___awdiv@divisor^0,w,c
  4535   002D6A  5C01               	subwf	___awdiv@dividend^0,w,c
  4536   002D6C  5004               	movf	(___awdiv@divisor+1)^0,w,c
  4537   002D6E  5802               	subwfb	(___awdiv@dividend+1)^0,w,c
  4538   002D70  A0D8               	btfss	status,0,c
  4539   002D72  EFBD  F016         	goto	u551
  4540   002D76  EFBF  F016         	goto	u550
  4541   002D7A                     u551:
  4542   002D7A  EFC4  F016         	goto	l1460
  4543   002D7E                     u550:
  4544   002D7E  5003               	movf	___awdiv@divisor^0,w,c
  4545   002D80  5E01               	subwf	___awdiv@dividend^0,f,c
  4546   002D82  5004               	movf	(___awdiv@divisor+1)^0,w,c
  4547   002D84  5A02               	subwfb	(___awdiv@dividend+1)^0,f,c
  4548   002D86  8007               	bsf	___awdiv@quotient^0,0,c
  4549   002D88                     l1460:
  4550   002D88  90D8               	bcf	status,0,c
  4551   002D8A  3204               	rrcf	(___awdiv@divisor+1)^0,f,c
  4552   002D8C  3203               	rrcf	___awdiv@divisor^0,f,c
  4553   002D8E  2E05               	decfsz	___awdiv@counter^0,f,c
  4554   002D90  EFB1  F016         	goto	l1452
  4555   002D94                     l1464:
  4556   002D94  5006               	movf	___awdiv@sign^0,w,c
  4557   002D96  B4D8               	btfsc	status,2,c
  4558   002D98  EFD0  F016         	goto	u561
  4559   002D9C  EFD2  F016         	goto	u560
  4560   002DA0                     u561:
  4561   002DA0  EFD6  F016         	goto	l1468
  4562   002DA4                     u560:
  4563   002DA4  6C07               	negf	___awdiv@quotient^0,c
  4564   002DA6  1E08               	comf	(___awdiv@quotient+1)^0,f,c
  4565   002DA8  B0D8               	btfsc	status,0,c
  4566   002DAA  2A08               	incf	(___awdiv@quotient+1)^0,f,c
  4567   002DAC                     l1468:
  4568   002DAC  C007  F001         	movff	___awdiv@quotient,?___awdiv
  4569   002DB0  C008  F002         	movff	___awdiv@quotient+1,?___awdiv+1
  4570   002DB4  0012               	return		;funcret
  4571   002DB6                     __end_of___awdiv:
  4572                           	callstack 0
  4573                           
  4574 ;; *************** function _can_transmit *****************
  4575 ;; Defined at:
  4576 ;;		line 70 in file "can.c"
  4577 ;; Parameters:    Size  Location     Type
  4578 ;;  msg_id          2    4[COMRAM] unsigned short 
  4579 ;;  data            1    6[COMRAM] PTR const unsigned char 
  4580 ;;		 -> main@indicator(4), main@str_rpm(5), 
  4581 ;;  len             1    7[COMRAM] unsigned char 
  4582 ;; Auto vars:     Size  Location     Type
  4583 ;;  i               2   13[COMRAM] int 
  4584 ;;  ptr             2   11[COMRAM] PTR unsigned char 
  4585 ;;		 -> TXB0D0(1), 
  4586 ;; Return value:  Size  Location     Type
  4587 ;;                  1    wreg      void 
  4588 ;; Registers used:
  4589 ;;		wreg, fsr1l, fsr1h, fsr2l, fsr2h, status,2, status,0, cstack
  4590 ;; Tracked objects:
  4591 ;;		On entry : 0/0
  4592 ;;		On exit  : 0/0
  4593 ;;		Unchanged: 0/0
  4594 ;; Data sizes:     COMRAM   BANK0   BANK1   BANK2   BANK3   BANK4   BANK5
  4595 ;;      Params:         4       0       0       0       0       0       0
  4596 ;;      Locals:         4       0       0       0       0       0       0
  4597 ;;      Temps:          3       0       0       0       0       0       0
  4598 ;;      Totals:        11       0       0       0       0       0       0
  4599 ;;Total ram usage:       11 bytes
  4600 ;; Hardware stack levels used: 1
  4601 ;; Hardware stack levels required when called: 1
  4602 ;; This function calls:
  4603 ;;		_set_msg_id_std
  4604 ;; This function is called by:
  4605 ;;		_main
  4606 ;; This function uses a non-reentrant model
  4607 ;;
  4608                           
  4609                           	psect	text16
  4610   002A60                     __ptext16:
  4611                           	callstack 0
  4612   002A60                     _can_transmit:
  4613                           	callstack 29
  4614   002A60                     
  4615                           ;can.c: 71:     uint8_t *ptr;;can.c: 72:     TXB0EIDH = 0x00;
  4616   002A60  010F               	movlb	15	; () banked
  4617   002A62  6B43               	clrf	67,b	;volatile
  4618                           
  4619                           ;can.c: 73:     TXB0EIDL = 0x00;
  4620   002A64  6B44               	clrf	68,b	;volatile
  4621   002A66                     
  4622                           ; BSR set to: 15
  4623                           ;can.c: 76:     set_msg_id_std(msg_id);
  4624   002A66  C005  F001         	movff	can_transmit@msg_id,set_msg_id_std@id
  4625   002A6A  C006  F002         	movff	can_transmit@msg_id+1,set_msg_id_std@id+1
  4626   002A6E  EC6D  F014         	call	_set_msg_id_std	;wreg free
  4627   002A72                     
  4628                           ;can.c: 79:     TXB0DLC = len;
  4629   002A72  C008  FF45         	movff	can_transmit@len,3909	;volatile
  4630   002A76                     
  4631                           ;can.c: 84:     ptr = (uint8_t *) & TXB0D0;
  4632   002A76  0E46               	movlw	70
  4633   002A78  6E0C               	movwf	can_transmit@ptr^0,c
  4634   002A7A  0E0F               	movlw	15
  4635   002A7C  6E0D               	movwf	(can_transmit@ptr+1)^0,c
  4636   002A7E                     
  4637                           ;can.c: 85:     for (int i = 0; i < len; i++) {
  4638   002A7E  6A0F               	clrf	(can_transmit@i+1)^0,c
  4639   002A80  0E00               	movlw	0
  4640   002A82  6E0E               	movwf	can_transmit@i^0,c
  4641   002A84  EF52  F015         	goto	l1552
  4642   002A88                     l1548:
  4643                           
  4644                           ;can.c: 86:         ptr[i] = data[i];
  4645   002A88  5007               	movf	can_transmit@data^0,w,c
  4646   002A8A  240E               	addwf	can_transmit@i^0,w,c
  4647   002A8C  6ED9               	movwf	fsr2l,c
  4648   002A8E  6ADA               	clrf	fsr2h,c
  4649   002A90  500E               	movf	can_transmit@i^0,w,c
  4650   002A92  240C               	addwf	can_transmit@ptr^0,w,c
  4651   002A94  6EE1               	movwf	fsr1l,c
  4652   002A96  500F               	movf	(can_transmit@i+1)^0,w,c
  4653   002A98  200D               	addwfc	(can_transmit@ptr+1)^0,w,c
  4654   002A9A  6EE2               	movwf	fsr1h,c
  4655   002A9C  CFDF FFE7          	movff	indf2,indf1
  4656   002AA0                     
  4657                           ;can.c: 87:     }
  4658   002AA0  4A0E               	infsnz	can_transmit@i^0,f,c
  4659   002AA2  2A0F               	incf	(can_transmit@i+1)^0,f,c
  4660   002AA4                     l1552:
  4661   002AA4  5008               	movf	can_transmit@len^0,w,c
  4662   002AA6  6E09               	movwf	??_can_transmit^0,c
  4663   002AA8  6A0A               	clrf	(??_can_transmit+1)^0,c
  4664   002AAA  5009               	movf	??_can_transmit^0,w,c
  4665   002AAC  5C0E               	subwf	can_transmit@i^0,w,c
  4666   002AAE  500F               	movf	(can_transmit@i+1)^0,w,c
  4667   002AB0  0A80               	xorlw	128
  4668   002AB2  6E0B               	movwf	(??_can_transmit+2)^0,c
  4669   002AB4  500A               	movf	(??_can_transmit+1)^0,w,c
  4670   002AB6  0A80               	xorlw	128
  4671   002AB8  580B               	subwfb	(??_can_transmit+2)^0,w,c
  4672   002ABA  A0D8               	btfss	status,0,c
  4673   002ABC  EF62  F015         	goto	u651
  4674   002AC0  EF64  F015         	goto	u650
  4675   002AC4                     u651:
  4676   002AC4  EF44  F015         	goto	l1548
  4677   002AC8                     u650:
  4678   002AC8                     
  4679                           ;can.c: 88:     TXB0REQ = 1;
  4680   002AC8  010F               	movlb	15	; () banked
  4681   002ACA  8740               	bsf	64,3,b	;volatile
  4682   002ACC                     
  4683                           ; BSR set to: 15
  4684   002ACC  0012               	return		;funcret
  4685   002ACE                     __end_of_can_transmit:
  4686                           	callstack 0
  4687                           
  4688 ;; *************** function _set_msg_id_std *****************
  4689 ;; Defined at:
  4690 ;;		line 63 in file "can.c"
  4691 ;; Parameters:    Size  Location     Type
  4692 ;;  id              2    0[COMRAM] unsigned int 
  4693 ;; Auto vars:     Size  Location     Type
  4694 ;;		None
  4695 ;; Return value:  Size  Location     Type
  4696 ;;                  1    wreg      void 
  4697 ;; Registers used:
  4698 ;;		wreg, status,2, status,0
  4699 ;; Tracked objects:
  4700 ;;		On entry : 0/0
  4701 ;;		On exit  : 0/0
  4702 ;;		Unchanged: 0/0
  4703 ;; Data sizes:     COMRAM   BANK0   BANK1   BANK2   BANK3   BANK4   BANK5
  4704 ;;      Params:         2       0       0       0       0       0       0
  4705 ;;      Locals:         0       0       0       0       0       0       0
  4706 ;;      Temps:          2       0       0       0       0       0       0
  4707 ;;      Totals:         4       0       0       0       0       0       0
  4708 ;;Total ram usage:        4 bytes
  4709 ;; Hardware stack levels used: 1
  4710 ;; This function calls:
  4711 ;;		Nothing
  4712 ;; This function is called by:
  4713 ;;		_can_transmit
  4714 ;; This function uses a non-reentrant model
  4715 ;;
  4716                           
  4717                           	psect	text17
  4718   0028DA                     __ptext17:
  4719                           	callstack 0
  4720   0028DA                     _set_msg_id_std:
  4721                           	callstack 29
  4722   0028DA                     
  4723                           ;can.c: 64:     TXB0SIDL = (id & 0x7) << 5;
  4724   0028DA  C001  F003         	movff	set_msg_id_std@id,??_set_msg_id_std
  4725   0028DE  0E07               	movlw	7
  4726   0028E0  1603               	andwf	??_set_msg_id_std^0,f,c
  4727   0028E2  0E05               	movlw	5
  4728   0028E4  6E04               	movwf	(??_set_msg_id_std+1)^0,c
  4729   0028E6                     u505:
  4730   0028E6  90D8               	bcf	status,0,c
  4731   0028E8  3603               	rlcf	??_set_msg_id_std^0,f,c
  4732   0028EA  2E04               	decfsz	(??_set_msg_id_std+1)^0,f,c
  4733   0028EC  EF73  F014         	goto	u505
  4734   0028F0  5003               	movf	??_set_msg_id_std^0,w,c
  4735   0028F2  010F               	movlb	15	; () banked
  4736   0028F4  6F42               	movwf	66,b	;volatile
  4737                           
  4738                           ;can.c: 65:     TXB0SIDH = (id >> 3);
  4739   0028F6  C001  F003         	movff	set_msg_id_std@id,??_set_msg_id_std
  4740   0028FA  C002  F004         	movff	set_msg_id_std@id+1,??_set_msg_id_std+1
  4741   0028FE  90D8               	bcf	status,0,c
  4742   002900  3204               	rrcf	(??_set_msg_id_std+1)^0,f,c
  4743   002902  3203               	rrcf	??_set_msg_id_std^0,f,c
  4744   002904  90D8               	bcf	status,0,c
  4745   002906  3204               	rrcf	(??_set_msg_id_std+1)^0,f,c
  4746   002908  3203               	rrcf	??_set_msg_id_std^0,f,c
  4747   00290A  90D8               	bcf	status,0,c
  4748   00290C  3204               	rrcf	(??_set_msg_id_std+1)^0,f,c
  4749   00290E  3203               	rrcf	??_set_msg_id_std^0,f,c
  4750   002910  5003               	movf	??_set_msg_id_std^0,w,c
  4751   002912  6F41               	movwf	65,b	;volatile
  4752   002914                     
  4753                           ; BSR set to: 15
  4754   002914  0012               	return		;funcret
  4755   002916                     __end_of_set_msg_id_std:
  4756                           	callstack 0
  4757                           
  4758                           	psect	rparam
  4759   000001                     ___rparam_used  equ	1
  4760   000000                     ___param_bank   equ	0
  4761   000000                     __Lparam        equ	__Lrparam
  4762   000000                     __Hparam        equ	__Hrparam
  4763                           
  4764                           	psect	idloc
  4765                           
  4766                           ;Config register IDLOC0 @ 0x200000
  4767                           ;	unspecified, using default values
  4768   200000                     	org	2097152
  4769   200000  FF                 	db	255
  4770                           
  4771                           ;Config register IDLOC1 @ 0x200001
  4772                           ;	unspecified, using default values
  4773   200001                     	org	2097153
  4774   200001  FF                 	db	255
  4775                           
  4776                           ;Config register IDLOC2 @ 0x200002
  4777                           ;	unspecified, using default values
  4778   200002                     	org	2097154
  4779   200002  FF                 	db	255
  4780                           
  4781                           ;Config register IDLOC3 @ 0x200003
  4782                           ;	unspecified, using default values
  4783   200003                     	org	2097155
  4784   200003  FF                 	db	255
  4785                           
  4786                           ;Config register IDLOC4 @ 0x200004
  4787                           ;	unspecified, using default values
  4788   200004                     	org	2097156
  4789   200004  FF                 	db	255
  4790                           
  4791                           ;Config register IDLOC5 @ 0x200005
  4792                           ;	unspecified, using default values
  4793   200005                     	org	2097157
  4794   200005  FF                 	db	255
  4795                           
  4796                           ;Config register IDLOC6 @ 0x200006
  4797                           ;	unspecified, using default values
  4798   200006                     	org	2097158
  4799   200006  FF                 	db	255
  4800                           
  4801                           ;Config register IDLOC7 @ 0x200007
  4802                           ;	unspecified, using default values
  4803   200007                     	org	2097159
  4804   200007  FF                 	db	255
  4805                           
  4806                           	psect	config
  4807                           
  4808                           ; Padding undefined space
  4809   300000                     	org	3145728
  4810   300000  FF                 	db	255
  4811                           
  4812                           ;Config register CONFIG1H @ 0x300001
  4813                           ;	unspecified, using default values
  4814                           ;	Oscillator Selection bits
  4815                           ;	OSC = 0x7, unprogrammed default
  4816                           ;	Fail-Safe Clock Monitor Enable bit
  4817                           ;	FCMEN = 0x0, unprogrammed default
  4818                           ;	Internal/External Oscillator Switchover bit
  4819                           ;	IESO = 0x0, unprogrammed default
  4820   300001                     	org	3145729
  4821   300001  07                 	db	7
  4822                           
  4823                           ;Config register CONFIG2L @ 0x300002
  4824                           ;	unspecified, using default values
  4825                           ;	Power-up Timer Enable bit
  4826                           ;	PWRT = 0x1, unprogrammed default
  4827                           ;	Brown-out Reset Enable bits
  4828                           ;	BOREN = 0x3, unprogrammed default
  4829                           ;	Brown-out Reset Voltage bits
  4830                           ;	BORV = 0x3, unprogrammed default
  4831   300002                     	org	3145730
  4832   300002  1F                 	db	31
  4833                           
  4834                           ;Config register CONFIG2H @ 0x300003
  4835                           ;	unspecified, using default values
  4836                           ;	Watchdog Timer Enable bit
  4837                           ;	WDT = 0x1, unprogrammed default
  4838                           ;	Watchdog Timer Postscale Select bits
  4839                           ;	WDTPS = 0xF, unprogrammed default
  4840   300003                     	org	3145731
  4841   300003  1F                 	db	31
  4842                           
  4843                           ; Padding undefined space
  4844   300004                     	org	3145732
  4845   300004  FF                 	db	255
  4846                           
  4847                           ;Config register CONFIG3H @ 0x300005
  4848                           ;	unspecified, using default values
  4849                           ;	PORTB A/D Enable bit
  4850                           ;	PBADEN = 0x1, unprogrammed default
  4851                           ;	Low-Power Timer 1 Oscillator Enable bit
  4852                           ;	LPT1OSC = 0x0, unprogrammed default
  4853                           ;	MCLR Pin Enable bit
  4854                           ;	MCLRE = 0x1, unprogrammed default
  4855   300005                     	org	3145733
  4856   300005  82                 	db	130
  4857                           
  4858                           ;Config register CONFIG4L @ 0x300006
  4859                           ;	unspecified, using default values
  4860                           ;	Stack Full/Underflow Reset Enable bit
  4861                           ;	STVREN = 0x1, unprogrammed default
  4862                           ;	Single-Supply ICSP Enable bit
  4863                           ;	LVP = 0x1, unprogrammed default
  4864                           ;	Boot Block Size Select bit
  4865                           ;	BBSIZ = 0x0, unprogrammed default
  4866                           ;	Extended Instruction Set Enable bit
  4867                           ;	XINST = 0x0, unprogrammed default
  4868                           ;	Background Debugger Enable bit
  4869                           ;	DEBUG = 0x1, unprogrammed default
  4870   300006                     	org	3145734
  4871   300006  85                 	db	133
  4872                           
  4873                           ; Padding undefined space
  4874   300007                     	org	3145735
  4875   300007  FF                 	db	255
  4876                           
  4877                           ;Config register CONFIG5L @ 0x300008
  4878                           ;	unspecified, using default values
  4879                           ;	Code Protection bit
  4880                           ;	CP0 = 0x1, unprogrammed default
  4881                           ;	Code Protection bit
  4882                           ;	CP1 = 0x1, unprogrammed default
  4883                           ;	Code Protection bit
  4884                           ;	CP2 = 0x1, unprogrammed default
  4885                           ;	Code Protection bit
  4886                           ;	CP3 = 0x1, unprogrammed default
  4887   300008                     	org	3145736
  4888   300008  0F                 	db	15
  4889                           
  4890                           ;Config register CONFIG5H @ 0x300009
  4891                           ;	unspecified, using default values
  4892                           ;	Boot Block Code Protection bit
  4893                           ;	CPB = 0x1, unprogrammed default
  4894                           ;	Data EEPROM Code Protection bit
  4895                           ;	CPD = 0x1, unprogrammed default
  4896   300009                     	org	3145737
  4897   300009  C0                 	db	192
  4898                           
  4899                           ;Config register CONFIG6L @ 0x30000A
  4900                           ;	unspecified, using default values
  4901                           ;	Write Protection bit
  4902                           ;	WRT0 = 0x1, unprogrammed default
  4903                           ;	Write Protection bit
  4904                           ;	WRT1 = 0x1, unprogrammed default
  4905                           ;	Write Protection bit
  4906                           ;	WRT2 = 0x1, unprogrammed default
  4907                           ;	Write Protection bit
  4908                           ;	WRT3 = 0x1, unprogrammed default
  4909   30000A                     	org	3145738
  4910   30000A  0F                 	db	15
  4911                           
  4912                           ;Config register CONFIG6H @ 0x30000B
  4913                           ;	unspecified, using default values
  4914                           ;	Configuration Register Write Protection bit
  4915                           ;	WRTC = 0x1, unprogrammed default
  4916                           ;	Boot Block Write Protection bit
  4917                           ;	WRTB = 0x1, unprogrammed default
  4918                           ;	Data EEPROM Write Protection bit
  4919                           ;	WRTD = 0x1, unprogrammed default
  4920   30000B                     	org	3145739
  4921   30000B  E0                 	db	224
  4922                           
  4923                           ;Config register CONFIG7L @ 0x30000C
  4924                           ;	unspecified, using default values
  4925                           ;	Table Read Protection bit
  4926                           ;	EBTR0 = 0x1, unprogrammed default
  4927                           ;	Table Read Protection bit
  4928                           ;	EBTR1 = 0x1, unprogrammed default
  4929                           ;	Table Read Protection bit
  4930                           ;	EBTR2 = 0x1, unprogrammed default
  4931                           ;	Table Read Protection bit
  4932                           ;	EBTR3 = 0x1, unprogrammed default
  4933   30000C                     	org	3145740
  4934   30000C  0F                 	db	15
  4935                           
  4936                           ;Config register CONFIG7H @ 0x30000D
  4937                           ;	unspecified, using default values
  4938                           ;	Boot Block Table Read Protection bit
  4939                           ;	EBTRB = 0x1, unprogrammed default
  4940   30000D                     	org	3145741
  4941   30000D  40                 	db	64
  4942                           tosu	equ	0xFFF
  4943                           tosh	equ	0xFFE
  4944                           tosl	equ	0xFFD
  4945                           stkptr	equ	0xFFC
  4946                           pclatu	equ	0xFFB
  4947                           pclath	equ	0xFFA
  4948                           pcl	equ	0xFF9
  4949                           tblptru	equ	0xFF8
  4950                           tblptrh	equ	0xFF7
  4951                           tblptrl	equ	0xFF6
  4952                           tablat	equ	0xFF5
  4953                           prodh	equ	0xFF4
  4954                           prodl	equ	0xFF3
  4955                           indf0	equ	0xFEF
  4956                           postinc0	equ	0xFEE
  4957                           postdec0	equ	0xFED
  4958                           preinc0	equ	0xFEC
  4959                           plusw0	equ	0xFEB
  4960                           fsr0h	equ	0xFEA
  4961                           fsr0l	equ	0xFE9
  4962                           wreg	equ	0xFE8
  4963                           indf1	equ	0xFE7
  4964                           postinc1	equ	0xFE6
  4965                           postdec1	equ	0xFE5
  4966                           preinc1	equ	0xFE4
  4967                           plusw1	equ	0xFE3
  4968                           fsr1h	equ	0xFE2
  4969                           fsr1l	equ	0xFE1
  4970                           bsr	equ	0xFE0
  4971                           indf2	equ	0xFDF
  4972                           postinc2	equ	0xFDE
  4973                           postdec2	equ	0xFDD
  4974                           preinc2	equ	0xFDC
  4975                           plusw2	equ	0xFDB
  4976                           fsr2h	equ	0xFDA
  4977                           fsr2l	equ	0xFD9
  4978                           status	equ	0xFD8

Data Sizes:
    Strings     12
    Constant    0
    Data        1
    BSS         5
    Persistent  0
    Stack       0

Auto Spaces:
    Space          Size  Autos    Used
    COMRAM           95     38      44
    BANK0           160      0       0
    BANK1           256      0       0
    BANK2           256      0       0
    BANK3           256      0       0
    BANK4           256      0       0
    BANK5           256      0       0

Pointer List with Targets:

    can_transmit@data	PTR const unsigned char  size(1) Largest target is 5
		 -> main@indicator(COMRAM[4]), main@str_rpm(COMRAM[5]), 

    can_transmit@ptr	PTR unsigned char  size(2) Largest target is 1
		 -> TXB0D0(SFR_2[1]), 

    my_itoa@str_rpm	PTR unsigned char  size(1) Largest target is 5
		 -> main@str_rpm(COMRAM[5]), 

    my_strcpy@indicator	PTR unsigned char  size(1) Largest target is 4
		 -> main@indicator(COMRAM[4]), 

    my_strcpy@status	PTR unsigned char  size(2) Largest target is 4
		 -> STR_1(CODE[4]), STR_2(CODE[4]), STR_3(CODE[4]), 


Critical Paths under _main in COMRAM

    _main->_get_rpm
    _process_indicator->_read_digital_keypad
    _my_itoa->___lwmod
    ___lwmod->___lwdiv
    _get_rpm->___awdiv
    _can_transmit->_set_msg_id_std

Critical Paths under _main in BANK0

    None.

Critical Paths under _main in BANK1

    None.

Critical Paths under _main in BANK2

    None.

Critical Paths under _main in BANK3

    None.

Critical Paths under _main in BANK4

    None.

Critical Paths under _main in BANK5

    None.

Call Graph Tables:

 ---------------------------------------------------------------------------------
 (Depth) Function   	        Calls       Base Space   Used Autos Params    Refs
 ---------------------------------------------------------------------------------
 (0) _main                                                18    18      0    1778
                                             20 COMRAM    18    18      0
                       _can_transmit
                            _get_rpm
                        _init_config
                            _my_itoa
                          _my_strcpy
                  _process_indicator
 ---------------------------------------------------------------------------------
 (1) _process_indicator                                    3     3      0      75
                                              1 COMRAM     3     3      0
                _read_digital_keypad
 ---------------------------------------------------------------------------------
 (2) _read_digital_keypad                                  1     1      0      30
                                              0 COMRAM     1     1      0
 ---------------------------------------------------------------------------------
 (1) _my_strcpy                                            7     4      3     184
                                              0 COMRAM     7     4      3
 ---------------------------------------------------------------------------------
 (1) _my_itoa                                              3     0      3     533
                                             12 COMRAM     3     0      3
                            ___lwdiv
                            ___lwmod
 ---------------------------------------------------------------------------------
 (2) ___lwmod                                              5     1      4     165
                                              7 COMRAM     5     1      4
                            ___lwdiv (ARG)
 ---------------------------------------------------------------------------------
 (2) ___lwdiv                                              7     3      4     168
                                              0 COMRAM     7     3      4
 ---------------------------------------------------------------------------------
 (1) _init_config                                          0     0      0       0
                           _init_adc
                           _init_can
                _init_digital_keypad
                           _init_led
                          _init_uart
 ---------------------------------------------------------------------------------
 (2) _init_uart                                            0     0      0       0
 ---------------------------------------------------------------------------------
 (2) _init_led                                             0     0      0       0
 ---------------------------------------------------------------------------------
 (2) _init_digital_keypad                                  0     0      0       0
 ---------------------------------------------------------------------------------
 (2) _init_can                                             0     0      0       0
 ---------------------------------------------------------------------------------
 (2) _init_adc                                             0     0      0       0
 ---------------------------------------------------------------------------------
 (1) _get_rpm                                             12    10      2     424
                                              8 COMRAM    12    10      2
                            ___awdiv
                           _read_adc
 ---------------------------------------------------------------------------------
 (2) _read_adc                                             7     5      2      52
                                              0 COMRAM     7     5      2
 ---------------------------------------------------------------------------------
 (2) ___awdiv                                              8     4      4     302
                                              0 COMRAM     8     4      4
 ---------------------------------------------------------------------------------
 (1) _can_transmit                                        11     7      4     230
                                              4 COMRAM    11     7      4
                     _set_msg_id_std
 ---------------------------------------------------------------------------------
 (2) _set_msg_id_std                                       4     2      2      45
                                              0 COMRAM     4     2      2
 ---------------------------------------------------------------------------------
 Estimated maximum stack depth 2
 ---------------------------------------------------------------------------------

 Call Graph Graphs:

 _main (ROOT)
   _can_transmit
     _set_msg_id_std
   _get_rpm
     ___awdiv
     _read_adc
   _init_config
     _init_adc
     _init_can
     _init_digital_keypad
     _init_led
     _init_uart
   _my_itoa
     ___lwdiv
     ___lwmod
       ___lwdiv (ARG)
   _my_strcpy
   _process_indicator
     _read_digital_keypad

Address spaces:
Name               Size   Autos  Total    Usage
BIGRAM            1535      0       0      0.0%
BITBIGSFRllh       410      0       0      0.0%
BITBANK5           256      0       0      0.0%
BANK5              256      0       0      0.0%
BITBANK4           256      0       0      0.0%
BANK4              256      0       0      0.0%
BITBANK3           256      0       0      0.0%
BANK3              256      0       0      0.0%
BITBANK2           256      0       0      0.0%
BANK2              256      0       0      0.0%
BITBANK1           256      0       0      0.0%
BANK1              256      0       0      0.0%
BITBIGSFRlll       212      0       0      0.0%
BITBANK0           160      0       0      0.0%
BANK0              160      0       0      0.0%
BITCOMRAM           95      0       0      0.0%
COMRAM              95     38      44     46.3%
BITBIGSFRh          82      0       0      0.0%
BITBIGSFRlh         61      0       0      0.0%
STACK                0      0       0      0.0%
DATA                 0      0      44      0.0%


Microchip Technology PIC18 Macro Assembler V3.10 build 20250813170317 
Symbol Table                                                                                   Thu Jul  9 08:48:09 2026

                               l33 2892                                 l36 296A  
                               l53 2BB2                                 l46 2854  
                               l39 2996                                 l90 2876  
                               l84 2CF4                                 l87 2860  
                               l96 2A5E                                 _GO 7E11  
                               u20 2B52                                 u21 2B4E  
                               u30 2B66                                 u31 2B62  
                               u40 2B76                                 u41 2B72  
                               u50 2B94                                 u51 2B90  
                               u60 2BAC                                 u61 2BA8  
                               u70 2932                                 u71 292E  
                     ___awdiv@sign 0006                                l221 2FE8  
                              l206 2C3C                                l224 2FEC  
                              l173 2914                                l166 2932  
                              l167 2950                                l178 2AC8  
                              l179 2ACC                                l259 28B2  
                              l624 2DB4                                l901 29FA  
                              l891 2B3E                                l884 2B36  
                              l894 29F2                                _RB0 7C08  
                              _RB1 7C09                                _RB6 7C0E  
                              _RB7 7C0F                                u300 2F76  
                              u301 2F70                                u230 2EE4  
                              u231 2EE0                                u320 2F8E  
                              u240 2EFA                                u321 2F8A  
                              u241 2EF6                                u330 2FBA  
                              u250 2F10                                u331 2FB6  
                              u315 2F78                                u251 2F0C  
                              u340 2FD0                                u260 2F22  
                              u341 2FCA                                u261 2F1E  
                              u510 2D06                                u270 2F4E  
                              u511 2D02                                u271 2F4A  
                              u520 2D20                                u600 29AA  
                              u360 2FE2                                u280 2F64  
                              u505 28E6                                u521 2D1C  
                              u601 29A6                                u361 2FDC  
                              u281 2F5E                                u530 2D44  
                              u610 29C8                                u531 2D40  
                              u611 29C4                                u355 2FD2  
                              u540 2D62                                u620 29DE  
                              u700 2EC2                                u541 2D5E  
                              u621 29DA                                u701 2EBE  
                              u550 2D7E                                u630 2A54  
                              u551 2D7A                                u631 2A50  
                              u375 2FE4                                u295 2F66  
                              u560 2DA4                                u640 2C24  
                              u561 2DA0                                u641 2C20  
                              u650 2AC8                                u490 2978  
                              u570 2AE6                                u651 2AC4  
                              u491 2974                                u571 2AE2  
                              u580 2B04                                u660 2E1A  
                              u581 2B00                                u661 2E16  
                              u590 2B20                                u670 2E2C  
                              u591 2B1C                                u671 2E28  
                              u680 2E52                                u681 2E4E  
                              u690 2E7A                                u691 2E76  
                              _RX9 7D5E                                _TX9 7D66  
                             l1110 2894                               l1120 291A  
                             l1112 28AA                               l1104 2BB0  
                             l1130 2944                               l1122 291E  
                             l1114 28AE                               l1132 2948  
                             l1124 2920                               l1108 2856  
                             l1116 28B0                               l1300 2FEA  
                             l1134 294A                               l1126 2934  
                             l1118 2916                               l1230 2866  
                             l1136 294C                               l1128 2940  
                             l1232 286A                               l1080 2B42  
                             l1066 2878                               l1138 294E  
                             l1234 286E                               l1082 2B52  
                             l1420 2978                               l1236 2872  
                             l1228 2862                               l1500 29BA  
                             l1084 2B66                               l1430 2CF8  
                             l1422 298E                               l1078 284E  
                             l1502 29C8                               l1510 2C3E  
                             l1086 2B76                               l1094 2B80  
                             l1270 2EFA                               l1262 2ECA  
                             l1440 2D28                               l1432 2D06  
                             l1416 2954                               l1504 29DE  
                             l1512 2CE8                               l1520 2A2C  
                             l1096 2B94                               l1088 2B78  
                             l1280 2F26                               l1272 2EFE  
                             l1264 2ED2                               l1600 2EA6  
            ??_read_digital_keypad 0001                               l1426 28DA  
                             l1450 2D54                               l1442 2D2C  
                             l1434 2D0E                               l1418 2968  
                             l1530 2C08                               l1506 29E6  
                             l1522 2A54                               l1514 29FC  
                             l1098 2B9C                               l1290 2F8E  
                             l1282 2F4E                               l1274 2F10  
                             l1266 2EE4                               l1540 2A66  
                             l1460 2D88                               l1452 2D62  
                             l1444 2D32                               l1436 2D12  
                             l1428 2CF6                               l1532 2C24  
                             l1524 2BB4                               l1508 29EC  
                             l1516 2A06                               l1292 2F92  
                             l1284 2F54                               l1276 2F12  
                             l1268 2EE8                               l1550 2AA0  
                             l1542 2A72                               l1462 2D8E  
                             l1454 2D68                               l1446 2D44  
                             l1438 2D20                               l1534 2C34  
                             l1526 2BC2                               l1518 2A28  
                             l1294 2FBA                               l1286 2F66  
                             l1278 2F22                               l1552 2AA4  
                             l1544 2A76                               l1456 2D7E  
                             l1448 2D4C                               l1464 2D94  
                             l1480 2AF6                               l1472 2ACE  
                             l1296 2FC0                               l1288 2F7C  
                             l1560 2DBA                               l1546 2A7E  
                             l1538 2A60                               l1466 2DA4  
                             l1458 2D86                               l1490 2B2A  
                             l1482 2B04                               l1474 2AD4  
                             l1298 2FD2                               l1562 2DC6  
                             l1554 2DB6                               l1548 2A88  
                             l1468 2DAC                               l1492 2B30  
                             l1484 2B0A                               l1476 2AE6  
                             l1580 2E2C                               l1564 2DD2  
                             l1556 2DBA                               l1486 2B20  
                             l1478 2AEE                               l1494 2998  
                             l1590 2E8A                               l1582 2E40  
                             l1574 2DFA                               l1566 2DE2  
                             l1558 2DBA                               l1488 2B28  
                             l1496 29AA                               l1592 2E9C  
                             l1584 2E52                               l1576 2DFE  
                             l1568 2DF4                               l1498 29B2  
                             l1586 2E66                               l1578 2E1A  
                             l1588 2E7A                               l1598 2EA2  
                             _ADFM 7E07                               _ADON 7E10  
                             STR_1 2FF7                               STR_2 2FEF  
                             STR_3 2FF3                               _BRGH 7D62  
                             _CREN 7D5C                               _RCIF 7CF5  
                             _SPEN 7D5F                               _TXEN 7D65  
                             _TXIF 7CF4                               _SYNC 7D64  
                             _main 2DB6                               fsr2h 0FDA  
                             indf1 0FE7                               indf2 0FDF  
                             fsr1l 0FE1                               fsr2l 0FD9  
                             prodh 0FF4                               prodl 0FF3  
                             start 2FFC   process_indicator@right_ind_delay 0027  
                      main@str_rpm 0016                       ___param_bank 0000  
                  my_strcpy@status 0002                              _ADCS0 7E00  
                            _ADCS1 7E01                              _ADCS2 7E02  
                            ?_main 0001                              _ACQT0 7E03  
                            _ACQT1 7E04                              _ACQT2 7E05  
                  __end_of___awdiv 2DB6                              _BRG16 7DC3  
                     get_rpm@value 000F                    ___awdiv@divisor 0003  
                  __end_of___lwdiv 2B40                    __end_of___lwmod 29FC  
                     ?_init_config 0001                    ___awdiv@counter 0005  
                            _VCFG0 7E0C                              _VCFG1 7E0D  
                            _RCREG 0FAE                              _SENDB 7D63  
                            _SPBRG 0FAF                              _PORTB 0F81  
                            _PORTC 0F82                              _TRISC 0F94  
                            _TXREG 0FAD                    __end_of_get_rpm 2C3E  
                            main@i 0021                              tablat 0FF5  
                  __end_of_my_itoa 2CF6                              status 0FD8  
                  __initialization 28B4                       __end_of_main 2ECA  
                           ??_main 0015                      __activetblptr 0002  
                           _ADCON0 0FC2                             _CANCON 0F6F  
                           _ADRESH 0FC4                             _ADRESL 0FC3  
                 ___awdiv@dividend 0001                             _GODONE 7E11  
                    main@indicator 001B                             _RXB0D0 0F66  
                           _RXB0IF 7D20                             _TXB0D0 0F46  
                           _TRISB0 7C98                             _TRISB1 7C99  
                           _TRISB2 7C9A                             _TRISB3 7C9B  
                           _TRISB6 7C9E                             _TRISB7 7C9F  
                           _TRISC6 7CA6                             _TRISC7 7CA7  
      __end_of_init_digital_keypad 2856                          ??___awdiv 0005  
                    can_transmit@i 000E                          ??___lwdiv 0005  
                        ??___lwmod 000C                   __end_of_init_adc 2894  
                 __end_of_init_can 2952                   __end_of_init_led 2862  
                 __end_of_read_adc 2998                   ___awdiv@quotient 0007  
                           isa$std 0001                          ??_get_rpm 000B  
                     __pdataCOMRAM 002C                       __mediumconst 2FEE  
                           tblptrh 0FF7                             tblptrl 0FF6  
                           tblptru 0FF8                          ??_my_itoa 0010  
                     _can_transmit 2A60                         __accesstop 0060  
          __end_of__initialization 28D0                      ___rparam_used 0001  
                   __pcstackCOMRAM 0001                   set_msg_id_std@id 0001  
                          _ECANCON 0F77                            _CANSTAT 0F6E  
                          _BRGCON1 0F70                            _BRGCON2 0F71  
                          _BRGCON3 0F72        __end_of_read_digital_keypad 2BB4  
                          _RXB0DLC 0F65                            _RXB0CON 0F60  
                          _RXB0FUL 7B07                            _TXB0DLC 0F45  
                          _TXB0REQ 7A03                            _RXFCON0 0DD4  
                        ?_init_adc 0001                          ?_init_can 0001  
                        ?_init_led 0001                          ?_read_adc 0001  
                          __Hparam 0000                            __Lparam 0000  
                          ___awdiv 2CF6                            ___lwdiv 2ACE  
                          ___lwmod 2998                            __pcinit 28B4  
                          __ramtop 0600                            __ptext0 2DB6  
                          __ptext1 2ECA                            __ptext2 2B40  
                          __ptext3 29FC                            __ptext4 2C3E  
                          __ptext5 2998                            __ptext6 2ACE  
                          __ptext7 2862                            __ptext8 2894  
                          __ptext9 2856                            _get_rpm 2BB4  
                __end_of_init_uart 28B4                            _my_itoa 2C3E  
                          main@rpm 001F               end_of_initialization 28D0  
                       ??_init_adc 0001                         ??_init_can 0001  
                    __Lmediumconst 2FEE                         ??_init_led 0001  
                       ??_read_adc 0003                  __end_of_my_strcpy 2A60  
                  read_adc@channel 0007                    read_adc@reg_val 0005  
          process_indicator@status 002B                     _set_msg_id_std 28DA  
                       get_rpm@rpm 0011                      __pidataCOMRAM 3000  
              start_initialization 28B4                 my_strcpy@indicator 0001  
           __end_of_set_msg_id_std 2916                     my_itoa@str_rpm 000F  
                    ??_init_config 0001                        __pbssCOMRAM 0027  
                  ?_set_msg_id_std 0001                   ___lwdiv@dividend 0001  
                    __pmediumconst 2FEE                           ?___awdiv 0001  
                 can_transmit@data 0007                           ?___lwdiv 0001  
                         ?___lwmod 0008                           ?_get_rpm 0009  
                      __smallconst 2FEE                           ?_my_itoa 000D  
               can_transmit@msg_id 0005                   ___lwdiv@quotient 0005  
              __end_of_init_config 2878                          _init_uart 2894  
                       my_itoa@rpm 000D                           _RXB0SIDH 0F61  
                         _RXB0SIDL 0F62                           _TXB0EIDH 0F43  
                         _TXB0EIDL 0F44                           _TXB0SIDH 0F41  
                         _TXB0SIDL 0F42                          _my_strcpy 29FC  
                       my_strcpy@i 0006                          main@i_111 0023  
read_digital_keypad@detection_type 0001                      ?_can_transmit 0005  
                _process_indicator 2ECA                         ?_init_uart 0001  
              _init_digital_keypad 284E                 ?_process_indicator 0001  
                         __Hrparam 0000                ??_process_indicator 0002  
                         __Lrparam 0000                         ?_my_strcpy 0001  
             ?_init_digital_keypad 0001                        _init_config 2862  
                   ??_can_transmit 0009          __end_of_process_indicator 2FEE  
                  ___lwdiv@divisor 0003                    ___lwdiv@counter 0007  
                         __ptext10 284E                           __ptext11 2916  
                         __ptext12 2878                           __ptext13 2BB4  
                         __ptext14 2952                           __ptext15 2CF6  
                         __ptext16 2A60                           __ptext17 28DA  
                  can_transmit@len 0008                    can_transmit@ptr 000C  
                         _init_adc 2878                           _init_can 2916  
                         _init_led 2856                           _read_adc 2952  
          read_digital_keypad@once 002C                           isa$xinst 0000  
            ??_init_digital_keypad 0001                        _RXB0CONbits 0F60  
                 ??_set_msg_id_std 0003                        ??_init_uart 0001  
                 ___lwmod@dividend 0008               process_indicator@key 0004  
                      ??_my_strcpy 0004                _read_digital_keypad 2B40  
                  ___lwmod@divisor 000A                    ___lwmod@counter 000C  
             ?_read_digital_keypad 0001    process_indicator@left_ind_delay 0029  
             main@indicator_status 0025               __end_of_can_transmit 2ACE  
