

Microchip MPLAB XC8 Assembler V3.10 build 20250813170317 
                                                                                               Thu Jul  9 08:48:27 2026

Microchip MPLAB XC8 C Compiler v3.10 (Free license) build 20250813170317 Og1 
     1                           	processor	18F4580
     2                           	fnconf	rparam,??,?,0
     3                           	pagewidth 120
     4                           	opt	flic
     5                           	psect	idataCOMRAM,global,class=CODE,space=0,delta=1,noexec
     6                           	psect	cinit,global,reloc=2,class=CODE,space=0,delta=1
     7                           	psect	dataCOMRAM,global,class=COMRAM,space=1,delta=1,lowdata,noexec
     8                           	psect	cstackCOMRAM,global,class=COMRAM,space=1,delta=1,lowdata,noexec
     9                           	psect	text0,global,reloc=2,class=CODE,space=0,delta=1
    10                           	psect	text1,global,reloc=2,class=CODE,space=0,delta=1
    11                           	psect	text2,global,reloc=2,class=CODE,space=0,delta=1,group=1
    12                           	psect	text3,global,reloc=2,class=CODE,space=0,delta=1,group=1
    13                           	psect	text4,global,reloc=2,class=CODE,space=0,delta=1
    14                           	psect	text5,global,reloc=2,class=CODE,space=0,delta=1
    15                           	psect	text6,global,reloc=2,class=CODE,space=0,delta=1
    16                           	psect	text7,global,reloc=2,class=CODE,space=0,delta=1
    17                           	psect	text8,global,reloc=2,class=CODE,space=0,delta=1
    18                           	psect	text9,global,reloc=2,class=CODE,space=0,delta=1
    19                           	psect	text10,global,reloc=2,class=CODE,space=0,delta=1,group=1
    20                           	psect	text11,global,reloc=2,class=CODE,space=0,delta=1
    21                           	psect	text12,global,reloc=2,class=CODE,space=0,delta=1
    22                           	psect	text13,global,reloc=2,class=CODE,space=0,delta=1
    23                           	psect	text14,global,reloc=2,class=CODE,space=0,delta=1
    24                           	psect	smallconst,global,reloc=2,class=SMALLCONST,space=0,delta=1,noexec
    25                           	psect	intsave_regs,global,class=BIGRAM,space=1,delta=1,noexec
    26                           	psect	rparam,global,class=COMRAM,space=1,delta=1,noexec
    27                           	psect	idloc,global,abs,ovrld,class=IDLOC,space=5,delta=1,noexec
    28                           	psect	config,global,abs,ovrld,class=CONFIG,space=4,delta=1,noexec
    29   000000                     
    30                           ; Version 2.20
    31                           ; Generated 12/02/2020 GMT
    32                           ; 
    33                           ; Copyright © 2020, Microchip Technology Inc. and its subsidiaries ("Microchip")
    34                           ; All rights reserved.
    35                           ; 
    36                           ; This software is developed by Microchip Technology Inc. and its subsidiaries ("Microch
      +                          ip").
    37                           ; 
    38                           ; Redistribution and use in source and binary forms, with or without modification, are
    39                           ; permitted provided that the following conditions are met:
    40                           ; 
    41                           ;     1. Redistributions of source code must retain the above copyright notice, this lis
      +                          t of
    42                           ;        conditions and the following disclaimer.
    43                           ; 
    44                           ;     2. Redistributions in binary form must reproduce the above copyright notice, this 
      +                          list
    45                           ;        of conditions and the following disclaimer in the documentation and/or other
    46                           ;        materials provided with the distribution.
    47                           ; 
    48                           ;     3. Microchip's name may not be used to endorse or promote products derived from th
      +                          is
    49                           ;        software without specific prior written permission.
    50                           ; 
    51                           ; THIS SOFTWARE IS PROVIDED BY MICROCHIP "AS IS" AND ANY EXPRESS OR IMPLIED WARRANTIES,
    52                           ; INCLUDING, BUT NOT LIMITED TO, THE IMPLIED WARRANTIES OF MERCHANTABILITY AND FITNESS F
      +                          OR
    53                           ; PURPOSE ARE DISCLAIMED.  IN NO EVENT SHALL MICROCHIP BE LIABLE FOR ANY DIRECT, INDIREC
      +                          T,
    54                           ; INCIDENTAL, SPECIAL, EXEMPLARY, OR CONSEQUENTIAL DAMAGES (INCLUDING BUT NOT LIMITED TO
    55                           ; PROCUREMENT OF SUBSTITUTE GOODS OR SERVICES; LOSS OF USE, DATA OR PROFITS; OR BUSINESS
    56                           ; INTERRUPTION) HOWSOEVER CAUSED AND ON ANY THEORY OF LIABILITY, WHETHER IN CONTRACT, ST
      +                          RICT
    57                           ; LIABILITY, OR TORT (INCLUDING NEGLIGENCE OR OTHERWISE) ARISING IN ANY WAY OUT OF THE U
      +                          SE OF
    58                           ; THIS SOFTWARE, EVEN IF ADVISED OF THE POSSIBILITY OF SUCH DAMAGE.
    59                           ; 
    60                           ; 
    61                           ; Code-generator required, PIC18F4580 Definitions
    62                           ; 
    63                           ; SFR Addresses
    64   000FE0                     bsr             equ	4064
    65   000FE9                     fsr0            equ	4073
    66   000FEA                     fsr0h           equ	4074
    67   000FE9                     fsr0l           equ	4073
    68   000FE1                     fsr1            equ	4065
    69   000FE2                     fsr1h           equ	4066
    70   000FE1                     fsr1l           equ	4065
    71   000FD9                     fsr2            equ	4057
    72   000FDA                     fsr2h           equ	4058
    73   000FD9                     fsr2l           equ	4057
    74   000FEF                     indf0           equ	4079
    75   000FE7                     indf1           equ	4071
    76   000FDF                     indf2           equ	4063
    77   000FF2                     intcon          equ	4082
    78   000000                     nvmcon          equ	0
    79   000FF9                     pcl             equ	4089
    80   000FFA                     pclath          equ	4090
    81   000FFB                     pclatu          equ	4091
    82   000FEB                     plusw0          equ	4075
    83   000FE3                     plusw1          equ	4067
    84   000FDB                     plusw2          equ	4059
    85   000FED                     postdec0        equ	4077
    86   000FE5                     postdec1        equ	4069
    87   000FDD                     postdec2        equ	4061
    88   000FEE                     postinc0        equ	4078
    89   000FE6                     postinc1        equ	4070
    90   000FDE                     postinc2        equ	4062
    91   000FEC                     preinc0         equ	4076
    92   000FE4                     preinc1         equ	4068
    93   000FDC                     preinc2         equ	4060
    94   000FF3                     prod            equ	4083
    95   000FF4                     prodh           equ	4084
    96   000FF3                     prodl           equ	4083
    97   000FD8                     status          equ	4056
    98   000FF5                     tablat          equ	4085
    99   000FF6                     tblptr          equ	4086
   100   000FF7                     tblptrh         equ	4087
   101   000FF6                     tblptrl         equ	4086
   102   000FF8                     tblptru         equ	4088
   103   000FFD                     tosl            equ	4093
   104   000FE8                     wreg            equ	4072
   105   000D60                     RXF6SIDH        equ	3424	;# 
   106   000D61                     RXF6SIDL        equ	3425	;# 
   107   000D62                     RXF6EIDH        equ	3426	;# 
   108   000D63                     RXF6EIDL        equ	3427	;# 
   109   000D64                     RXF7SIDH        equ	3428	;# 
   110   000D65                     RXF7SIDL        equ	3429	;# 
   111   000D66                     RXF7EIDH        equ	3430	;# 
   112   000D67                     RXF7EIDL        equ	3431	;# 
   113   000D68                     RXF8SIDH        equ	3432	;# 
   114   000D69                     RXF8SIDL        equ	3433	;# 
   115   000D6A                     RXF8EIDH        equ	3434	;# 
   116   000D6B                     RXF8EIDL        equ	3435	;# 
   117   000D70                     RXF9SIDH        equ	3440	;# 
   118   000D71                     RXF9SIDL        equ	3441	;# 
   119   000D72                     RXF9EIDH        equ	3442	;# 
   120   000D73                     RXF9EIDL        equ	3443	;# 
   121   000D74                     RXF10SIDH       equ	3444	;# 
   122   000D75                     RXF10SIDL       equ	3445	;# 
   123   000D76                     RXF10EIDH       equ	3446	;# 
   124   000D77                     RXF10EIDL       equ	3447	;# 
   125   000D78                     RXF11SIDH       equ	3448	;# 
   126   000D79                     RXF11SIDL       equ	3449	;# 
   127   000D7A                     RXF11EIDH       equ	3450	;# 
   128   000D7B                     RXF11EIDL       equ	3451	;# 
   129   000D80                     RXF12SIDH       equ	3456	;# 
   130   000D81                     RXF12SIDL       equ	3457	;# 
   131   000D82                     RXF12EIDH       equ	3458	;# 
   132   000D83                     RXF12EIDL       equ	3459	;# 
   133   000D84                     RXF13SIDH       equ	3460	;# 
   134   000D85                     RXF13SIDL       equ	3461	;# 
   135   000D86                     RXF13EIDH       equ	3462	;# 
   136   000D87                     RXF13EIDL       equ	3463	;# 
   137   000D88                     RXF14SIDH       equ	3464	;# 
   138   000D89                     RXF14SIDL       equ	3465	;# 
   139   000D8A                     RXF14EIDH       equ	3466	;# 
   140   000D8B                     RXF14EIDL       equ	3467	;# 
   141   000D90                     RXF15SIDH       equ	3472	;# 
   142   000D91                     RXF15SIDL       equ	3473	;# 
   143   000D92                     RXF15EIDH       equ	3474	;# 
   144   000D93                     RXF15EIDL       equ	3475	;# 
   145   000DD4                     RXFCON0         equ	3540	;# 
   146   000DD5                     RXFCON1         equ	3541	;# 
   147   000DD8                     SDFLC           equ	3544	;# 
   148   000DE0                     RXFBCON0        equ	3552	;# 
   149   000DE1                     RXFBCON1        equ	3553	;# 
   150   000DE2                     RXFBCON2        equ	3554	;# 
   151   000DE3                     RXFBCON3        equ	3555	;# 
   152   000DE4                     RXFBCON4        equ	3556	;# 
   153   000DE5                     RXFBCON5        equ	3557	;# 
   154   000DE6                     RXFBCON6        equ	3558	;# 
   155   000DE7                     RXFBCON7        equ	3559	;# 
   156   000DF0                     MSEL0           equ	3568	;# 
   157   000DF1                     MSEL1           equ	3569	;# 
   158   000DF2                     MSEL2           equ	3570	;# 
   159   000DF3                     MSEL3           equ	3571	;# 
   160   000DF8                     BSEL0           equ	3576	;# 
   161   000DFA                     BIE0            equ	3578	;# 
   162   000DFC                     TXBIE           equ	3580	;# 
   163   000E20                     B0CON           equ	3616	;# 
   164   000E21                     B0SIDH          equ	3617	;# 
   165   000E22                     B0SIDL          equ	3618	;# 
   166   000E23                     B0EIDH          equ	3619	;# 
   167   000E24                     B0EIDL          equ	3620	;# 
   168   000E25                     B0DLC           equ	3621	;# 
   169   000E26                     B0D0            equ	3622	;# 
   170   000E27                     B0D1            equ	3623	;# 
   171   000E28                     B0D2            equ	3624	;# 
   172   000E29                     B0D3            equ	3625	;# 
   173   000E2A                     B0D4            equ	3626	;# 
   174   000E2B                     B0D5            equ	3627	;# 
   175   000E2C                     B0D6            equ	3628	;# 
   176   000E2D                     B0D7            equ	3629	;# 
   177   000E2E                     CANSTAT_RO9     equ	3630	;# 
   178   000E2F                     CANCON_RO9      equ	3631	;# 
   179   000E30                     B1CON           equ	3632	;# 
   180   000E31                     B1SIDH          equ	3633	;# 
   181   000E32                     B1SIDL          equ	3634	;# 
   182   000E33                     B1EIDH          equ	3635	;# 
   183   000E34                     B1EIDL          equ	3636	;# 
   184   000E35                     B1DLC           equ	3637	;# 
   185   000E36                     B1D0            equ	3638	;# 
   186   000E37                     B1D1            equ	3639	;# 
   187   000E38                     B1D2            equ	3640	;# 
   188   000E39                     B1D3            equ	3641	;# 
   189   000E3A                     B1D4            equ	3642	;# 
   190   000E3B                     B1D5            equ	3643	;# 
   191   000E3C                     B1D6            equ	3644	;# 
   192   000E3D                     B1D7            equ	3645	;# 
   193   000E3E                     CANSTAT_RO8     equ	3646	;# 
   194   000E3F                     CANCON_RO8      equ	3647	;# 
   195   000E40                     B2CON           equ	3648	;# 
   196   000E41                     B2SIDH          equ	3649	;# 
   197   000E42                     B2SIDL          equ	3650	;# 
   198   000E43                     B2EIDH          equ	3651	;# 
   199   000E44                     B2EIDL          equ	3652	;# 
   200   000E45                     B2DLC           equ	3653	;# 
   201   000E46                     B2D0            equ	3654	;# 
   202   000E47                     B2D1            equ	3655	;# 
   203   000E48                     B2D2            equ	3656	;# 
   204   000E49                     B2D3            equ	3657	;# 
   205   000E4A                     B2D4            equ	3658	;# 
   206   000E4B                     B2D5            equ	3659	;# 
   207   000E4C                     B2D6            equ	3660	;# 
   208   000E4D                     B2D7            equ	3661	;# 
   209   000E4E                     CANSTAT_RO7     equ	3662	;# 
   210   000E4F                     CANCON_RO7      equ	3663	;# 
   211   000E50                     B3CON           equ	3664	;# 
   212   000E51                     B3SIDH          equ	3665	;# 
   213   000E52                     B3SIDL          equ	3666	;# 
   214   000E53                     B3EIDH          equ	3667	;# 
   215   000E54                     B3EIDL          equ	3668	;# 
   216   000E55                     B3DLC           equ	3669	;# 
   217   000E56                     B3D0            equ	3670	;# 
   218   000E57                     B3D1            equ	3671	;# 
   219   000E58                     B3D2            equ	3672	;# 
   220   000E59                     B3D3            equ	3673	;# 
   221   000E5A                     B3D4            equ	3674	;# 
   222   000E5B                     B3D5            equ	3675	;# 
   223   000E5C                     B3D6            equ	3676	;# 
   224   000E5D                     B3D7            equ	3677	;# 
   225   000E5E                     CANSTAT_RO6     equ	3678	;# 
   226   000E5F                     CANCON_RO6      equ	3679	;# 
   227   000E60                     B4CON           equ	3680	;# 
   228   000E61                     B4SIDH          equ	3681	;# 
   229   000E62                     B4SIDL          equ	3682	;# 
   230   000E63                     B4EIDH          equ	3683	;# 
   231   000E64                     B4EIDL          equ	3684	;# 
   232   000E65                     B4DLC           equ	3685	;# 
   233   000E66                     B4D0            equ	3686	;# 
   234   000E67                     B4D1            equ	3687	;# 
   235   000E68                     B4D2            equ	3688	;# 
   236   000E69                     B4D3            equ	3689	;# 
   237   000E6A                     B4D4            equ	3690	;# 
   238   000E6B                     B4D5            equ	3691	;# 
   239   000E6C                     B4D6            equ	3692	;# 
   240   000E6D                     B4D7            equ	3693	;# 
   241   000E6E                     CANSTAT_RO5     equ	3694	;# 
   242   000E6F                     CANCON_RO5      equ	3695	;# 
   243   000E70                     B5CON           equ	3696	;# 
   244   000E71                     B5SIDH          equ	3697	;# 
   245   000E72                     B5SIDL          equ	3698	;# 
   246   000E73                     B5EIDH          equ	3699	;# 
   247   000E74                     B5EIDL          equ	3700	;# 
   248   000E75                     B5DLC           equ	3701	;# 
   249   000E76                     B5D0            equ	3702	;# 
   250   000E77                     B5D1            equ	3703	;# 
   251   000E78                     B5D2            equ	3704	;# 
   252   000E79                     B5D3            equ	3705	;# 
   253   000E7A                     B5D4            equ	3706	;# 
   254   000E7B                     B5D5            equ	3707	;# 
   255   000E7C                     B5D6            equ	3708	;# 
   256   000E7D                     B5D7            equ	3709	;# 
   257   000E7E                     CANSTAT_RO4     equ	3710	;# 
   258   000E7F                     CANCON_RO4      equ	3711	;# 
   259   000F00                     RXF0SIDH        equ	3840	;# 
   260   000F01                     RXF0SIDL        equ	3841	;# 
   261   000F02                     RXF0EIDH        equ	3842	;# 
   262   000F03                     RXF0EIDL        equ	3843	;# 
   263   000F04                     RXF1SIDH        equ	3844	;# 
   264   000F05                     RXF1SIDL        equ	3845	;# 
   265   000F06                     RXF1EIDH        equ	3846	;# 
   266   000F07                     RXF1EIDL        equ	3847	;# 
   267   000F08                     RXF2SIDH        equ	3848	;# 
   268   000F09                     RXF2SIDL        equ	3849	;# 
   269   000F0A                     RXF2EIDH        equ	3850	;# 
   270   000F0B                     RXF2EIDL        equ	3851	;# 
   271   000F0C                     RXF3SIDH        equ	3852	;# 
   272   000F0D                     RXF3SIDL        equ	3853	;# 
   273   000F0E                     RXF3EIDH        equ	3854	;# 
   274   000F0F                     RXF3EIDL        equ	3855	;# 
   275   000F10                     RXF4SIDH        equ	3856	;# 
   276   000F11                     RXF4SIDL        equ	3857	;# 
   277   000F12                     RXF4EIDH        equ	3858	;# 
   278   000F13                     RXF4EIDL        equ	3859	;# 
   279   000F14                     RXF5SIDH        equ	3860	;# 
   280   000F15                     RXF5SIDL        equ	3861	;# 
   281   000F16                     RXF5EIDH        equ	3862	;# 
   282   000F17                     RXF5EIDL        equ	3863	;# 
   283   000F18                     RXM0SIDH        equ	3864	;# 
   284   000F19                     RXM0SIDL        equ	3865	;# 
   285   000F1A                     RXM0EIDH        equ	3866	;# 
   286   000F1B                     RXM0EIDL        equ	3867	;# 
   287   000F1C                     RXM1SIDH        equ	3868	;# 
   288   000F1D                     RXM1SIDL        equ	3869	;# 
   289   000F1E                     RXM1EIDH        equ	3870	;# 
   290   000F1F                     RXM1EIDL        equ	3871	;# 
   291   000F20                     TXB2CON         equ	3872	;# 
   292   000F21                     TXB2SIDH        equ	3873	;# 
   293   000F22                     TXB2SIDL        equ	3874	;# 
   294   000F23                     TXB2EIDH        equ	3875	;# 
   295   000F24                     TXB2EIDL        equ	3876	;# 
   296   000F25                     TXB2DLC         equ	3877	;# 
   297   000F26                     TXB2D0          equ	3878	;# 
   298   000F27                     TXB2D1          equ	3879	;# 
   299   000F28                     TXB2D2          equ	3880	;# 
   300   000F29                     TXB2D3          equ	3881	;# 
   301   000F2A                     TXB2D4          equ	3882	;# 
   302   000F2B                     TXB2D5          equ	3883	;# 
   303   000F2C                     TXB2D6          equ	3884	;# 
   304   000F2D                     TXB2D7          equ	3885	;# 
   305   000F2E                     CANSTAT_RO3     equ	3886	;# 
   306   000F2F                     CANCON_RO3      equ	3887	;# 
   307   000F30                     TXB1CON         equ	3888	;# 
   308   000F31                     TXB1SIDH        equ	3889	;# 
   309   000F32                     TXB1SIDL        equ	3890	;# 
   310   000F33                     TXB1EIDH        equ	3891	;# 
   311   000F34                     TXB1EIDL        equ	3892	;# 
   312   000F35                     TXB1DLC         equ	3893	;# 
   313   000F36                     TXB1D0          equ	3894	;# 
   314   000F37                     TXB1D1          equ	3895	;# 
   315   000F38                     TXB1D2          equ	3896	;# 
   316   000F39                     TXB1D3          equ	3897	;# 
   317   000F3A                     TXB1D4          equ	3898	;# 
   318   000F3B                     TXB1D5          equ	3899	;# 
   319   000F3C                     TXB1D6          equ	3900	;# 
   320   000F3D                     TXB1D7          equ	3901	;# 
   321   000F3E                     CANSTAT_RO2     equ	3902	;# 
   322   000F3F                     CANCON_RO2      equ	3903	;# 
   323   000F40                     TXB0CON         equ	3904	;# 
   324   000F41                     TXB0SIDH        equ	3905	;# 
   325   000F42                     TXB0SIDL        equ	3906	;# 
   326   000F43                     TXB0EIDH        equ	3907	;# 
   327   000F44                     TXB0EIDL        equ	3908	;# 
   328   000F45                     TXB0DLC         equ	3909	;# 
   329   000F46                     TXB0D0          equ	3910	;# 
   330   000F47                     TXB0D1          equ	3911	;# 
   331   000F48                     TXB0D2          equ	3912	;# 
   332   000F49                     TXB0D3          equ	3913	;# 
   333   000F4A                     TXB0D4          equ	3914	;# 
   334   000F4B                     TXB0D5          equ	3915	;# 
   335   000F4C                     TXB0D6          equ	3916	;# 
   336   000F4D                     TXB0D7          equ	3917	;# 
   337   000F4E                     CANSTAT_RO1     equ	3918	;# 
   338   000F4F                     CANCON_RO1      equ	3919	;# 
   339   000F50                     RXB1CON         equ	3920	;# 
   340   000F51                     RXB1SIDH        equ	3921	;# 
   341   000F52                     RXB1SIDL        equ	3922	;# 
   342   000F53                     RXB1EIDH        equ	3923	;# 
   343   000F54                     RXB1EIDL        equ	3924	;# 
   344   000F55                     RXB1DLC         equ	3925	;# 
   345   000F56                     RXB1D0          equ	3926	;# 
   346   000F57                     RXB1D1          equ	3927	;# 
   347   000F58                     RXB1D2          equ	3928	;# 
   348   000F59                     RXB1D3          equ	3929	;# 
   349   000F5A                     RXB1D4          equ	3930	;# 
   350   000F5B                     RXB1D5          equ	3931	;# 
   351   000F5C                     RXB1D6          equ	3932	;# 
   352   000F5D                     RXB1D7          equ	3933	;# 
   353   000F5E                     CANSTAT_RO0     equ	3934	;# 
   354   000F5F                     CANCON_RO0      equ	3935	;# 
   355   000F60                     RXB0CON         equ	3936	;# 
   356   000F61                     RXB0SIDH        equ	3937	;# 
   357   000F62                     RXB0SIDL        equ	3938	;# 
   358   000F63                     RXB0EIDH        equ	3939	;# 
   359   000F64                     RXB0EIDL        equ	3940	;# 
   360   000F65                     RXB0DLC         equ	3941	;# 
   361   000F66                     RXB0D0          equ	3942	;# 
   362   000F67                     RXB0D1          equ	3943	;# 
   363   000F68                     RXB0D2          equ	3944	;# 
   364   000F69                     RXB0D3          equ	3945	;# 
   365   000F6A                     RXB0D4          equ	3946	;# 
   366   000F6B                     RXB0D5          equ	3947	;# 
   367   000F6C                     RXB0D6          equ	3948	;# 
   368   000F6D                     RXB0D7          equ	3949	;# 
   369   000F6E                     CANSTAT         equ	3950	;# 
   370   000F6F                     CANCON          equ	3951	;# 
   371   000F70                     BRGCON1         equ	3952	;# 
   372   000F71                     BRGCON2         equ	3953	;# 
   373   000F72                     BRGCON3         equ	3954	;# 
   374   000F73                     CIOCON          equ	3955	;# 
   375   000F74                     COMSTAT         equ	3956	;# 
   376   000F75                     RXERRCNT        equ	3957	;# 
   377   000F76                     TXERRCNT        equ	3958	;# 
   378   000F77                     ECANCON         equ	3959	;# 
   379   000F80                     PORTA           equ	3968	;# 
   380   000F81                     PORTB           equ	3969	;# 
   381   000F82                     PORTC           equ	3970	;# 
   382   000F83                     PORTD           equ	3971	;# 
   383   000F84                     PORTE           equ	3972	;# 
   384   000F89                     LATA            equ	3977	;# 
   385   000F8A                     LATB            equ	3978	;# 
   386   000F8B                     LATC            equ	3979	;# 
   387   000F8C                     LATD            equ	3980	;# 
   388   000F8D                     LATE            equ	3981	;# 
   389   000F92                     TRISA           equ	3986	;# 
   390   000F92                     DDRA            equ	3986	;# 
   391   000F93                     TRISB           equ	3987	;# 
   392   000F93                     DDRB            equ	3987	;# 
   393   000F94                     TRISC           equ	3988	;# 
   394   000F94                     DDRC            equ	3988	;# 
   395   000F95                     TRISD           equ	3989	;# 
   396   000F95                     DDRD            equ	3989	;# 
   397   000F96                     TRISE           equ	3990	;# 
   398   000F96                     DDRE            equ	3990	;# 
   399   000F9B                     OSCTUNE         equ	3995	;# 
   400   000F9D                     PIE1            equ	3997	;# 
   401   000F9E                     PIR1            equ	3998	;# 
   402   000F9F                     IPR1            equ	3999	;# 
   403   000FA0                     PIE2            equ	4000	;# 
   404   000FA1                     PIR2            equ	4001	;# 
   405   000FA2                     IPR2            equ	4002	;# 
   406   000FA3                     PIE3            equ	4003	;# 
   407   000FA4                     PIR3            equ	4004	;# 
   408   000FA5                     IPR3            equ	4005	;# 
   409   000FA6                     EECON1          equ	4006	;# 
   410   000FA7                     EECON2          equ	4007	;# 
   411   000FA8                     EEDATA          equ	4008	;# 
   412   000FA9                     EEADR           equ	4009	;# 
   413   000FAB                     RCSTA           equ	4011	;# 
   414   000FAB                     RCSTA1          equ	4011	;# 
   415   000FAC                     TXSTA           equ	4012	;# 
   416   000FAC                     TXSTA1          equ	4012	;# 
   417   000FAD                     TXREG           equ	4013	;# 
   418   000FAD                     TXREG1          equ	4013	;# 
   419   000FAE                     RCREG           equ	4014	;# 
   420   000FAE                     RCREG1          equ	4014	;# 
   421   000FAF                     SPBRG           equ	4015	;# 
   422   000FAF                     SPBRG1          equ	4015	;# 
   423   000FB0                     SPBRGH          equ	4016	;# 
   424   000FB1                     T3CON           equ	4017	;# 
   425   000FB2                     TMR3            equ	4018	;# 
   426   000FB2                     TMR3L           equ	4018	;# 
   427   000FB3                     TMR3H           equ	4019	;# 
   428   000FB4                     CMCON           equ	4020	;# 
   429   000FB5                     CVRCON          equ	4021	;# 
   430   000FB6                     ECCP1AS         equ	4022	;# 
   431   000FB7                     ECCP1DEL        equ	4023	;# 
   432   000FB8                     BAUDCON         equ	4024	;# 
   433   000FB8                     BAUDCTL         equ	4024	;# 
   434   000FBA                     ECCP1CON        equ	4026	;# 
   435   000FBB                     ECCPR1          equ	4027	;# 
   436   000FBB                     ECCPR1L         equ	4027	;# 
   437   000FBC                     ECCPR1H         equ	4028	;# 
   438   000FBD                     CCP1CON         equ	4029	;# 
   439   000FBE                     CCPR1           equ	4030	;# 
   440   000FBE                     CCPR1L          equ	4030	;# 
   441   000FBF                     CCPR1H          equ	4031	;# 
   442   000FC0                     ADCON2          equ	4032	;# 
   443   000FC1                     ADCON1          equ	4033	;# 
   444   000FC2                     ADCON0          equ	4034	;# 
   445   000FC3                     ADRES           equ	4035	;# 
   446   000FC3                     ADRESL          equ	4035	;# 
   447   000FC4                     ADRESH          equ	4036	;# 
   448   000FC5                     SSPCON2         equ	4037	;# 
   449   000FC6                     SSPCON1         equ	4038	;# 
   450   000FC7                     SSPSTAT         equ	4039	;# 
   451   000FC8                     SSPADD          equ	4040	;# 
   452   000FC9                     SSPBUF          equ	4041	;# 
   453   000FCA                     T2CON           equ	4042	;# 
   454   000FCB                     PR2             equ	4043	;# 
   455   000FCB                     MEMCON          equ	4043	;# 
   456   000FCC                     TMR2            equ	4044	;# 
   457   000FCD                     T1CON           equ	4045	;# 
   458   000FCE                     TMR1            equ	4046	;# 
   459   000FCE                     TMR1L           equ	4046	;# 
   460   000FCF                     TMR1H           equ	4047	;# 
   461   000FD0                     RCON            equ	4048	;# 
   462   000FD1                     WDTCON          equ	4049	;# 
   463   000FD2                     HLVDCON         equ	4050	;# 
   464   000FD2                     LVDCON          equ	4050	;# 
   465   000FD3                     OSCCON          equ	4051	;# 
   466   000FD5                     T0CON           equ	4053	;# 
   467   000FD6                     TMR0            equ	4054	;# 
   468   000FD6                     TMR0L           equ	4054	;# 
   469   000FD7                     TMR0H           equ	4055	;# 
   470   000FD8                     STATUS          equ	4056	;# 
   471   000FD9                     FSR2            equ	4057	;# 
   472   000FD9                     FSR2L           equ	4057	;# 
   473   000FDA                     FSR2H           equ	4058	;# 
   474   000FDB                     PLUSW2          equ	4059	;# 
   475   000FDC                     PREINC2         equ	4060	;# 
   476   000FDD                     POSTDEC2        equ	4061	;# 
   477   000FDE                     POSTINC2        equ	4062	;# 
   478   000FDF                     INDF2           equ	4063	;# 
   479   000FE0                     BSR             equ	4064	;# 
   480   000FE1                     FSR1            equ	4065	;# 
   481   000FE1                     FSR1L           equ	4065	;# 
   482   000FE2                     FSR1H           equ	4066	;# 
   483   000FE3                     PLUSW1          equ	4067	;# 
   484   000FE4                     PREINC1         equ	4068	;# 
   485   000FE5                     POSTDEC1        equ	4069	;# 
   486   000FE6                     POSTINC1        equ	4070	;# 
   487   000FE7                     INDF1           equ	4071	;# 
   488   000FE8                     WREG            equ	4072	;# 
   489   000FE9                     FSR0            equ	4073	;# 
   490   000FE9                     FSR0L           equ	4073	;# 
   491   000FEA                     FSR0H           equ	4074	;# 
   492   000FEB                     PLUSW0          equ	4075	;# 
   493   000FEC                     PREINC0         equ	4076	;# 
   494   000FED                     POSTDEC0        equ	4077	;# 
   495   000FEE                     POSTINC0        equ	4078	;# 
   496   000FEF                     INDF0           equ	4079	;# 
   497   000FF0                     INTCON3         equ	4080	;# 
   498   000FF1                     INTCON2         equ	4081	;# 
   499   000FF2                     INTCON          equ	4082	;# 
   500   000FF3                     PROD            equ	4083	;# 
   501   000FF3                     PRODL           equ	4083	;# 
   502   000FF4                     PRODH           equ	4084	;# 
   503   000FF5                     TABLAT          equ	4085	;# 
   504   000FF6                     TBLPTR          equ	4086	;# 
   505   000FF6                     TBLPTRL         equ	4086	;# 
   506   000FF7                     TBLPTRH         equ	4087	;# 
   507   000FF8                     TBLPTRU         equ	4088	;# 
   508   000FF9                     PCLAT           equ	4089	;# 
   509   000FF9                     PC              equ	4089	;# 
   510   000FF9                     PCL             equ	4089	;# 
   511   000FFA                     PCLATH          equ	4090	;# 
   512   000FFB                     PCLATU          equ	4091	;# 
   513   000FFC                     STKPTR          equ	4092	;# 
   514   000FFD                     TOS             equ	4093	;# 
   515   000FFD                     TOSL            equ	4093	;# 
   516   000FFE                     TOSH            equ	4094	;# 
   517   000FFF                     TOSU            equ	4095	;# 
   518   000D60                     RXF6SIDH        equ	3424	;# 
   519   000D61                     RXF6SIDL        equ	3425	;# 
   520   000D62                     RXF6EIDH        equ	3426	;# 
   521   000D63                     RXF6EIDL        equ	3427	;# 
   522   000D64                     RXF7SIDH        equ	3428	;# 
   523   000D65                     RXF7SIDL        equ	3429	;# 
   524   000D66                     RXF7EIDH        equ	3430	;# 
   525   000D67                     RXF7EIDL        equ	3431	;# 
   526   000D68                     RXF8SIDH        equ	3432	;# 
   527   000D69                     RXF8SIDL        equ	3433	;# 
   528   000D6A                     RXF8EIDH        equ	3434	;# 
   529   000D6B                     RXF8EIDL        equ	3435	;# 
   530   000D70                     RXF9SIDH        equ	3440	;# 
   531   000D71                     RXF9SIDL        equ	3441	;# 
   532   000D72                     RXF9EIDH        equ	3442	;# 
   533   000D73                     RXF9EIDL        equ	3443	;# 
   534   000D74                     RXF10SIDH       equ	3444	;# 
   535   000D75                     RXF10SIDL       equ	3445	;# 
   536   000D76                     RXF10EIDH       equ	3446	;# 
   537   000D77                     RXF10EIDL       equ	3447	;# 
   538   000D78                     RXF11SIDH       equ	3448	;# 
   539   000D79                     RXF11SIDL       equ	3449	;# 
   540   000D7A                     RXF11EIDH       equ	3450	;# 
   541   000D7B                     RXF11EIDL       equ	3451	;# 
   542   000D80                     RXF12SIDH       equ	3456	;# 
   543   000D81                     RXF12SIDL       equ	3457	;# 
   544   000D82                     RXF12EIDH       equ	3458	;# 
   545   000D83                     RXF12EIDL       equ	3459	;# 
   546   000D84                     RXF13SIDH       equ	3460	;# 
   547   000D85                     RXF13SIDL       equ	3461	;# 
   548   000D86                     RXF13EIDH       equ	3462	;# 
   549   000D87                     RXF13EIDL       equ	3463	;# 
   550   000D88                     RXF14SIDH       equ	3464	;# 
   551   000D89                     RXF14SIDL       equ	3465	;# 
   552   000D8A                     RXF14EIDH       equ	3466	;# 
   553   000D8B                     RXF14EIDL       equ	3467	;# 
   554   000D90                     RXF15SIDH       equ	3472	;# 
   555   000D91                     RXF15SIDL       equ	3473	;# 
   556   000D92                     RXF15EIDH       equ	3474	;# 
   557   000D93                     RXF15EIDL       equ	3475	;# 
   558   000DD4                     RXFCON0         equ	3540	;# 
   559   000DD5                     RXFCON1         equ	3541	;# 
   560   000DD8                     SDFLC           equ	3544	;# 
   561   000DE0                     RXFBCON0        equ	3552	;# 
   562   000DE1                     RXFBCON1        equ	3553	;# 
   563   000DE2                     RXFBCON2        equ	3554	;# 
   564   000DE3                     RXFBCON3        equ	3555	;# 
   565   000DE4                     RXFBCON4        equ	3556	;# 
   566   000DE5                     RXFBCON5        equ	3557	;# 
   567   000DE6                     RXFBCON6        equ	3558	;# 
   568   000DE7                     RXFBCON7        equ	3559	;# 
   569   000DF0                     MSEL0           equ	3568	;# 
   570   000DF1                     MSEL1           equ	3569	;# 
   571   000DF2                     MSEL2           equ	3570	;# 
   572   000DF3                     MSEL3           equ	3571	;# 
   573   000DF8                     BSEL0           equ	3576	;# 
   574   000DFA                     BIE0            equ	3578	;# 
   575   000DFC                     TXBIE           equ	3580	;# 
   576   000E20                     B0CON           equ	3616	;# 
   577   000E21                     B0SIDH          equ	3617	;# 
   578   000E22                     B0SIDL          equ	3618	;# 
   579   000E23                     B0EIDH          equ	3619	;# 
   580   000E24                     B0EIDL          equ	3620	;# 
   581   000E25                     B0DLC           equ	3621	;# 
   582   000E26                     B0D0            equ	3622	;# 
   583   000E27                     B0D1            equ	3623	;# 
   584   000E28                     B0D2            equ	3624	;# 
   585   000E29                     B0D3            equ	3625	;# 
   586   000E2A                     B0D4            equ	3626	;# 
   587   000E2B                     B0D5            equ	3627	;# 
   588   000E2C                     B0D6            equ	3628	;# 
   589   000E2D                     B0D7            equ	3629	;# 
   590   000E2E                     CANSTAT_RO9     equ	3630	;# 
   591   000E2F                     CANCON_RO9      equ	3631	;# 
   592   000E30                     B1CON           equ	3632	;# 
   593   000E31                     B1SIDH          equ	3633	;# 
   594   000E32                     B1SIDL          equ	3634	;# 
   595   000E33                     B1EIDH          equ	3635	;# 
   596   000E34                     B1EIDL          equ	3636	;# 
   597   000E35                     B1DLC           equ	3637	;# 
   598   000E36                     B1D0            equ	3638	;# 
   599   000E37                     B1D1            equ	3639	;# 
   600   000E38                     B1D2            equ	3640	;# 
   601   000E39                     B1D3            equ	3641	;# 
   602   000E3A                     B1D4            equ	3642	;# 
   603   000E3B                     B1D5            equ	3643	;# 
   604   000E3C                     B1D6            equ	3644	;# 
   605   000E3D                     B1D7            equ	3645	;# 
   606   000E3E                     CANSTAT_RO8     equ	3646	;# 
   607   000E3F                     CANCON_RO8      equ	3647	;# 
   608   000E40                     B2CON           equ	3648	;# 
   609   000E41                     B2SIDH          equ	3649	;# 
   610   000E42                     B2SIDL          equ	3650	;# 
   611   000E43                     B2EIDH          equ	3651	;# 
   612   000E44                     B2EIDL          equ	3652	;# 
   613   000E45                     B2DLC           equ	3653	;# 
   614   000E46                     B2D0            equ	3654	;# 
   615   000E47                     B2D1            equ	3655	;# 
   616   000E48                     B2D2            equ	3656	;# 
   617   000E49                     B2D3            equ	3657	;# 
   618   000E4A                     B2D4            equ	3658	;# 
   619   000E4B                     B2D5            equ	3659	;# 
   620   000E4C                     B2D6            equ	3660	;# 
   621   000E4D                     B2D7            equ	3661	;# 
   622   000E4E                     CANSTAT_RO7     equ	3662	;# 
   623   000E4F                     CANCON_RO7      equ	3663	;# 
   624   000E50                     B3CON           equ	3664	;# 
   625   000E51                     B3SIDH          equ	3665	;# 
   626   000E52                     B3SIDL          equ	3666	;# 
   627   000E53                     B3EIDH          equ	3667	;# 
   628   000E54                     B3EIDL          equ	3668	;# 
   629   000E55                     B3DLC           equ	3669	;# 
   630   000E56                     B3D0            equ	3670	;# 
   631   000E57                     B3D1            equ	3671	;# 
   632   000E58                     B3D2            equ	3672	;# 
   633   000E59                     B3D3            equ	3673	;# 
   634   000E5A                     B3D4            equ	3674	;# 
   635   000E5B                     B3D5            equ	3675	;# 
   636   000E5C                     B3D6            equ	3676	;# 
   637   000E5D                     B3D7            equ	3677	;# 
   638   000E5E                     CANSTAT_RO6     equ	3678	;# 
   639   000E5F                     CANCON_RO6      equ	3679	;# 
   640   000E60                     B4CON           equ	3680	;# 
   641   000E61                     B4SIDH          equ	3681	;# 
   642   000E62                     B4SIDL          equ	3682	;# 
   643   000E63                     B4EIDH          equ	3683	;# 
   644   000E64                     B4EIDL          equ	3684	;# 
   645   000E65                     B4DLC           equ	3685	;# 
   646   000E66                     B4D0            equ	3686	;# 
   647   000E67                     B4D1            equ	3687	;# 
   648   000E68                     B4D2            equ	3688	;# 
   649   000E69                     B4D3            equ	3689	;# 
   650   000E6A                     B4D4            equ	3690	;# 
   651   000E6B                     B4D5            equ	3691	;# 
   652   000E6C                     B4D6            equ	3692	;# 
   653   000E6D                     B4D7            equ	3693	;# 
   654   000E6E                     CANSTAT_RO5     equ	3694	;# 
   655   000E6F                     CANCON_RO5      equ	3695	;# 
   656   000E70                     B5CON           equ	3696	;# 
   657   000E71                     B5SIDH          equ	3697	;# 
   658   000E72                     B5SIDL          equ	3698	;# 
   659   000E73                     B5EIDH          equ	3699	;# 
   660   000E74                     B5EIDL          equ	3700	;# 
   661   000E75                     B5DLC           equ	3701	;# 
   662   000E76                     B5D0            equ	3702	;# 
   663   000E77                     B5D1            equ	3703	;# 
   664   000E78                     B5D2            equ	3704	;# 
   665   000E79                     B5D3            equ	3705	;# 
   666   000E7A                     B5D4            equ	3706	;# 
   667   000E7B                     B5D5            equ	3707	;# 
   668   000E7C                     B5D6            equ	3708	;# 
   669   000E7D                     B5D7            equ	3709	;# 
   670   000E7E                     CANSTAT_RO4     equ	3710	;# 
   671   000E7F                     CANCON_RO4      equ	3711	;# 
   672   000F00                     RXF0SIDH        equ	3840	;# 
   673   000F01                     RXF0SIDL        equ	3841	;# 
   674   000F02                     RXF0EIDH        equ	3842	;# 
   675   000F03                     RXF0EIDL        equ	3843	;# 
   676   000F04                     RXF1SIDH        equ	3844	;# 
   677   000F05                     RXF1SIDL        equ	3845	;# 
   678   000F06                     RXF1EIDH        equ	3846	;# 
   679   000F07                     RXF1EIDL        equ	3847	;# 
   680   000F08                     RXF2SIDH        equ	3848	;# 
   681   000F09                     RXF2SIDL        equ	3849	;# 
   682   000F0A                     RXF2EIDH        equ	3850	;# 
   683   000F0B                     RXF2EIDL        equ	3851	;# 
   684   000F0C                     RXF3SIDH        equ	3852	;# 
   685   000F0D                     RXF3SIDL        equ	3853	;# 
   686   000F0E                     RXF3EIDH        equ	3854	;# 
   687   000F0F                     RXF3EIDL        equ	3855	;# 
   688   000F10                     RXF4SIDH        equ	3856	;# 
   689   000F11                     RXF4SIDL        equ	3857	;# 
   690   000F12                     RXF4EIDH        equ	3858	;# 
   691   000F13                     RXF4EIDL        equ	3859	;# 
   692   000F14                     RXF5SIDH        equ	3860	;# 
   693   000F15                     RXF5SIDL        equ	3861	;# 
   694   000F16                     RXF5EIDH        equ	3862	;# 
   695   000F17                     RXF5EIDL        equ	3863	;# 
   696   000F18                     RXM0SIDH        equ	3864	;# 
   697   000F19                     RXM0SIDL        equ	3865	;# 
   698   000F1A                     RXM0EIDH        equ	3866	;# 
   699   000F1B                     RXM0EIDL        equ	3867	;# 
   700   000F1C                     RXM1SIDH        equ	3868	;# 
   701   000F1D                     RXM1SIDL        equ	3869	;# 
   702   000F1E                     RXM1EIDH        equ	3870	;# 
   703   000F1F                     RXM1EIDL        equ	3871	;# 
   704   000F20                     TXB2CON         equ	3872	;# 
   705   000F21                     TXB2SIDH        equ	3873	;# 
   706   000F22                     TXB2SIDL        equ	3874	;# 
   707   000F23                     TXB2EIDH        equ	3875	;# 
   708   000F24                     TXB2EIDL        equ	3876	;# 
   709   000F25                     TXB2DLC         equ	3877	;# 
   710   000F26                     TXB2D0          equ	3878	;# 
   711   000F27                     TXB2D1          equ	3879	;# 
   712   000F28                     TXB2D2          equ	3880	;# 
   713   000F29                     TXB2D3          equ	3881	;# 
   714   000F2A                     TXB2D4          equ	3882	;# 
   715   000F2B                     TXB2D5          equ	3883	;# 
   716   000F2C                     TXB2D6          equ	3884	;# 
   717   000F2D                     TXB2D7          equ	3885	;# 
   718   000F2E                     CANSTAT_RO3     equ	3886	;# 
   719   000F2F                     CANCON_RO3      equ	3887	;# 
   720   000F30                     TXB1CON         equ	3888	;# 
   721   000F31                     TXB1SIDH        equ	3889	;# 
   722   000F32                     TXB1SIDL        equ	3890	;# 
   723   000F33                     TXB1EIDH        equ	3891	;# 
   724   000F34                     TXB1EIDL        equ	3892	;# 
   725   000F35                     TXB1DLC         equ	3893	;# 
   726   000F36                     TXB1D0          equ	3894	;# 
   727   000F37                     TXB1D1          equ	3895	;# 
   728   000F38                     TXB1D2          equ	3896	;# 
   729   000F39                     TXB1D3          equ	3897	;# 
   730   000F3A                     TXB1D4          equ	3898	;# 
   731   000F3B                     TXB1D5          equ	3899	;# 
   732   000F3C                     TXB1D6          equ	3900	;# 
   733   000F3D                     TXB1D7          equ	3901	;# 
   734   000F3E                     CANSTAT_RO2     equ	3902	;# 
   735   000F3F                     CANCON_RO2      equ	3903	;# 
   736   000F40                     TXB0CON         equ	3904	;# 
   737   000F41                     TXB0SIDH        equ	3905	;# 
   738   000F42                     TXB0SIDL        equ	3906	;# 
   739   000F43                     TXB0EIDH        equ	3907	;# 
   740   000F44                     TXB0EIDL        equ	3908	;# 
   741   000F45                     TXB0DLC         equ	3909	;# 
   742   000F46                     TXB0D0          equ	3910	;# 
   743   000F47                     TXB0D1          equ	3911	;# 
   744   000F48                     TXB0D2          equ	3912	;# 
   745   000F49                     TXB0D3          equ	3913	;# 
   746   000F4A                     TXB0D4          equ	3914	;# 
   747   000F4B                     TXB0D5          equ	3915	;# 
   748   000F4C                     TXB0D6          equ	3916	;# 
   749   000F4D                     TXB0D7          equ	3917	;# 
   750   000F4E                     CANSTAT_RO1     equ	3918	;# 
   751   000F4F                     CANCON_RO1      equ	3919	;# 
   752   000F50                     RXB1CON         equ	3920	;# 
   753   000F51                     RXB1SIDH        equ	3921	;# 
   754   000F52                     RXB1SIDL        equ	3922	;# 
   755   000F53                     RXB1EIDH        equ	3923	;# 
   756   000F54                     RXB1EIDL        equ	3924	;# 
   757   000F55                     RXB1DLC         equ	3925	;# 
   758   000F56                     RXB1D0          equ	3926	;# 
   759   000F57                     RXB1D1          equ	3927	;# 
   760   000F58                     RXB1D2          equ	3928	;# 
   761   000F59                     RXB1D3          equ	3929	;# 
   762   000F5A                     RXB1D4          equ	3930	;# 
   763   000F5B                     RXB1D5          equ	3931	;# 
   764   000F5C                     RXB1D6          equ	3932	;# 
   765   000F5D                     RXB1D7          equ	3933	;# 
   766   000F5E                     CANSTAT_RO0     equ	3934	;# 
   767   000F5F                     CANCON_RO0      equ	3935	;# 
   768   000F60                     RXB0CON         equ	3936	;# 
   769   000F61                     RXB0SIDH        equ	3937	;# 
   770   000F62                     RXB0SIDL        equ	3938	;# 
   771   000F63                     RXB0EIDH        equ	3939	;# 
   772   000F64                     RXB0EIDL        equ	3940	;# 
   773   000F65                     RXB0DLC         equ	3941	;# 
   774   000F66                     RXB0D0          equ	3942	;# 
   775   000F67                     RXB0D1          equ	3943	;# 
   776   000F68                     RXB0D2          equ	3944	;# 
   777   000F69                     RXB0D3          equ	3945	;# 
   778   000F6A                     RXB0D4          equ	3946	;# 
   779   000F6B                     RXB0D5          equ	3947	;# 
   780   000F6C                     RXB0D6          equ	3948	;# 
   781   000F6D                     RXB0D7          equ	3949	;# 
   782   000F6E                     CANSTAT         equ	3950	;# 
   783   000F6F                     CANCON          equ	3951	;# 
   784   000F70                     BRGCON1         equ	3952	;# 
   785   000F71                     BRGCON2         equ	3953	;# 
   786   000F72                     BRGCON3         equ	3954	;# 
   787   000F73                     CIOCON          equ	3955	;# 
   788   000F74                     COMSTAT         equ	3956	;# 
   789   000F75                     RXERRCNT        equ	3957	;# 
   790   000F76                     TXERRCNT        equ	3958	;# 
   791   000F77                     ECANCON         equ	3959	;# 
   792   000F80                     PORTA           equ	3968	;# 
   793   000F81                     PORTB           equ	3969	;# 
   794   000F82                     PORTC           equ	3970	;# 
   795   000F83                     PORTD           equ	3971	;# 
   796   000F84                     PORTE           equ	3972	;# 
   797   000F89                     LATA            equ	3977	;# 
   798   000F8A                     LATB            equ	3978	;# 
   799   000F8B                     LATC            equ	3979	;# 
   800   000F8C                     LATD            equ	3980	;# 
   801   000F8D                     LATE            equ	3981	;# 
   802   000F92                     TRISA           equ	3986	;# 
   803   000F92                     DDRA            equ	3986	;# 
   804   000F93                     TRISB           equ	3987	;# 
   805   000F93                     DDRB            equ	3987	;# 
   806   000F94                     TRISC           equ	3988	;# 
   807   000F94                     DDRC            equ	3988	;# 
   808   000F95                     TRISD           equ	3989	;# 
   809   000F95                     DDRD            equ	3989	;# 
   810   000F96                     TRISE           equ	3990	;# 
   811   000F96                     DDRE            equ	3990	;# 
   812   000F9B                     OSCTUNE         equ	3995	;# 
   813   000F9D                     PIE1            equ	3997	;# 
   814   000F9E                     PIR1            equ	3998	;# 
   815   000F9F                     IPR1            equ	3999	;# 
   816   000FA0                     PIE2            equ	4000	;# 
   817   000FA1                     PIR2            equ	4001	;# 
   818   000FA2                     IPR2            equ	4002	;# 
   819   000FA3                     PIE3            equ	4003	;# 
   820   000FA4                     PIR3            equ	4004	;# 
   821   000FA5                     IPR3            equ	4005	;# 
   822   000FA6                     EECON1          equ	4006	;# 
   823   000FA7                     EECON2          equ	4007	;# 
   824   000FA8                     EEDATA          equ	4008	;# 
   825   000FA9                     EEADR           equ	4009	;# 
   826   000FAB                     RCSTA           equ	4011	;# 
   827   000FAB                     RCSTA1          equ	4011	;# 
   828   000FAC                     TXSTA           equ	4012	;# 
   829   000FAC                     TXSTA1          equ	4012	;# 
   830   000FAD                     TXREG           equ	4013	;# 
   831   000FAD                     TXREG1          equ	4013	;# 
   832   000FAE                     RCREG           equ	4014	;# 
   833   000FAE                     RCREG1          equ	4014	;# 
   834   000FAF                     SPBRG           equ	4015	;# 
   835   000FAF                     SPBRG1          equ	4015	;# 
   836   000FB0                     SPBRGH          equ	4016	;# 
   837   000FB1                     T3CON           equ	4017	;# 
   838   000FB2                     TMR3            equ	4018	;# 
   839   000FB2                     TMR3L           equ	4018	;# 
   840   000FB3                     TMR3H           equ	4019	;# 
   841   000FB4                     CMCON           equ	4020	;# 
   842   000FB5                     CVRCON          equ	4021	;# 
   843   000FB6                     ECCP1AS         equ	4022	;# 
   844   000FB7                     ECCP1DEL        equ	4023	;# 
   845   000FB8                     BAUDCON         equ	4024	;# 
   846   000FB8                     BAUDCTL         equ	4024	;# 
   847   000FBA                     ECCP1CON        equ	4026	;# 
   848   000FBB                     ECCPR1          equ	4027	;# 
   849   000FBB                     ECCPR1L         equ	4027	;# 
   850   000FBC                     ECCPR1H         equ	4028	;# 
   851   000FBD                     CCP1CON         equ	4029	;# 
   852   000FBE                     CCPR1           equ	4030	;# 
   853   000FBE                     CCPR1L          equ	4030	;# 
   854   000FBF                     CCPR1H          equ	4031	;# 
   855   000FC0                     ADCON2          equ	4032	;# 
   856   000FC1                     ADCON1          equ	4033	;# 
   857   000FC2                     ADCON0          equ	4034	;# 
   858   000FC3                     ADRES           equ	4035	;# 
   859   000FC3                     ADRESL          equ	4035	;# 
   860   000FC4                     ADRESH          equ	4036	;# 
   861   000FC5                     SSPCON2         equ	4037	;# 
   862   000FC6                     SSPCON1         equ	4038	;# 
   863   000FC7                     SSPSTAT         equ	4039	;# 
   864   000FC8                     SSPADD          equ	4040	;# 
   865   000FC9                     SSPBUF          equ	4041	;# 
   866   000FCA                     T2CON           equ	4042	;# 
   867   000FCB                     PR2             equ	4043	;# 
   868   000FCB                     MEMCON          equ	4043	;# 
   869   000FCC                     TMR2            equ	4044	;# 
   870   000FCD                     T1CON           equ	4045	;# 
   871   000FCE                     TMR1            equ	4046	;# 
   872   000FCE                     TMR1L           equ	4046	;# 
   873   000FCF                     TMR1H           equ	4047	;# 
   874   000FD0                     RCON            equ	4048	;# 
   875   000FD1                     WDTCON          equ	4049	;# 
   876   000FD2                     HLVDCON         equ	4050	;# 
   877   000FD2                     LVDCON          equ	4050	;# 
   878   000FD3                     OSCCON          equ	4051	;# 
   879   000FD5                     T0CON           equ	4053	;# 
   880   000FD6                     TMR0            equ	4054	;# 
   881   000FD6                     TMR0L           equ	4054	;# 
   882   000FD7                     TMR0H           equ	4055	;# 
   883   000FD8                     STATUS          equ	4056	;# 
   884   000FD9                     FSR2            equ	4057	;# 
   885   000FD9                     FSR2L           equ	4057	;# 
   886   000FDA                     FSR2H           equ	4058	;# 
   887   000FDB                     PLUSW2          equ	4059	;# 
   888   000FDC                     PREINC2         equ	4060	;# 
   889   000FDD                     POSTDEC2        equ	4061	;# 
   890   000FDE                     POSTINC2        equ	4062	;# 
   891   000FDF                     INDF2           equ	4063	;# 
   892   000FE0                     BSR             equ	4064	;# 
   893   000FE1                     FSR1            equ	4065	;# 
   894   000FE1                     FSR1L           equ	4065	;# 
   895   000FE2                     FSR1H           equ	4066	;# 
   896   000FE3                     PLUSW1          equ	4067	;# 
   897   000FE4                     PREINC1         equ	4068	;# 
   898   000FE5                     POSTDEC1        equ	4069	;# 
   899   000FE6                     POSTINC1        equ	4070	;# 
   900   000FE7                     INDF1           equ	4071	;# 
   901   000FE8                     WREG            equ	4072	;# 
   902   000FE9                     FSR0            equ	4073	;# 
   903   000FE9                     FSR0L           equ	4073	;# 
   904   000FEA                     FSR0H           equ	4074	;# 
   905   000FEB                     PLUSW0          equ	4075	;# 
   906   000FEC                     PREINC0         equ	4076	;# 
   907   000FED                     POSTDEC0        equ	4077	;# 
   908   000FEE                     POSTINC0        equ	4078	;# 
   909   000FEF                     INDF0           equ	4079	;# 
   910   000FF0                     INTCON3         equ	4080	;# 
   911   000FF1                     INTCON2         equ	4081	;# 
   912   000FF2                     INTCON          equ	4082	;# 
   913   000FF3                     PROD            equ	4083	;# 
   914   000FF3                     PRODL           equ	4083	;# 
   915   000FF4                     PRODH           equ	4084	;# 
   916   000FF5                     TABLAT          equ	4085	;# 
   917   000FF6                     TBLPTR          equ	4086	;# 
   918   000FF6                     TBLPTRL         equ	4086	;# 
   919   000FF7                     TBLPTRH         equ	4087	;# 
   920   000FF8                     TBLPTRU         equ	4088	;# 
   921   000FF9                     PCLAT           equ	4089	;# 
   922   000FF9                     PC              equ	4089	;# 
   923   000FF9                     PCL             equ	4089	;# 
   924   000FFA                     PCLATH          equ	4090	;# 
   925   000FFB                     PCLATU          equ	4091	;# 
   926   000FFC                     STKPTR          equ	4092	;# 
   927   000FFD                     TOS             equ	4093	;# 
   928   000FFD                     TOSL            equ	4093	;# 
   929   000FFE                     TOSH            equ	4094	;# 
   930   000FFF                     TOSU            equ	4095	;# 
   931   000D60                     RXF6SIDH        equ	3424	;# 
   932   000D61                     RXF6SIDL        equ	3425	;# 
   933   000D62                     RXF6EIDH        equ	3426	;# 
   934   000D63                     RXF6EIDL        equ	3427	;# 
   935   000D64                     RXF7SIDH        equ	3428	;# 
   936   000D65                     RXF7SIDL        equ	3429	;# 
   937   000D66                     RXF7EIDH        equ	3430	;# 
   938   000D67                     RXF7EIDL        equ	3431	;# 
   939   000D68                     RXF8SIDH        equ	3432	;# 
   940   000D69                     RXF8SIDL        equ	3433	;# 
   941   000D6A                     RXF8EIDH        equ	3434	;# 
   942   000D6B                     RXF8EIDL        equ	3435	;# 
   943   000D70                     RXF9SIDH        equ	3440	;# 
   944   000D71                     RXF9SIDL        equ	3441	;# 
   945   000D72                     RXF9EIDH        equ	3442	;# 
   946   000D73                     RXF9EIDL        equ	3443	;# 
   947   000D74                     RXF10SIDH       equ	3444	;# 
   948   000D75                     RXF10SIDL       equ	3445	;# 
   949   000D76                     RXF10EIDH       equ	3446	;# 
   950   000D77                     RXF10EIDL       equ	3447	;# 
   951   000D78                     RXF11SIDH       equ	3448	;# 
   952   000D79                     RXF11SIDL       equ	3449	;# 
   953   000D7A                     RXF11EIDH       equ	3450	;# 
   954   000D7B                     RXF11EIDL       equ	3451	;# 
   955   000D80                     RXF12SIDH       equ	3456	;# 
   956   000D81                     RXF12SIDL       equ	3457	;# 
   957   000D82                     RXF12EIDH       equ	3458	;# 
   958   000D83                     RXF12EIDL       equ	3459	;# 
   959   000D84                     RXF13SIDH       equ	3460	;# 
   960   000D85                     RXF13SIDL       equ	3461	;# 
   961   000D86                     RXF13EIDH       equ	3462	;# 
   962   000D87                     RXF13EIDL       equ	3463	;# 
   963   000D88                     RXF14SIDH       equ	3464	;# 
   964   000D89                     RXF14SIDL       equ	3465	;# 
   965   000D8A                     RXF14EIDH       equ	3466	;# 
   966   000D8B                     RXF14EIDL       equ	3467	;# 
   967   000D90                     RXF15SIDH       equ	3472	;# 
   968   000D91                     RXF15SIDL       equ	3473	;# 
   969   000D92                     RXF15EIDH       equ	3474	;# 
   970   000D93                     RXF15EIDL       equ	3475	;# 
   971   000DD4                     RXFCON0         equ	3540	;# 
   972   000DD5                     RXFCON1         equ	3541	;# 
   973   000DD8                     SDFLC           equ	3544	;# 
   974   000DE0                     RXFBCON0        equ	3552	;# 
   975   000DE1                     RXFBCON1        equ	3553	;# 
   976   000DE2                     RXFBCON2        equ	3554	;# 
   977   000DE3                     RXFBCON3        equ	3555	;# 
   978   000DE4                     RXFBCON4        equ	3556	;# 
   979   000DE5                     RXFBCON5        equ	3557	;# 
   980   000DE6                     RXFBCON6        equ	3558	;# 
   981   000DE7                     RXFBCON7        equ	3559	;# 
   982   000DF0                     MSEL0           equ	3568	;# 
   983   000DF1                     MSEL1           equ	3569	;# 
   984   000DF2                     MSEL2           equ	3570	;# 
   985   000DF3                     MSEL3           equ	3571	;# 
   986   000DF8                     BSEL0           equ	3576	;# 
   987   000DFA                     BIE0            equ	3578	;# 
   988   000DFC                     TXBIE           equ	3580	;# 
   989   000E20                     B0CON           equ	3616	;# 
   990   000E21                     B0SIDH          equ	3617	;# 
   991   000E22                     B0SIDL          equ	3618	;# 
   992   000E23                     B0EIDH          equ	3619	;# 
   993   000E24                     B0EIDL          equ	3620	;# 
   994   000E25                     B0DLC           equ	3621	;# 
   995   000E26                     B0D0            equ	3622	;# 
   996   000E27                     B0D1            equ	3623	;# 
   997   000E28                     B0D2            equ	3624	;# 
   998   000E29                     B0D3            equ	3625	;# 
   999   000E2A                     B0D4            equ	3626	;# 
  1000   000E2B                     B0D5            equ	3627	;# 
  1001   000E2C                     B0D6            equ	3628	;# 
  1002   000E2D                     B0D7            equ	3629	;# 
  1003   000E2E                     CANSTAT_RO9     equ	3630	;# 
  1004   000E2F                     CANCON_RO9      equ	3631	;# 
  1005   000E30                     B1CON           equ	3632	;# 
  1006   000E31                     B1SIDH          equ	3633	;# 
  1007   000E32                     B1SIDL          equ	3634	;# 
  1008   000E33                     B1EIDH          equ	3635	;# 
  1009   000E34                     B1EIDL          equ	3636	;# 
  1010   000E35                     B1DLC           equ	3637	;# 
  1011   000E36                     B1D0            equ	3638	;# 
  1012   000E37                     B1D1            equ	3639	;# 
  1013   000E38                     B1D2            equ	3640	;# 
  1014   000E39                     B1D3            equ	3641	;# 
  1015   000E3A                     B1D4            equ	3642	;# 
  1016   000E3B                     B1D5            equ	3643	;# 
  1017   000E3C                     B1D6            equ	3644	;# 
  1018   000E3D                     B1D7            equ	3645	;# 
  1019   000E3E                     CANSTAT_RO8     equ	3646	;# 
  1020   000E3F                     CANCON_RO8      equ	3647	;# 
  1021   000E40                     B2CON           equ	3648	;# 
  1022   000E41                     B2SIDH          equ	3649	;# 
  1023   000E42                     B2SIDL          equ	3650	;# 
  1024   000E43                     B2EIDH          equ	3651	;# 
  1025   000E44                     B2EIDL          equ	3652	;# 
  1026   000E45                     B2DLC           equ	3653	;# 
  1027   000E46                     B2D0            equ	3654	;# 
  1028   000E47                     B2D1            equ	3655	;# 
  1029   000E48                     B2D2            equ	3656	;# 
  1030   000E49                     B2D3            equ	3657	;# 
  1031   000E4A                     B2D4            equ	3658	;# 
  1032   000E4B                     B2D5            equ	3659	;# 
  1033   000E4C                     B2D6            equ	3660	;# 
  1034   000E4D                     B2D7            equ	3661	;# 
  1035   000E4E                     CANSTAT_RO7     equ	3662	;# 
  1036   000E4F                     CANCON_RO7      equ	3663	;# 
  1037   000E50                     B3CON           equ	3664	;# 
  1038   000E51                     B3SIDH          equ	3665	;# 
  1039   000E52                     B3SIDL          equ	3666	;# 
  1040   000E53                     B3EIDH          equ	3667	;# 
  1041   000E54                     B3EIDL          equ	3668	;# 
  1042   000E55                     B3DLC           equ	3669	;# 
  1043   000E56                     B3D0            equ	3670	;# 
  1044   000E57                     B3D1            equ	3671	;# 
  1045   000E58                     B3D2            equ	3672	;# 
  1046   000E59                     B3D3            equ	3673	;# 
  1047   000E5A                     B3D4            equ	3674	;# 
  1048   000E5B                     B3D5            equ	3675	;# 
  1049   000E5C                     B3D6            equ	3676	;# 
  1050   000E5D                     B3D7            equ	3677	;# 
  1051   000E5E                     CANSTAT_RO6     equ	3678	;# 
  1052   000E5F                     CANCON_RO6      equ	3679	;# 
  1053   000E60                     B4CON           equ	3680	;# 
  1054   000E61                     B4SIDH          equ	3681	;# 
  1055   000E62                     B4SIDL          equ	3682	;# 
  1056   000E63                     B4EIDH          equ	3683	;# 
  1057   000E64                     B4EIDL          equ	3684	;# 
  1058   000E65                     B4DLC           equ	3685	;# 
  1059   000E66                     B4D0            equ	3686	;# 
  1060   000E67                     B4D1            equ	3687	;# 
  1061   000E68                     B4D2            equ	3688	;# 
  1062   000E69                     B4D3            equ	3689	;# 
  1063   000E6A                     B4D4            equ	3690	;# 
  1064   000E6B                     B4D5            equ	3691	;# 
  1065   000E6C                     B4D6            equ	3692	;# 
  1066   000E6D                     B4D7            equ	3693	;# 
  1067   000E6E                     CANSTAT_RO5     equ	3694	;# 
  1068   000E6F                     CANCON_RO5      equ	3695	;# 
  1069   000E70                     B5CON           equ	3696	;# 
  1070   000E71                     B5SIDH          equ	3697	;# 
  1071   000E72                     B5SIDL          equ	3698	;# 
  1072   000E73                     B5EIDH          equ	3699	;# 
  1073   000E74                     B5EIDL          equ	3700	;# 
  1074   000E75                     B5DLC           equ	3701	;# 
  1075   000E76                     B5D0            equ	3702	;# 
  1076   000E77                     B5D1            equ	3703	;# 
  1077   000E78                     B5D2            equ	3704	;# 
  1078   000E79                     B5D3            equ	3705	;# 
  1079   000E7A                     B5D4            equ	3706	;# 
  1080   000E7B                     B5D5            equ	3707	;# 
  1081   000E7C                     B5D6            equ	3708	;# 
  1082   000E7D                     B5D7            equ	3709	;# 
  1083   000E7E                     CANSTAT_RO4     equ	3710	;# 
  1084   000E7F                     CANCON_RO4      equ	3711	;# 
  1085   000F00                     RXF0SIDH        equ	3840	;# 
  1086   000F01                     RXF0SIDL        equ	3841	;# 
  1087   000F02                     RXF0EIDH        equ	3842	;# 
  1088   000F03                     RXF0EIDL        equ	3843	;# 
  1089   000F04                     RXF1SIDH        equ	3844	;# 
  1090   000F05                     RXF1SIDL        equ	3845	;# 
  1091   000F06                     RXF1EIDH        equ	3846	;# 
  1092   000F07                     RXF1EIDL        equ	3847	;# 
  1093   000F08                     RXF2SIDH        equ	3848	;# 
  1094   000F09                     RXF2SIDL        equ	3849	;# 
  1095   000F0A                     RXF2EIDH        equ	3850	;# 
  1096   000F0B                     RXF2EIDL        equ	3851	;# 
  1097   000F0C                     RXF3SIDH        equ	3852	;# 
  1098   000F0D                     RXF3SIDL        equ	3853	;# 
  1099   000F0E                     RXF3EIDH        equ	3854	;# 
  1100   000F0F                     RXF3EIDL        equ	3855	;# 
  1101   000F10                     RXF4SIDH        equ	3856	;# 
  1102   000F11                     RXF4SIDL        equ	3857	;# 
  1103   000F12                     RXF4EIDH        equ	3858	;# 
  1104   000F13                     RXF4EIDL        equ	3859	;# 
  1105   000F14                     RXF5SIDH        equ	3860	;# 
  1106   000F15                     RXF5SIDL        equ	3861	;# 
  1107   000F16                     RXF5EIDH        equ	3862	;# 
  1108   000F17                     RXF5EIDL        equ	3863	;# 
  1109   000F18                     RXM0SIDH        equ	3864	;# 
  1110   000F19                     RXM0SIDL        equ	3865	;# 
  1111   000F1A                     RXM0EIDH        equ	3866	;# 
  1112   000F1B                     RXM0EIDL        equ	3867	;# 
  1113   000F1C                     RXM1SIDH        equ	3868	;# 
  1114   000F1D                     RXM1SIDL        equ	3869	;# 
  1115   000F1E                     RXM1EIDH        equ	3870	;# 
  1116   000F1F                     RXM1EIDL        equ	3871	;# 
  1117   000F20                     TXB2CON         equ	3872	;# 
  1118   000F21                     TXB2SIDH        equ	3873	;# 
  1119   000F22                     TXB2SIDL        equ	3874	;# 
  1120   000F23                     TXB2EIDH        equ	3875	;# 
  1121   000F24                     TXB2EIDL        equ	3876	;# 
  1122   000F25                     TXB2DLC         equ	3877	;# 
  1123   000F26                     TXB2D0          equ	3878	;# 
  1124   000F27                     TXB2D1          equ	3879	;# 
  1125   000F28                     TXB2D2          equ	3880	;# 
  1126   000F29                     TXB2D3          equ	3881	;# 
  1127   000F2A                     TXB2D4          equ	3882	;# 
  1128   000F2B                     TXB2D5          equ	3883	;# 
  1129   000F2C                     TXB2D6          equ	3884	;# 
  1130   000F2D                     TXB2D7          equ	3885	;# 
  1131   000F2E                     CANSTAT_RO3     equ	3886	;# 
  1132   000F2F                     CANCON_RO3      equ	3887	;# 
  1133   000F30                     TXB1CON         equ	3888	;# 
  1134   000F31                     TXB1SIDH        equ	3889	;# 
  1135   000F32                     TXB1SIDL        equ	3890	;# 
  1136   000F33                     TXB1EIDH        equ	3891	;# 
  1137   000F34                     TXB1EIDL        equ	3892	;# 
  1138   000F35                     TXB1DLC         equ	3893	;# 
  1139   000F36                     TXB1D0          equ	3894	;# 
  1140   000F37                     TXB1D1          equ	3895	;# 
  1141   000F38                     TXB1D2          equ	3896	;# 
  1142   000F39                     TXB1D3          equ	3897	;# 
  1143   000F3A                     TXB1D4          equ	3898	;# 
  1144   000F3B                     TXB1D5          equ	3899	;# 
  1145   000F3C                     TXB1D6          equ	3900	;# 
  1146   000F3D                     TXB1D7          equ	3901	;# 
  1147   000F3E                     CANSTAT_RO2     equ	3902	;# 
  1148   000F3F                     CANCON_RO2      equ	3903	;# 
  1149   000F40                     TXB0CON         equ	3904	;# 
  1150   000F41                     TXB0SIDH        equ	3905	;# 
  1151   000F42                     TXB0SIDL        equ	3906	;# 
  1152   000F43                     TXB0EIDH        equ	3907	;# 
  1153   000F44                     TXB0EIDL        equ	3908	;# 
  1154   000F45                     TXB0DLC         equ	3909	;# 
  1155   000F46                     TXB0D0          equ	3910	;# 
  1156   000F47                     TXB0D1          equ	3911	;# 
  1157   000F48                     TXB0D2          equ	3912	;# 
  1158   000F49                     TXB0D3          equ	3913	;# 
  1159   000F4A                     TXB0D4          equ	3914	;# 
  1160   000F4B                     TXB0D5          equ	3915	;# 
  1161   000F4C                     TXB0D6          equ	3916	;# 
  1162   000F4D                     TXB0D7          equ	3917	;# 
  1163   000F4E                     CANSTAT_RO1     equ	3918	;# 
  1164   000F4F                     CANCON_RO1      equ	3919	;# 
  1165   000F50                     RXB1CON         equ	3920	;# 
  1166   000F51                     RXB1SIDH        equ	3921	;# 
  1167   000F52                     RXB1SIDL        equ	3922	;# 
  1168   000F53                     RXB1EIDH        equ	3923	;# 
  1169   000F54                     RXB1EIDL        equ	3924	;# 
  1170   000F55                     RXB1DLC         equ	3925	;# 
  1171   000F56                     RXB1D0          equ	3926	;# 
  1172   000F57                     RXB1D1          equ	3927	;# 
  1173   000F58                     RXB1D2          equ	3928	;# 
  1174   000F59                     RXB1D3          equ	3929	;# 
  1175   000F5A                     RXB1D4          equ	3930	;# 
  1176   000F5B                     RXB1D5          equ	3931	;# 
  1177   000F5C                     RXB1D6          equ	3932	;# 
  1178   000F5D                     RXB1D7          equ	3933	;# 
  1179   000F5E                     CANSTAT_RO0     equ	3934	;# 
  1180   000F5F                     CANCON_RO0      equ	3935	;# 
  1181   000F60                     RXB0CON         equ	3936	;# 
  1182   000F61                     RXB0SIDH        equ	3937	;# 
  1183   000F62                     RXB0SIDL        equ	3938	;# 
  1184   000F63                     RXB0EIDH        equ	3939	;# 
  1185   000F64                     RXB0EIDL        equ	3940	;# 
  1186   000F65                     RXB0DLC         equ	3941	;# 
  1187   000F66                     RXB0D0          equ	3942	;# 
  1188   000F67                     RXB0D1          equ	3943	;# 
  1189   000F68                     RXB0D2          equ	3944	;# 
  1190   000F69                     RXB0D3          equ	3945	;# 
  1191   000F6A                     RXB0D4          equ	3946	;# 
  1192   000F6B                     RXB0D5          equ	3947	;# 
  1193   000F6C                     RXB0D6          equ	3948	;# 
  1194   000F6D                     RXB0D7          equ	3949	;# 
  1195   000F6E                     CANSTAT         equ	3950	;# 
  1196   000F6F                     CANCON          equ	3951	;# 
  1197   000F70                     BRGCON1         equ	3952	;# 
  1198   000F71                     BRGCON2         equ	3953	;# 
  1199   000F72                     BRGCON3         equ	3954	;# 
  1200   000F73                     CIOCON          equ	3955	;# 
  1201   000F74                     COMSTAT         equ	3956	;# 
  1202   000F75                     RXERRCNT        equ	3957	;# 
  1203   000F76                     TXERRCNT        equ	3958	;# 
  1204   000F77                     ECANCON         equ	3959	;# 
  1205   000F80                     PORTA           equ	3968	;# 
  1206   000F81                     PORTB           equ	3969	;# 
  1207   000F82                     PORTC           equ	3970	;# 
  1208   000F83                     PORTD           equ	3971	;# 
  1209   000F84                     PORTE           equ	3972	;# 
  1210   000F89                     LATA            equ	3977	;# 
  1211   000F8A                     LATB            equ	3978	;# 
  1212   000F8B                     LATC            equ	3979	;# 
  1213   000F8C                     LATD            equ	3980	;# 
  1214   000F8D                     LATE            equ	3981	;# 
  1215   000F92                     TRISA           equ	3986	;# 
  1216   000F92                     DDRA            equ	3986	;# 
  1217   000F93                     TRISB           equ	3987	;# 
  1218   000F93                     DDRB            equ	3987	;# 
  1219   000F94                     TRISC           equ	3988	;# 
  1220   000F94                     DDRC            equ	3988	;# 
  1221   000F95                     TRISD           equ	3989	;# 
  1222   000F95                     DDRD            equ	3989	;# 
  1223   000F96                     TRISE           equ	3990	;# 
  1224   000F96                     DDRE            equ	3990	;# 
  1225   000F9B                     OSCTUNE         equ	3995	;# 
  1226   000F9D                     PIE1            equ	3997	;# 
  1227   000F9E                     PIR1            equ	3998	;# 
  1228   000F9F                     IPR1            equ	3999	;# 
  1229   000FA0                     PIE2            equ	4000	;# 
  1230   000FA1                     PIR2            equ	4001	;# 
  1231   000FA2                     IPR2            equ	4002	;# 
  1232   000FA3                     PIE3            equ	4003	;# 
  1233   000FA4                     PIR3            equ	4004	;# 
  1234   000FA5                     IPR3            equ	4005	;# 
  1235   000FA6                     EECON1          equ	4006	;# 
  1236   000FA7                     EECON2          equ	4007	;# 
  1237   000FA8                     EEDATA          equ	4008	;# 
  1238   000FA9                     EEADR           equ	4009	;# 
  1239   000FAB                     RCSTA           equ	4011	;# 
  1240   000FAB                     RCSTA1          equ	4011	;# 
  1241   000FAC                     TXSTA           equ	4012	;# 
  1242   000FAC                     TXSTA1          equ	4012	;# 
  1243   000FAD                     TXREG           equ	4013	;# 
  1244   000FAD                     TXREG1          equ	4013	;# 
  1245   000FAE                     RCREG           equ	4014	;# 
  1246   000FAE                     RCREG1          equ	4014	;# 
  1247   000FAF                     SPBRG           equ	4015	;# 
  1248   000FAF                     SPBRG1          equ	4015	;# 
  1249   000FB0                     SPBRGH          equ	4016	;# 
  1250   000FB1                     T3CON           equ	4017	;# 
  1251   000FB2                     TMR3            equ	4018	;# 
  1252   000FB2                     TMR3L           equ	4018	;# 
  1253   000FB3                     TMR3H           equ	4019	;# 
  1254   000FB4                     CMCON           equ	4020	;# 
  1255   000FB5                     CVRCON          equ	4021	;# 
  1256   000FB6                     ECCP1AS         equ	4022	;# 
  1257   000FB7                     ECCP1DEL        equ	4023	;# 
  1258   000FB8                     BAUDCON         equ	4024	;# 
  1259   000FB8                     BAUDCTL         equ	4024	;# 
  1260   000FBA                     ECCP1CON        equ	4026	;# 
  1261   000FBB                     ECCPR1          equ	4027	;# 
  1262   000FBB                     ECCPR1L         equ	4027	;# 
  1263   000FBC                     ECCPR1H         equ	4028	;# 
  1264   000FBD                     CCP1CON         equ	4029	;# 
  1265   000FBE                     CCPR1           equ	4030	;# 
  1266   000FBE                     CCPR1L          equ	4030	;# 
  1267   000FBF                     CCPR1H          equ	4031	;# 
  1268   000FC0                     ADCON2          equ	4032	;# 
  1269   000FC1                     ADCON1          equ	4033	;# 
  1270   000FC2                     ADCON0          equ	4034	;# 
  1271   000FC3                     ADRES           equ	4035	;# 
  1272   000FC3                     ADRESL          equ	4035	;# 
  1273   000FC4                     ADRESH          equ	4036	;# 
  1274   000FC5                     SSPCON2         equ	4037	;# 
  1275   000FC6                     SSPCON1         equ	4038	;# 
  1276   000FC7                     SSPSTAT         equ	4039	;# 
  1277   000FC8                     SSPADD          equ	4040	;# 
  1278   000FC9                     SSPBUF          equ	4041	;# 
  1279   000FCA                     T2CON           equ	4042	;# 
  1280   000FCB                     PR2             equ	4043	;# 
  1281   000FCB                     MEMCON          equ	4043	;# 
  1282   000FCC                     TMR2            equ	4044	;# 
  1283   000FCD                     T1CON           equ	4045	;# 
  1284   000FCE                     TMR1            equ	4046	;# 
  1285   000FCE                     TMR1L           equ	4046	;# 
  1286   000FCF                     TMR1H           equ	4047	;# 
  1287   000FD0                     RCON            equ	4048	;# 
  1288   000FD1                     WDTCON          equ	4049	;# 
  1289   000FD2                     HLVDCON         equ	4050	;# 
  1290   000FD2                     LVDCON          equ	4050	;# 
  1291   000FD3                     OSCCON          equ	4051	;# 
  1292   000FD5                     T0CON           equ	4053	;# 
  1293   000FD6                     TMR0            equ	4054	;# 
  1294   000FD6                     TMR0L           equ	4054	;# 
  1295   000FD7                     TMR0H           equ	4055	;# 
  1296   000FD8                     STATUS          equ	4056	;# 
  1297   000FD9                     FSR2            equ	4057	;# 
  1298   000FD9                     FSR2L           equ	4057	;# 
  1299   000FDA                     FSR2H           equ	4058	;# 
  1300   000FDB                     PLUSW2          equ	4059	;# 
  1301   000FDC                     PREINC2         equ	4060	;# 
  1302   000FDD                     POSTDEC2        equ	4061	;# 
  1303   000FDE                     POSTINC2        equ	4062	;# 
  1304   000FDF                     INDF2           equ	4063	;# 
  1305   000FE0                     BSR             equ	4064	;# 
  1306   000FE1                     FSR1            equ	4065	;# 
  1307   000FE1                     FSR1L           equ	4065	;# 
  1308   000FE2                     FSR1H           equ	4066	;# 
  1309   000FE3                     PLUSW1          equ	4067	;# 
  1310   000FE4                     PREINC1         equ	4068	;# 
  1311   000FE5                     POSTDEC1        equ	4069	;# 
  1312   000FE6                     POSTINC1        equ	4070	;# 
  1313   000FE7                     INDF1           equ	4071	;# 
  1314   000FE8                     WREG            equ	4072	;# 
  1315   000FE9                     FSR0            equ	4073	;# 
  1316   000FE9                     FSR0L           equ	4073	;# 
  1317   000FEA                     FSR0H           equ	4074	;# 
  1318   000FEB                     PLUSW0          equ	4075	;# 
  1319   000FEC                     PREINC0         equ	4076	;# 
  1320   000FED                     POSTDEC0        equ	4077	;# 
  1321   000FEE                     POSTINC0        equ	4078	;# 
  1322   000FEF                     INDF0           equ	4079	;# 
  1323   000FF0                     INTCON3         equ	4080	;# 
  1324   000FF1                     INTCON2         equ	4081	;# 
  1325   000FF2                     INTCON          equ	4082	;# 
  1326   000FF3                     PROD            equ	4083	;# 
  1327   000FF3                     PRODL           equ	4083	;# 
  1328   000FF4                     PRODH           equ	4084	;# 
  1329   000FF5                     TABLAT          equ	4085	;# 
  1330   000FF6                     TBLPTR          equ	4086	;# 
  1331   000FF6                     TBLPTRL         equ	4086	;# 
  1332   000FF7                     TBLPTRH         equ	4087	;# 
  1333   000FF8                     TBLPTRU         equ	4088	;# 
  1334   000FF9                     PCLAT           equ	4089	;# 
  1335   000FF9                     PC              equ	4089	;# 
  1336   000FF9                     PCL             equ	4089	;# 
  1337   000FFA                     PCLATH          equ	4090	;# 
  1338   000FFB                     PCLATU          equ	4091	;# 
  1339   000FFC                     STKPTR          equ	4092	;# 
  1340   000FFD                     TOS             equ	4093	;# 
  1341   000FFD                     TOSL            equ	4093	;# 
  1342   000FFE                     TOSH            equ	4094	;# 
  1343   000FFF                     TOSU            equ	4095	;# 
  1344   000D60                     RXF6SIDH        equ	3424	;# 
  1345   000D61                     RXF6SIDL        equ	3425	;# 
  1346   000D62                     RXF6EIDH        equ	3426	;# 
  1347   000D63                     RXF6EIDL        equ	3427	;# 
  1348   000D64                     RXF7SIDH        equ	3428	;# 
  1349   000D65                     RXF7SIDL        equ	3429	;# 
  1350   000D66                     RXF7EIDH        equ	3430	;# 
  1351   000D67                     RXF7EIDL        equ	3431	;# 
  1352   000D68                     RXF8SIDH        equ	3432	;# 
  1353   000D69                     RXF8SIDL        equ	3433	;# 
  1354   000D6A                     RXF8EIDH        equ	3434	;# 
  1355   000D6B                     RXF8EIDL        equ	3435	;# 
  1356   000D70                     RXF9SIDH        equ	3440	;# 
  1357   000D71                     RXF9SIDL        equ	3441	;# 
  1358   000D72                     RXF9EIDH        equ	3442	;# 
  1359   000D73                     RXF9EIDL        equ	3443	;# 
  1360   000D74                     RXF10SIDH       equ	3444	;# 
  1361   000D75                     RXF10SIDL       equ	3445	;# 
  1362   000D76                     RXF10EIDH       equ	3446	;# 
  1363   000D77                     RXF10EIDL       equ	3447	;# 
  1364   000D78                     RXF11SIDH       equ	3448	;# 
  1365   000D79                     RXF11SIDL       equ	3449	;# 
  1366   000D7A                     RXF11EIDH       equ	3450	;# 
  1367   000D7B                     RXF11EIDL       equ	3451	;# 
  1368   000D80                     RXF12SIDH       equ	3456	;# 
  1369   000D81                     RXF12SIDL       equ	3457	;# 
  1370   000D82                     RXF12EIDH       equ	3458	;# 
  1371   000D83                     RXF12EIDL       equ	3459	;# 
  1372   000D84                     RXF13SIDH       equ	3460	;# 
  1373   000D85                     RXF13SIDL       equ	3461	;# 
  1374   000D86                     RXF13EIDH       equ	3462	;# 
  1375   000D87                     RXF13EIDL       equ	3463	;# 
  1376   000D88                     RXF14SIDH       equ	3464	;# 
  1377   000D89                     RXF14SIDL       equ	3465	;# 
  1378   000D8A                     RXF14EIDH       equ	3466	;# 
  1379   000D8B                     RXF14EIDL       equ	3467	;# 
  1380   000D90                     RXF15SIDH       equ	3472	;# 
  1381   000D91                     RXF15SIDL       equ	3473	;# 
  1382   000D92                     RXF15EIDH       equ	3474	;# 
  1383   000D93                     RXF15EIDL       equ	3475	;# 
  1384   000DD4                     RXFCON0         equ	3540	;# 
  1385   000DD5                     RXFCON1         equ	3541	;# 
  1386   000DD8                     SDFLC           equ	3544	;# 
  1387   000DE0                     RXFBCON0        equ	3552	;# 
  1388   000DE1                     RXFBCON1        equ	3553	;# 
  1389   000DE2                     RXFBCON2        equ	3554	;# 
  1390   000DE3                     RXFBCON3        equ	3555	;# 
  1391   000DE4                     RXFBCON4        equ	3556	;# 
  1392   000DE5                     RXFBCON5        equ	3557	;# 
  1393   000DE6                     RXFBCON6        equ	3558	;# 
  1394   000DE7                     RXFBCON7        equ	3559	;# 
  1395   000DF0                     MSEL0           equ	3568	;# 
  1396   000DF1                     MSEL1           equ	3569	;# 
  1397   000DF2                     MSEL2           equ	3570	;# 
  1398   000DF3                     MSEL3           equ	3571	;# 
  1399   000DF8                     BSEL0           equ	3576	;# 
  1400   000DFA                     BIE0            equ	3578	;# 
  1401   000DFC                     TXBIE           equ	3580	;# 
  1402   000E20                     B0CON           equ	3616	;# 
  1403   000E21                     B0SIDH          equ	3617	;# 
  1404   000E22                     B0SIDL          equ	3618	;# 
  1405   000E23                     B0EIDH          equ	3619	;# 
  1406   000E24                     B0EIDL          equ	3620	;# 
  1407   000E25                     B0DLC           equ	3621	;# 
  1408   000E26                     B0D0            equ	3622	;# 
  1409   000E27                     B0D1            equ	3623	;# 
  1410   000E28                     B0D2            equ	3624	;# 
  1411   000E29                     B0D3            equ	3625	;# 
  1412   000E2A                     B0D4            equ	3626	;# 
  1413   000E2B                     B0D5            equ	3627	;# 
  1414   000E2C                     B0D6            equ	3628	;# 
  1415   000E2D                     B0D7            equ	3629	;# 
  1416   000E2E                     CANSTAT_RO9     equ	3630	;# 
  1417   000E2F                     CANCON_RO9      equ	3631	;# 
  1418   000E30                     B1CON           equ	3632	;# 
  1419   000E31                     B1SIDH          equ	3633	;# 
  1420   000E32                     B1SIDL          equ	3634	;# 
  1421   000E33                     B1EIDH          equ	3635	;# 
  1422   000E34                     B1EIDL          equ	3636	;# 
  1423   000E35                     B1DLC           equ	3637	;# 
  1424   000E36                     B1D0            equ	3638	;# 
  1425   000E37                     B1D1            equ	3639	;# 
  1426   000E38                     B1D2            equ	3640	;# 
  1427   000E39                     B1D3            equ	3641	;# 
  1428   000E3A                     B1D4            equ	3642	;# 
  1429   000E3B                     B1D5            equ	3643	;# 
  1430   000E3C                     B1D6            equ	3644	;# 
  1431   000E3D                     B1D7            equ	3645	;# 
  1432   000E3E                     CANSTAT_RO8     equ	3646	;# 
  1433   000E3F                     CANCON_RO8      equ	3647	;# 
  1434   000E40                     B2CON           equ	3648	;# 
  1435   000E41                     B2SIDH          equ	3649	;# 
  1436   000E42                     B2SIDL          equ	3650	;# 
  1437   000E43                     B2EIDH          equ	3651	;# 
  1438   000E44                     B2EIDL          equ	3652	;# 
  1439   000E45                     B2DLC           equ	3653	;# 
  1440   000E46                     B2D0            equ	3654	;# 
  1441   000E47                     B2D1            equ	3655	;# 
  1442   000E48                     B2D2            equ	3656	;# 
  1443   000E49                     B2D3            equ	3657	;# 
  1444   000E4A                     B2D4            equ	3658	;# 
  1445   000E4B                     B2D5            equ	3659	;# 
  1446   000E4C                     B2D6            equ	3660	;# 
  1447   000E4D                     B2D7            equ	3661	;# 
  1448   000E4E                     CANSTAT_RO7     equ	3662	;# 
  1449   000E4F                     CANCON_RO7      equ	3663	;# 
  1450   000E50                     B3CON           equ	3664	;# 
  1451   000E51                     B3SIDH          equ	3665	;# 
  1452   000E52                     B3SIDL          equ	3666	;# 
  1453   000E53                     B3EIDH          equ	3667	;# 
  1454   000E54                     B3EIDL          equ	3668	;# 
  1455   000E55                     B3DLC           equ	3669	;# 
  1456   000E56                     B3D0            equ	3670	;# 
  1457   000E57                     B3D1            equ	3671	;# 
  1458   000E58                     B3D2            equ	3672	;# 
  1459   000E59                     B3D3            equ	3673	;# 
  1460   000E5A                     B3D4            equ	3674	;# 
  1461   000E5B                     B3D5            equ	3675	;# 
  1462   000E5C                     B3D6            equ	3676	;# 
  1463   000E5D                     B3D7            equ	3677	;# 
  1464   000E5E                     CANSTAT_RO6     equ	3678	;# 
  1465   000E5F                     CANCON_RO6      equ	3679	;# 
  1466   000E60                     B4CON           equ	3680	;# 
  1467   000E61                     B4SIDH          equ	3681	;# 
  1468   000E62                     B4SIDL          equ	3682	;# 
  1469   000E63                     B4EIDH          equ	3683	;# 
  1470   000E64                     B4EIDL          equ	3684	;# 
  1471   000E65                     B4DLC           equ	3685	;# 
  1472   000E66                     B4D0            equ	3686	;# 
  1473   000E67                     B4D1            equ	3687	;# 
  1474   000E68                     B4D2            equ	3688	;# 
  1475   000E69                     B4D3            equ	3689	;# 
  1476   000E6A                     B4D4            equ	3690	;# 
  1477   000E6B                     B4D5            equ	3691	;# 
  1478   000E6C                     B4D6            equ	3692	;# 
  1479   000E6D                     B4D7            equ	3693	;# 
  1480   000E6E                     CANSTAT_RO5     equ	3694	;# 
  1481   000E6F                     CANCON_RO5      equ	3695	;# 
  1482   000E70                     B5CON           equ	3696	;# 
  1483   000E71                     B5SIDH          equ	3697	;# 
  1484   000E72                     B5SIDL          equ	3698	;# 
  1485   000E73                     B5EIDH          equ	3699	;# 
  1486   000E74                     B5EIDL          equ	3700	;# 
  1487   000E75                     B5DLC           equ	3701	;# 
  1488   000E76                     B5D0            equ	3702	;# 
  1489   000E77                     B5D1            equ	3703	;# 
  1490   000E78                     B5D2            equ	3704	;# 
  1491   000E79                     B5D3            equ	3705	;# 
  1492   000E7A                     B5D4            equ	3706	;# 
  1493   000E7B                     B5D5            equ	3707	;# 
  1494   000E7C                     B5D6            equ	3708	;# 
  1495   000E7D                     B5D7            equ	3709	;# 
  1496   000E7E                     CANSTAT_RO4     equ	3710	;# 
  1497   000E7F                     CANCON_RO4      equ	3711	;# 
  1498   000F00                     RXF0SIDH        equ	3840	;# 
  1499   000F01                     RXF0SIDL        equ	3841	;# 
  1500   000F02                     RXF0EIDH        equ	3842	;# 
  1501   000F03                     RXF0EIDL        equ	3843	;# 
  1502   000F04                     RXF1SIDH        equ	3844	;# 
  1503   000F05                     RXF1SIDL        equ	3845	;# 
  1504   000F06                     RXF1EIDH        equ	3846	;# 
  1505   000F07                     RXF1EIDL        equ	3847	;# 
  1506   000F08                     RXF2SIDH        equ	3848	;# 
  1507   000F09                     RXF2SIDL        equ	3849	;# 
  1508   000F0A                     RXF2EIDH        equ	3850	;# 
  1509   000F0B                     RXF2EIDL        equ	3851	;# 
  1510   000F0C                     RXF3SIDH        equ	3852	;# 
  1511   000F0D                     RXF3SIDL        equ	3853	;# 
  1512   000F0E                     RXF3EIDH        equ	3854	;# 
  1513   000F0F                     RXF3EIDL        equ	3855	;# 
  1514   000F10                     RXF4SIDH        equ	3856	;# 
  1515   000F11                     RXF4SIDL        equ	3857	;# 
  1516   000F12                     RXF4EIDH        equ	3858	;# 
  1517   000F13                     RXF4EIDL        equ	3859	;# 
  1518   000F14                     RXF5SIDH        equ	3860	;# 
  1519   000F15                     RXF5SIDL        equ	3861	;# 
  1520   000F16                     RXF5EIDH        equ	3862	;# 
  1521   000F17                     RXF5EIDL        equ	3863	;# 
  1522   000F18                     RXM0SIDH        equ	3864	;# 
  1523   000F19                     RXM0SIDL        equ	3865	;# 
  1524   000F1A                     RXM0EIDH        equ	3866	;# 
  1525   000F1B                     RXM0EIDL        equ	3867	;# 
  1526   000F1C                     RXM1SIDH        equ	3868	;# 
  1527   000F1D                     RXM1SIDL        equ	3869	;# 
  1528   000F1E                     RXM1EIDH        equ	3870	;# 
  1529   000F1F                     RXM1EIDL        equ	3871	;# 
  1530   000F20                     TXB2CON         equ	3872	;# 
  1531   000F21                     TXB2SIDH        equ	3873	;# 
  1532   000F22                     TXB2SIDL        equ	3874	;# 
  1533   000F23                     TXB2EIDH        equ	3875	;# 
  1534   000F24                     TXB2EIDL        equ	3876	;# 
  1535   000F25                     TXB2DLC         equ	3877	;# 
  1536   000F26                     TXB2D0          equ	3878	;# 
  1537   000F27                     TXB2D1          equ	3879	;# 
  1538   000F28                     TXB2D2          equ	3880	;# 
  1539   000F29                     TXB2D3          equ	3881	;# 
  1540   000F2A                     TXB2D4          equ	3882	;# 
  1541   000F2B                     TXB2D5          equ	3883	;# 
  1542   000F2C                     TXB2D6          equ	3884	;# 
  1543   000F2D                     TXB2D7          equ	3885	;# 
  1544   000F2E                     CANSTAT_RO3     equ	3886	;# 
  1545   000F2F                     CANCON_RO3      equ	3887	;# 
  1546   000F30                     TXB1CON         equ	3888	;# 
  1547   000F31                     TXB1SIDH        equ	3889	;# 
  1548   000F32                     TXB1SIDL        equ	3890	;# 
  1549   000F33                     TXB1EIDH        equ	3891	;# 
  1550   000F34                     TXB1EIDL        equ	3892	;# 
  1551   000F35                     TXB1DLC         equ	3893	;# 
  1552   000F36                     TXB1D0          equ	3894	;# 
  1553   000F37                     TXB1D1          equ	3895	;# 
  1554   000F38                     TXB1D2          equ	3896	;# 
  1555   000F39                     TXB1D3          equ	3897	;# 
  1556   000F3A                     TXB1D4          equ	3898	;# 
  1557   000F3B                     TXB1D5          equ	3899	;# 
  1558   000F3C                     TXB1D6          equ	3900	;# 
  1559   000F3D                     TXB1D7          equ	3901	;# 
  1560   000F3E                     CANSTAT_RO2     equ	3902	;# 
  1561   000F3F                     CANCON_RO2      equ	3903	;# 
  1562   000F40                     TXB0CON         equ	3904	;# 
  1563   000F41                     TXB0SIDH        equ	3905	;# 
  1564   000F42                     TXB0SIDL        equ	3906	;# 
  1565   000F43                     TXB0EIDH        equ	3907	;# 
  1566   000F44                     TXB0EIDL        equ	3908	;# 
  1567   000F45                     TXB0DLC         equ	3909	;# 
  1568   000F46                     TXB0D0          equ	3910	;# 
  1569   000F47                     TXB0D1          equ	3911	;# 
  1570   000F48                     TXB0D2          equ	3912	;# 
  1571   000F49                     TXB0D3          equ	3913	;# 
  1572   000F4A                     TXB0D4          equ	3914	;# 
  1573   000F4B                     TXB0D5          equ	3915	;# 
  1574   000F4C                     TXB0D6          equ	3916	;# 
  1575   000F4D                     TXB0D7          equ	3917	;# 
  1576   000F4E                     CANSTAT_RO1     equ	3918	;# 
  1577   000F4F                     CANCON_RO1      equ	3919	;# 
  1578   000F50                     RXB1CON         equ	3920	;# 
  1579   000F51                     RXB1SIDH        equ	3921	;# 
  1580   000F52                     RXB1SIDL        equ	3922	;# 
  1581   000F53                     RXB1EIDH        equ	3923	;# 
  1582   000F54                     RXB1EIDL        equ	3924	;# 
  1583   000F55                     RXB1DLC         equ	3925	;# 
  1584   000F56                     RXB1D0          equ	3926	;# 
  1585   000F57                     RXB1D1          equ	3927	;# 
  1586   000F58                     RXB1D2          equ	3928	;# 
  1587   000F59                     RXB1D3          equ	3929	;# 
  1588   000F5A                     RXB1D4          equ	3930	;# 
  1589   000F5B                     RXB1D5          equ	3931	;# 
  1590   000F5C                     RXB1D6          equ	3932	;# 
  1591   000F5D                     RXB1D7          equ	3933	;# 
  1592   000F5E                     CANSTAT_RO0     equ	3934	;# 
  1593   000F5F                     CANCON_RO0      equ	3935	;# 
  1594   000F60                     RXB0CON         equ	3936	;# 
  1595   000F61                     RXB0SIDH        equ	3937	;# 
  1596   000F62                     RXB0SIDL        equ	3938	;# 
  1597   000F63                     RXB0EIDH        equ	3939	;# 
  1598   000F64                     RXB0EIDL        equ	3940	;# 
  1599   000F65                     RXB0DLC         equ	3941	;# 
  1600   000F66                     RXB0D0          equ	3942	;# 
  1601   000F67                     RXB0D1          equ	3943	;# 
  1602   000F68                     RXB0D2          equ	3944	;# 
  1603   000F69                     RXB0D3          equ	3945	;# 
  1604   000F6A                     RXB0D4          equ	3946	;# 
  1605   000F6B                     RXB0D5          equ	3947	;# 
  1606   000F6C                     RXB0D6          equ	3948	;# 
  1607   000F6D                     RXB0D7          equ	3949	;# 
  1608   000F6E                     CANSTAT         equ	3950	;# 
  1609   000F6F                     CANCON          equ	3951	;# 
  1610   000F70                     BRGCON1         equ	3952	;# 
  1611   000F71                     BRGCON2         equ	3953	;# 
  1612   000F72                     BRGCON3         equ	3954	;# 
  1613   000F73                     CIOCON          equ	3955	;# 
  1614   000F74                     COMSTAT         equ	3956	;# 
  1615   000F75                     RXERRCNT        equ	3957	;# 
  1616   000F76                     TXERRCNT        equ	3958	;# 
  1617   000F77                     ECANCON         equ	3959	;# 
  1618   000F80                     PORTA           equ	3968	;# 
  1619   000F81                     PORTB           equ	3969	;# 
  1620   000F82                     PORTC           equ	3970	;# 
  1621   000F83                     PORTD           equ	3971	;# 
  1622   000F84                     PORTE           equ	3972	;# 
  1623   000F89                     LATA            equ	3977	;# 
  1624   000F8A                     LATB            equ	3978	;# 
  1625   000F8B                     LATC            equ	3979	;# 
  1626   000F8C                     LATD            equ	3980	;# 
  1627   000F8D                     LATE            equ	3981	;# 
  1628   000F92                     TRISA           equ	3986	;# 
  1629   000F92                     DDRA            equ	3986	;# 
  1630   000F93                     TRISB           equ	3987	;# 
  1631   000F93                     DDRB            equ	3987	;# 
  1632   000F94                     TRISC           equ	3988	;# 
  1633   000F94                     DDRC            equ	3988	;# 
  1634   000F95                     TRISD           equ	3989	;# 
  1635   000F95                     DDRD            equ	3989	;# 
  1636   000F96                     TRISE           equ	3990	;# 
  1637   000F96                     DDRE            equ	3990	;# 
  1638   000F9B                     OSCTUNE         equ	3995	;# 
  1639   000F9D                     PIE1            equ	3997	;# 
  1640   000F9E                     PIR1            equ	3998	;# 
  1641   000F9F                     IPR1            equ	3999	;# 
  1642   000FA0                     PIE2            equ	4000	;# 
  1643   000FA1                     PIR2            equ	4001	;# 
  1644   000FA2                     IPR2            equ	4002	;# 
  1645   000FA3                     PIE3            equ	4003	;# 
  1646   000FA4                     PIR3            equ	4004	;# 
  1647   000FA5                     IPR3            equ	4005	;# 
  1648   000FA6                     EECON1          equ	4006	;# 
  1649   000FA7                     EECON2          equ	4007	;# 
  1650   000FA8                     EEDATA          equ	4008	;# 
  1651   000FA9                     EEADR           equ	4009	;# 
  1652   000FAB                     RCSTA           equ	4011	;# 
  1653   000FAB                     RCSTA1          equ	4011	;# 
  1654   000FAC                     TXSTA           equ	4012	;# 
  1655   000FAC                     TXSTA1          equ	4012	;# 
  1656   000FAD                     TXREG           equ	4013	;# 
  1657   000FAD                     TXREG1          equ	4013	;# 
  1658   000FAE                     RCREG           equ	4014	;# 
  1659   000FAE                     RCREG1          equ	4014	;# 
  1660   000FAF                     SPBRG           equ	4015	;# 
  1661   000FAF                     SPBRG1          equ	4015	;# 
  1662   000FB0                     SPBRGH          equ	4016	;# 
  1663   000FB1                     T3CON           equ	4017	;# 
  1664   000FB2                     TMR3            equ	4018	;# 
  1665   000FB2                     TMR3L           equ	4018	;# 
  1666   000FB3                     TMR3H           equ	4019	;# 
  1667   000FB4                     CMCON           equ	4020	;# 
  1668   000FB5                     CVRCON          equ	4021	;# 
  1669   000FB6                     ECCP1AS         equ	4022	;# 
  1670   000FB7                     ECCP1DEL        equ	4023	;# 
  1671   000FB8                     BAUDCON         equ	4024	;# 
  1672   000FB8                     BAUDCTL         equ	4024	;# 
  1673   000FBA                     ECCP1CON        equ	4026	;# 
  1674   000FBB                     ECCPR1          equ	4027	;# 
  1675   000FBB                     ECCPR1L         equ	4027	;# 
  1676   000FBC                     ECCPR1H         equ	4028	;# 
  1677   000FBD                     CCP1CON         equ	4029	;# 
  1678   000FBE                     CCPR1           equ	4030	;# 
  1679   000FBE                     CCPR1L          equ	4030	;# 
  1680   000FBF                     CCPR1H          equ	4031	;# 
  1681   000FC0                     ADCON2          equ	4032	;# 
  1682   000FC1                     ADCON1          equ	4033	;# 
  1683   000FC2                     ADCON0          equ	4034	;# 
  1684   000FC3                     ADRES           equ	4035	;# 
  1685   000FC3                     ADRESL          equ	4035	;# 
  1686   000FC4                     ADRESH          equ	4036	;# 
  1687   000FC5                     SSPCON2         equ	4037	;# 
  1688   000FC6                     SSPCON1         equ	4038	;# 
  1689   000FC7                     SSPSTAT         equ	4039	;# 
  1690   000FC8                     SSPADD          equ	4040	;# 
  1691   000FC9                     SSPBUF          equ	4041	;# 
  1692   000FCA                     T2CON           equ	4042	;# 
  1693   000FCB                     PR2             equ	4043	;# 
  1694   000FCB                     MEMCON          equ	4043	;# 
  1695   000FCC                     TMR2            equ	4044	;# 
  1696   000FCD                     T1CON           equ	4045	;# 
  1697   000FCE                     TMR1            equ	4046	;# 
  1698   000FCE                     TMR1L           equ	4046	;# 
  1699   000FCF                     TMR1H           equ	4047	;# 
  1700   000FD0                     RCON            equ	4048	;# 
  1701   000FD1                     WDTCON          equ	4049	;# 
  1702   000FD2                     HLVDCON         equ	4050	;# 
  1703   000FD2                     LVDCON          equ	4050	;# 
  1704   000FD3                     OSCCON          equ	4051	;# 
  1705   000FD5                     T0CON           equ	4053	;# 
  1706   000FD6                     TMR0            equ	4054	;# 
  1707   000FD6                     TMR0L           equ	4054	;# 
  1708   000FD7                     TMR0H           equ	4055	;# 
  1709   000FD8                     STATUS          equ	4056	;# 
  1710   000FD9                     FSR2            equ	4057	;# 
  1711   000FD9                     FSR2L           equ	4057	;# 
  1712   000FDA                     FSR2H           equ	4058	;# 
  1713   000FDB                     PLUSW2          equ	4059	;# 
  1714   000FDC                     PREINC2         equ	4060	;# 
  1715   000FDD                     POSTDEC2        equ	4061	;# 
  1716   000FDE                     POSTINC2        equ	4062	;# 
  1717   000FDF                     INDF2           equ	4063	;# 
  1718   000FE0                     BSR             equ	4064	;# 
  1719   000FE1                     FSR1            equ	4065	;# 
  1720   000FE1                     FSR1L           equ	4065	;# 
  1721   000FE2                     FSR1H           equ	4066	;# 
  1722   000FE3                     PLUSW1          equ	4067	;# 
  1723   000FE4                     PREINC1         equ	4068	;# 
  1724   000FE5                     POSTDEC1        equ	4069	;# 
  1725   000FE6                     POSTINC1        equ	4070	;# 
  1726   000FE7                     INDF1           equ	4071	;# 
  1727   000FE8                     WREG            equ	4072	;# 
  1728   000FE9                     FSR0            equ	4073	;# 
  1729   000FE9                     FSR0L           equ	4073	;# 
  1730   000FEA                     FSR0H           equ	4074	;# 
  1731   000FEB                     PLUSW0          equ	4075	;# 
  1732   000FEC                     PREINC0         equ	4076	;# 
  1733   000FED                     POSTDEC0        equ	4077	;# 
  1734   000FEE                     POSTINC0        equ	4078	;# 
  1735   000FEF                     INDF0           equ	4079	;# 
  1736   000FF0                     INTCON3         equ	4080	;# 
  1737   000FF1                     INTCON2         equ	4081	;# 
  1738   000FF2                     INTCON          equ	4082	;# 
  1739   000FF3                     PROD            equ	4083	;# 
  1740   000FF3                     PRODL           equ	4083	;# 
  1741   000FF4                     PRODH           equ	4084	;# 
  1742   000FF5                     TABLAT          equ	4085	;# 
  1743   000FF6                     TBLPTR          equ	4086	;# 
  1744   000FF6                     TBLPTRL         equ	4086	;# 
  1745   000FF7                     TBLPTRH         equ	4087	;# 
  1746   000FF8                     TBLPTRU         equ	4088	;# 
  1747   000FF9                     PCLAT           equ	4089	;# 
  1748   000FF9                     PC              equ	4089	;# 
  1749   000FF9                     PCL             equ	4089	;# 
  1750   000FFA                     PCLATH          equ	4090	;# 
  1751   000FFB                     PCLATU          equ	4091	;# 
  1752   000FFC                     STKPTR          equ	4092	;# 
  1753   000FFD                     TOS             equ	4093	;# 
  1754   000FFD                     TOSL            equ	4093	;# 
  1755   000FFE                     TOSH            equ	4094	;# 
  1756   000FFF                     TOSU            equ	4095	;# 
  1757   000D60                     RXF6SIDH        equ	3424	;# 
  1758   000D61                     RXF6SIDL        equ	3425	;# 
  1759   000D62                     RXF6EIDH        equ	3426	;# 
  1760   000D63                     RXF6EIDL        equ	3427	;# 
  1761   000D64                     RXF7SIDH        equ	3428	;# 
  1762   000D65                     RXF7SIDL        equ	3429	;# 
  1763   000D66                     RXF7EIDH        equ	3430	;# 
  1764   000D67                     RXF7EIDL        equ	3431	;# 
  1765   000D68                     RXF8SIDH        equ	3432	;# 
  1766   000D69                     RXF8SIDL        equ	3433	;# 
  1767   000D6A                     RXF8EIDH        equ	3434	;# 
  1768   000D6B                     RXF8EIDL        equ	3435	;# 
  1769   000D70                     RXF9SIDH        equ	3440	;# 
  1770   000D71                     RXF9SIDL        equ	3441	;# 
  1771   000D72                     RXF9EIDH        equ	3442	;# 
  1772   000D73                     RXF9EIDL        equ	3443	;# 
  1773   000D74                     RXF10SIDH       equ	3444	;# 
  1774   000D75                     RXF10SIDL       equ	3445	;# 
  1775   000D76                     RXF10EIDH       equ	3446	;# 
  1776   000D77                     RXF10EIDL       equ	3447	;# 
  1777   000D78                     RXF11SIDH       equ	3448	;# 
  1778   000D79                     RXF11SIDL       equ	3449	;# 
  1779   000D7A                     RXF11EIDH       equ	3450	;# 
  1780   000D7B                     RXF11EIDL       equ	3451	;# 
  1781   000D80                     RXF12SIDH       equ	3456	;# 
  1782   000D81                     RXF12SIDL       equ	3457	;# 
  1783   000D82                     RXF12EIDH       equ	3458	;# 
  1784   000D83                     RXF12EIDL       equ	3459	;# 
  1785   000D84                     RXF13SIDH       equ	3460	;# 
  1786   000D85                     RXF13SIDL       equ	3461	;# 
  1787   000D86                     RXF13EIDH       equ	3462	;# 
  1788   000D87                     RXF13EIDL       equ	3463	;# 
  1789   000D88                     RXF14SIDH       equ	3464	;# 
  1790   000D89                     RXF14SIDL       equ	3465	;# 
  1791   000D8A                     RXF14EIDH       equ	3466	;# 
  1792   000D8B                     RXF14EIDL       equ	3467	;# 
  1793   000D90                     RXF15SIDH       equ	3472	;# 
  1794   000D91                     RXF15SIDL       equ	3473	;# 
  1795   000D92                     RXF15EIDH       equ	3474	;# 
  1796   000D93                     RXF15EIDL       equ	3475	;# 
  1797   000DD4                     RXFCON0         equ	3540	;# 
  1798   000DD5                     RXFCON1         equ	3541	;# 
  1799   000DD8                     SDFLC           equ	3544	;# 
  1800   000DE0                     RXFBCON0        equ	3552	;# 
  1801   000DE1                     RXFBCON1        equ	3553	;# 
  1802   000DE2                     RXFBCON2        equ	3554	;# 
  1803   000DE3                     RXFBCON3        equ	3555	;# 
  1804   000DE4                     RXFBCON4        equ	3556	;# 
  1805   000DE5                     RXFBCON5        equ	3557	;# 
  1806   000DE6                     RXFBCON6        equ	3558	;# 
  1807   000DE7                     RXFBCON7        equ	3559	;# 
  1808   000DF0                     MSEL0           equ	3568	;# 
  1809   000DF1                     MSEL1           equ	3569	;# 
  1810   000DF2                     MSEL2           equ	3570	;# 
  1811   000DF3                     MSEL3           equ	3571	;# 
  1812   000DF8                     BSEL0           equ	3576	;# 
  1813   000DFA                     BIE0            equ	3578	;# 
  1814   000DFC                     TXBIE           equ	3580	;# 
  1815   000E20                     B0CON           equ	3616	;# 
  1816   000E21                     B0SIDH          equ	3617	;# 
  1817   000E22                     B0SIDL          equ	3618	;# 
  1818   000E23                     B0EIDH          equ	3619	;# 
  1819   000E24                     B0EIDL          equ	3620	;# 
  1820   000E25                     B0DLC           equ	3621	;# 
  1821   000E26                     B0D0            equ	3622	;# 
  1822   000E27                     B0D1            equ	3623	;# 
  1823   000E28                     B0D2            equ	3624	;# 
  1824   000E29                     B0D3            equ	3625	;# 
  1825   000E2A                     B0D4            equ	3626	;# 
  1826   000E2B                     B0D5            equ	3627	;# 
  1827   000E2C                     B0D6            equ	3628	;# 
  1828   000E2D                     B0D7            equ	3629	;# 
  1829   000E2E                     CANSTAT_RO9     equ	3630	;# 
  1830   000E2F                     CANCON_RO9      equ	3631	;# 
  1831   000E30                     B1CON           equ	3632	;# 
  1832   000E31                     B1SIDH          equ	3633	;# 
  1833   000E32                     B1SIDL          equ	3634	;# 
  1834   000E33                     B1EIDH          equ	3635	;# 
  1835   000E34                     B1EIDL          equ	3636	;# 
  1836   000E35                     B1DLC           equ	3637	;# 
  1837   000E36                     B1D0            equ	3638	;# 
  1838   000E37                     B1D1            equ	3639	;# 
  1839   000E38                     B1D2            equ	3640	;# 
  1840   000E39                     B1D3            equ	3641	;# 
  1841   000E3A                     B1D4            equ	3642	;# 
  1842   000E3B                     B1D5            equ	3643	;# 
  1843   000E3C                     B1D6            equ	3644	;# 
  1844   000E3D                     B1D7            equ	3645	;# 
  1845   000E3E                     CANSTAT_RO8     equ	3646	;# 
  1846   000E3F                     CANCON_RO8      equ	3647	;# 
  1847   000E40                     B2CON           equ	3648	;# 
  1848   000E41                     B2SIDH          equ	3649	;# 
  1849   000E42                     B2SIDL          equ	3650	;# 
  1850   000E43                     B2EIDH          equ	3651	;# 
  1851   000E44                     B2EIDL          equ	3652	;# 
  1852   000E45                     B2DLC           equ	3653	;# 
  1853   000E46                     B2D0            equ	3654	;# 
  1854   000E47                     B2D1            equ	3655	;# 
  1855   000E48                     B2D2            equ	3656	;# 
  1856   000E49                     B2D3            equ	3657	;# 
  1857   000E4A                     B2D4            equ	3658	;# 
  1858   000E4B                     B2D5            equ	3659	;# 
  1859   000E4C                     B2D6            equ	3660	;# 
  1860   000E4D                     B2D7            equ	3661	;# 
  1861   000E4E                     CANSTAT_RO7     equ	3662	;# 
  1862   000E4F                     CANCON_RO7      equ	3663	;# 
  1863   000E50                     B3CON           equ	3664	;# 
  1864   000E51                     B3SIDH          equ	3665	;# 
  1865   000E52                     B3SIDL          equ	3666	;# 
  1866   000E53                     B3EIDH          equ	3667	;# 
  1867   000E54                     B3EIDL          equ	3668	;# 
  1868   000E55                     B3DLC           equ	3669	;# 
  1869   000E56                     B3D0            equ	3670	;# 
  1870   000E57                     B3D1            equ	3671	;# 
  1871   000E58                     B3D2            equ	3672	;# 
  1872   000E59                     B3D3            equ	3673	;# 
  1873   000E5A                     B3D4            equ	3674	;# 
  1874   000E5B                     B3D5            equ	3675	;# 
  1875   000E5C                     B3D6            equ	3676	;# 
  1876   000E5D                     B3D7            equ	3677	;# 
  1877   000E5E                     CANSTAT_RO6     equ	3678	;# 
  1878   000E5F                     CANCON_RO6      equ	3679	;# 
  1879   000E60                     B4CON           equ	3680	;# 
  1880   000E61                     B4SIDH          equ	3681	;# 
  1881   000E62                     B4SIDL          equ	3682	;# 
  1882   000E63                     B4EIDH          equ	3683	;# 
  1883   000E64                     B4EIDL          equ	3684	;# 
  1884   000E65                     B4DLC           equ	3685	;# 
  1885   000E66                     B4D0            equ	3686	;# 
  1886   000E67                     B4D1            equ	3687	;# 
  1887   000E68                     B4D2            equ	3688	;# 
  1888   000E69                     B4D3            equ	3689	;# 
  1889   000E6A                     B4D4            equ	3690	;# 
  1890   000E6B                     B4D5            equ	3691	;# 
  1891   000E6C                     B4D6            equ	3692	;# 
  1892   000E6D                     B4D7            equ	3693	;# 
  1893   000E6E                     CANSTAT_RO5     equ	3694	;# 
  1894   000E6F                     CANCON_RO5      equ	3695	;# 
  1895   000E70                     B5CON           equ	3696	;# 
  1896   000E71                     B5SIDH          equ	3697	;# 
  1897   000E72                     B5SIDL          equ	3698	;# 
  1898   000E73                     B5EIDH          equ	3699	;# 
  1899   000E74                     B5EIDL          equ	3700	;# 
  1900   000E75                     B5DLC           equ	3701	;# 
  1901   000E76                     B5D0            equ	3702	;# 
  1902   000E77                     B5D1            equ	3703	;# 
  1903   000E78                     B5D2            equ	3704	;# 
  1904   000E79                     B5D3            equ	3705	;# 
  1905   000E7A                     B5D4            equ	3706	;# 
  1906   000E7B                     B5D5            equ	3707	;# 
  1907   000E7C                     B5D6            equ	3708	;# 
  1908   000E7D                     B5D7            equ	3709	;# 
  1909   000E7E                     CANSTAT_RO4     equ	3710	;# 
  1910   000E7F                     CANCON_RO4      equ	3711	;# 
  1911   000F00                     RXF0SIDH        equ	3840	;# 
  1912   000F01                     RXF0SIDL        equ	3841	;# 
  1913   000F02                     RXF0EIDH        equ	3842	;# 
  1914   000F03                     RXF0EIDL        equ	3843	;# 
  1915   000F04                     RXF1SIDH        equ	3844	;# 
  1916   000F05                     RXF1SIDL        equ	3845	;# 
  1917   000F06                     RXF1EIDH        equ	3846	;# 
  1918   000F07                     RXF1EIDL        equ	3847	;# 
  1919   000F08                     RXF2SIDH        equ	3848	;# 
  1920   000F09                     RXF2SIDL        equ	3849	;# 
  1921   000F0A                     RXF2EIDH        equ	3850	;# 
  1922   000F0B                     RXF2EIDL        equ	3851	;# 
  1923   000F0C                     RXF3SIDH        equ	3852	;# 
  1924   000F0D                     RXF3SIDL        equ	3853	;# 
  1925   000F0E                     RXF3EIDH        equ	3854	;# 
  1926   000F0F                     RXF3EIDL        equ	3855	;# 
  1927   000F10                     RXF4SIDH        equ	3856	;# 
  1928   000F11                     RXF4SIDL        equ	3857	;# 
  1929   000F12                     RXF4EIDH        equ	3858	;# 
  1930   000F13                     RXF4EIDL        equ	3859	;# 
  1931   000F14                     RXF5SIDH        equ	3860	;# 
  1932   000F15                     RXF5SIDL        equ	3861	;# 
  1933   000F16                     RXF5EIDH        equ	3862	;# 
  1934   000F17                     RXF5EIDL        equ	3863	;# 
  1935   000F18                     RXM0SIDH        equ	3864	;# 
  1936   000F19                     RXM0SIDL        equ	3865	;# 
  1937   000F1A                     RXM0EIDH        equ	3866	;# 
  1938   000F1B                     RXM0EIDL        equ	3867	;# 
  1939   000F1C                     RXM1SIDH        equ	3868	;# 
  1940   000F1D                     RXM1SIDL        equ	3869	;# 
  1941   000F1E                     RXM1EIDH        equ	3870	;# 
  1942   000F1F                     RXM1EIDL        equ	3871	;# 
  1943   000F20                     TXB2CON         equ	3872	;# 
  1944   000F21                     TXB2SIDH        equ	3873	;# 
  1945   000F22                     TXB2SIDL        equ	3874	;# 
  1946   000F23                     TXB2EIDH        equ	3875	;# 
  1947   000F24                     TXB2EIDL        equ	3876	;# 
  1948   000F25                     TXB2DLC         equ	3877	;# 
  1949   000F26                     TXB2D0          equ	3878	;# 
  1950   000F27                     TXB2D1          equ	3879	;# 
  1951   000F28                     TXB2D2          equ	3880	;# 
  1952   000F29                     TXB2D3          equ	3881	;# 
  1953   000F2A                     TXB2D4          equ	3882	;# 
  1954   000F2B                     TXB2D5          equ	3883	;# 
  1955   000F2C                     TXB2D6          equ	3884	;# 
  1956   000F2D                     TXB2D7          equ	3885	;# 
  1957   000F2E                     CANSTAT_RO3     equ	3886	;# 
  1958   000F2F                     CANCON_RO3      equ	3887	;# 
  1959   000F30                     TXB1CON         equ	3888	;# 
  1960   000F31                     TXB1SIDH        equ	3889	;# 
  1961   000F32                     TXB1SIDL        equ	3890	;# 
  1962   000F33                     TXB1EIDH        equ	3891	;# 
  1963   000F34                     TXB1EIDL        equ	3892	;# 
  1964   000F35                     TXB1DLC         equ	3893	;# 
  1965   000F36                     TXB1D0          equ	3894	;# 
  1966   000F37                     TXB1D1          equ	3895	;# 
  1967   000F38                     TXB1D2          equ	3896	;# 
  1968   000F39                     TXB1D3          equ	3897	;# 
  1969   000F3A                     TXB1D4          equ	3898	;# 
  1970   000F3B                     TXB1D5          equ	3899	;# 
  1971   000F3C                     TXB1D6          equ	3900	;# 
  1972   000F3D                     TXB1D7          equ	3901	;# 
  1973   000F3E                     CANSTAT_RO2     equ	3902	;# 
  1974   000F3F                     CANCON_RO2      equ	3903	;# 
  1975   000F40                     TXB0CON         equ	3904	;# 
  1976   000F41                     TXB0SIDH        equ	3905	;# 
  1977   000F42                     TXB0SIDL        equ	3906	;# 
  1978   000F43                     TXB0EIDH        equ	3907	;# 
  1979   000F44                     TXB0EIDL        equ	3908	;# 
  1980   000F45                     TXB0DLC         equ	3909	;# 
  1981   000F46                     TXB0D0          equ	3910	;# 
  1982   000F47                     TXB0D1          equ	3911	;# 
  1983   000F48                     TXB0D2          equ	3912	;# 
  1984   000F49                     TXB0D3          equ	3913	;# 
  1985   000F4A                     TXB0D4          equ	3914	;# 
  1986   000F4B                     TXB0D5          equ	3915	;# 
  1987   000F4C                     TXB0D6          equ	3916	;# 
  1988   000F4D                     TXB0D7          equ	3917	;# 
  1989   000F4E                     CANSTAT_RO1     equ	3918	;# 
  1990   000F4F                     CANCON_RO1      equ	3919	;# 
  1991   000F50                     RXB1CON         equ	3920	;# 
  1992   000F51                     RXB1SIDH        equ	3921	;# 
  1993   000F52                     RXB1SIDL        equ	3922	;# 
  1994   000F53                     RXB1EIDH        equ	3923	;# 
  1995   000F54                     RXB1EIDL        equ	3924	;# 
  1996   000F55                     RXB1DLC         equ	3925	;# 
  1997   000F56                     RXB1D0          equ	3926	;# 
  1998   000F57                     RXB1D1          equ	3927	;# 
  1999   000F58                     RXB1D2          equ	3928	;# 
  2000   000F59                     RXB1D3          equ	3929	;# 
  2001   000F5A                     RXB1D4          equ	3930	;# 
  2002   000F5B                     RXB1D5          equ	3931	;# 
  2003   000F5C                     RXB1D6          equ	3932	;# 
  2004   000F5D                     RXB1D7          equ	3933	;# 
  2005   000F5E                     CANSTAT_RO0     equ	3934	;# 
  2006   000F5F                     CANCON_RO0      equ	3935	;# 
  2007   000F60                     RXB0CON         equ	3936	;# 
  2008   000F61                     RXB0SIDH        equ	3937	;# 
  2009   000F62                     RXB0SIDL        equ	3938	;# 
  2010   000F63                     RXB0EIDH        equ	3939	;# 
  2011   000F64                     RXB0EIDL        equ	3940	;# 
  2012   000F65                     RXB0DLC         equ	3941	;# 
  2013   000F66                     RXB0D0          equ	3942	;# 
  2014   000F67                     RXB0D1          equ	3943	;# 
  2015   000F68                     RXB0D2          equ	3944	;# 
  2016   000F69                     RXB0D3          equ	3945	;# 
  2017   000F6A                     RXB0D4          equ	3946	;# 
  2018   000F6B                     RXB0D5          equ	3947	;# 
  2019   000F6C                     RXB0D6          equ	3948	;# 
  2020   000F6D                     RXB0D7          equ	3949	;# 
  2021   000F6E                     CANSTAT         equ	3950	;# 
  2022   000F6F                     CANCON          equ	3951	;# 
  2023   000F70                     BRGCON1         equ	3952	;# 
  2024   000F71                     BRGCON2         equ	3953	;# 
  2025   000F72                     BRGCON3         equ	3954	;# 
  2026   000F73                     CIOCON          equ	3955	;# 
  2027   000F74                     COMSTAT         equ	3956	;# 
  2028   000F75                     RXERRCNT        equ	3957	;# 
  2029   000F76                     TXERRCNT        equ	3958	;# 
  2030   000F77                     ECANCON         equ	3959	;# 
  2031   000F80                     PORTA           equ	3968	;# 
  2032   000F81                     PORTB           equ	3969	;# 
  2033   000F82                     PORTC           equ	3970	;# 
  2034   000F83                     PORTD           equ	3971	;# 
  2035   000F84                     PORTE           equ	3972	;# 
  2036   000F89                     LATA            equ	3977	;# 
  2037   000F8A                     LATB            equ	3978	;# 
  2038   000F8B                     LATC            equ	3979	;# 
  2039   000F8C                     LATD            equ	3980	;# 
  2040   000F8D                     LATE            equ	3981	;# 
  2041   000F92                     TRISA           equ	3986	;# 
  2042   000F92                     DDRA            equ	3986	;# 
  2043   000F93                     TRISB           equ	3987	;# 
  2044   000F93                     DDRB            equ	3987	;# 
  2045   000F94                     TRISC           equ	3988	;# 
  2046   000F94                     DDRC            equ	3988	;# 
  2047   000F95                     TRISD           equ	3989	;# 
  2048   000F95                     DDRD            equ	3989	;# 
  2049   000F96                     TRISE           equ	3990	;# 
  2050   000F96                     DDRE            equ	3990	;# 
  2051   000F9B                     OSCTUNE         equ	3995	;# 
  2052   000F9D                     PIE1            equ	3997	;# 
  2053   000F9E                     PIR1            equ	3998	;# 
  2054   000F9F                     IPR1            equ	3999	;# 
  2055   000FA0                     PIE2            equ	4000	;# 
  2056   000FA1                     PIR2            equ	4001	;# 
  2057   000FA2                     IPR2            equ	4002	;# 
  2058   000FA3                     PIE3            equ	4003	;# 
  2059   000FA4                     PIR3            equ	4004	;# 
  2060   000FA5                     IPR3            equ	4005	;# 
  2061   000FA6                     EECON1          equ	4006	;# 
  2062   000FA7                     EECON2          equ	4007	;# 
  2063   000FA8                     EEDATA          equ	4008	;# 
  2064   000FA9                     EEADR           equ	4009	;# 
  2065   000FAB                     RCSTA           equ	4011	;# 
  2066   000FAB                     RCSTA1          equ	4011	;# 
  2067   000FAC                     TXSTA           equ	4012	;# 
  2068   000FAC                     TXSTA1          equ	4012	;# 
  2069   000FAD                     TXREG           equ	4013	;# 
  2070   000FAD                     TXREG1          equ	4013	;# 
  2071   000FAE                     RCREG           equ	4014	;# 
  2072   000FAE                     RCREG1          equ	4014	;# 
  2073   000FAF                     SPBRG           equ	4015	;# 
  2074   000FAF                     SPBRG1          equ	4015	;# 
  2075   000FB0                     SPBRGH          equ	4016	;# 
  2076   000FB1                     T3CON           equ	4017	;# 
  2077   000FB2                     TMR3            equ	4018	;# 
  2078   000FB2                     TMR3L           equ	4018	;# 
  2079   000FB3                     TMR3H           equ	4019	;# 
  2080   000FB4                     CMCON           equ	4020	;# 
  2081   000FB5                     CVRCON          equ	4021	;# 
  2082   000FB6                     ECCP1AS         equ	4022	;# 
  2083   000FB7                     ECCP1DEL        equ	4023	;# 
  2084   000FB8                     BAUDCON         equ	4024	;# 
  2085   000FB8                     BAUDCTL         equ	4024	;# 
  2086   000FBA                     ECCP1CON        equ	4026	;# 
  2087   000FBB                     ECCPR1          equ	4027	;# 
  2088   000FBB                     ECCPR1L         equ	4027	;# 
  2089   000FBC                     ECCPR1H         equ	4028	;# 
  2090   000FBD                     CCP1CON         equ	4029	;# 
  2091   000FBE                     CCPR1           equ	4030	;# 
  2092   000FBE                     CCPR1L          equ	4030	;# 
  2093   000FBF                     CCPR1H          equ	4031	;# 
  2094   000FC0                     ADCON2          equ	4032	;# 
  2095   000FC1                     ADCON1          equ	4033	;# 
  2096   000FC2                     ADCON0          equ	4034	;# 
  2097   000FC3                     ADRES           equ	4035	;# 
  2098   000FC3                     ADRESL          equ	4035	;# 
  2099   000FC4                     ADRESH          equ	4036	;# 
  2100   000FC5                     SSPCON2         equ	4037	;# 
  2101   000FC6                     SSPCON1         equ	4038	;# 
  2102   000FC7                     SSPSTAT         equ	4039	;# 
  2103   000FC8                     SSPADD          equ	4040	;# 
  2104   000FC9                     SSPBUF          equ	4041	;# 
  2105   000FCA                     T2CON           equ	4042	;# 
  2106   000FCB                     PR2             equ	4043	;# 
  2107   000FCB                     MEMCON          equ	4043	;# 
  2108   000FCC                     TMR2            equ	4044	;# 
  2109   000FCD                     T1CON           equ	4045	;# 
  2110   000FCE                     TMR1            equ	4046	;# 
  2111   000FCE                     TMR1L           equ	4046	;# 
  2112   000FCF                     TMR1H           equ	4047	;# 
  2113   000FD0                     RCON            equ	4048	;# 
  2114   000FD1                     WDTCON          equ	4049	;# 
  2115   000FD2                     HLVDCON         equ	4050	;# 
  2116   000FD2                     LVDCON          equ	4050	;# 
  2117   000FD3                     OSCCON          equ	4051	;# 
  2118   000FD5                     T0CON           equ	4053	;# 
  2119   000FD6                     TMR0            equ	4054	;# 
  2120   000FD6                     TMR0L           equ	4054	;# 
  2121   000FD7                     TMR0H           equ	4055	;# 
  2122   000FD8                     STATUS          equ	4056	;# 
  2123   000FD9                     FSR2            equ	4057	;# 
  2124   000FD9                     FSR2L           equ	4057	;# 
  2125   000FDA                     FSR2H           equ	4058	;# 
  2126   000FDB                     PLUSW2          equ	4059	;# 
  2127   000FDC                     PREINC2         equ	4060	;# 
  2128   000FDD                     POSTDEC2        equ	4061	;# 
  2129   000FDE                     POSTINC2        equ	4062	;# 
  2130   000FDF                     INDF2           equ	4063	;# 
  2131   000FE0                     BSR             equ	4064	;# 
  2132   000FE1                     FSR1            equ	4065	;# 
  2133   000FE1                     FSR1L           equ	4065	;# 
  2134   000FE2                     FSR1H           equ	4066	;# 
  2135   000FE3                     PLUSW1          equ	4067	;# 
  2136   000FE4                     PREINC1         equ	4068	;# 
  2137   000FE5                     POSTDEC1        equ	4069	;# 
  2138   000FE6                     POSTINC1        equ	4070	;# 
  2139   000FE7                     INDF1           equ	4071	;# 
  2140   000FE8                     WREG            equ	4072	;# 
  2141   000FE9                     FSR0            equ	4073	;# 
  2142   000FE9                     FSR0L           equ	4073	;# 
  2143   000FEA                     FSR0H           equ	4074	;# 
  2144   000FEB                     PLUSW0          equ	4075	;# 
  2145   000FEC                     PREINC0         equ	4076	;# 
  2146   000FED                     POSTDEC0        equ	4077	;# 
  2147   000FEE                     POSTINC0        equ	4078	;# 
  2148   000FEF                     INDF0           equ	4079	;# 
  2149   000FF0                     INTCON3         equ	4080	;# 
  2150   000FF1                     INTCON2         equ	4081	;# 
  2151   000FF2                     INTCON          equ	4082	;# 
  2152   000FF3                     PROD            equ	4083	;# 
  2153   000FF3                     PRODL           equ	4083	;# 
  2154   000FF4                     PRODH           equ	4084	;# 
  2155   000FF5                     TABLAT          equ	4085	;# 
  2156   000FF6                     TBLPTR          equ	4086	;# 
  2157   000FF6                     TBLPTRL         equ	4086	;# 
  2158   000FF7                     TBLPTRH         equ	4087	;# 
  2159   000FF8                     TBLPTRU         equ	4088	;# 
  2160   000FF9                     PCLAT           equ	4089	;# 
  2161   000FF9                     PC              equ	4089	;# 
  2162   000FF9                     PCL             equ	4089	;# 
  2163   000FFA                     PCLATH          equ	4090	;# 
  2164   000FFB                     PCLATU          equ	4091	;# 
  2165   000FFC                     STKPTR          equ	4092	;# 
  2166   000FFD                     TOS             equ	4093	;# 
  2167   000FFD                     TOSL            equ	4093	;# 
  2168   000FFE                     TOSH            equ	4094	;# 
  2169   000FFF                     TOSU            equ	4095	;# 
  2170   000D60                     RXF6SIDH        equ	3424	;# 
  2171   000D61                     RXF6SIDL        equ	3425	;# 
  2172   000D62                     RXF6EIDH        equ	3426	;# 
  2173   000D63                     RXF6EIDL        equ	3427	;# 
  2174   000D64                     RXF7SIDH        equ	3428	;# 
  2175   000D65                     RXF7SIDL        equ	3429	;# 
  2176   000D66                     RXF7EIDH        equ	3430	;# 
  2177   000D67                     RXF7EIDL        equ	3431	;# 
  2178   000D68                     RXF8SIDH        equ	3432	;# 
  2179   000D69                     RXF8SIDL        equ	3433	;# 
  2180   000D6A                     RXF8EIDH        equ	3434	;# 
  2181   000D6B                     RXF8EIDL        equ	3435	;# 
  2182   000D70                     RXF9SIDH        equ	3440	;# 
  2183   000D71                     RXF9SIDL        equ	3441	;# 
  2184   000D72                     RXF9EIDH        equ	3442	;# 
  2185   000D73                     RXF9EIDL        equ	3443	;# 
  2186   000D74                     RXF10SIDH       equ	3444	;# 
  2187   000D75                     RXF10SIDL       equ	3445	;# 
  2188   000D76                     RXF10EIDH       equ	3446	;# 
  2189   000D77                     RXF10EIDL       equ	3447	;# 
  2190   000D78                     RXF11SIDH       equ	3448	;# 
  2191   000D79                     RXF11SIDL       equ	3449	;# 
  2192   000D7A                     RXF11EIDH       equ	3450	;# 
  2193   000D7B                     RXF11EIDL       equ	3451	;# 
  2194   000D80                     RXF12SIDH       equ	3456	;# 
  2195   000D81                     RXF12SIDL       equ	3457	;# 
  2196   000D82                     RXF12EIDH       equ	3458	;# 
  2197   000D83                     RXF12EIDL       equ	3459	;# 
  2198   000D84                     RXF13SIDH       equ	3460	;# 
  2199   000D85                     RXF13SIDL       equ	3461	;# 
  2200   000D86                     RXF13EIDH       equ	3462	;# 
  2201   000D87                     RXF13EIDL       equ	3463	;# 
  2202   000D88                     RXF14SIDH       equ	3464	;# 
  2203   000D89                     RXF14SIDL       equ	3465	;# 
  2204   000D8A                     RXF14EIDH       equ	3466	;# 
  2205   000D8B                     RXF14EIDL       equ	3467	;# 
  2206   000D90                     RXF15SIDH       equ	3472	;# 
  2207   000D91                     RXF15SIDL       equ	3473	;# 
  2208   000D92                     RXF15EIDH       equ	3474	;# 
  2209   000D93                     RXF15EIDL       equ	3475	;# 
  2210   000DD4                     RXFCON0         equ	3540	;# 
  2211   000DD5                     RXFCON1         equ	3541	;# 
  2212   000DD8                     SDFLC           equ	3544	;# 
  2213   000DE0                     RXFBCON0        equ	3552	;# 
  2214   000DE1                     RXFBCON1        equ	3553	;# 
  2215   000DE2                     RXFBCON2        equ	3554	;# 
  2216   000DE3                     RXFBCON3        equ	3555	;# 
  2217   000DE4                     RXFBCON4        equ	3556	;# 
  2218   000DE5                     RXFBCON5        equ	3557	;# 
  2219   000DE6                     RXFBCON6        equ	3558	;# 
  2220   000DE7                     RXFBCON7        equ	3559	;# 
  2221   000DF0                     MSEL0           equ	3568	;# 
  2222   000DF1                     MSEL1           equ	3569	;# 
  2223   000DF2                     MSEL2           equ	3570	;# 
  2224   000DF3                     MSEL3           equ	3571	;# 
  2225   000DF8                     BSEL0           equ	3576	;# 
  2226   000DFA                     BIE0            equ	3578	;# 
  2227   000DFC                     TXBIE           equ	3580	;# 
  2228   000E20                     B0CON           equ	3616	;# 
  2229   000E21                     B0SIDH          equ	3617	;# 
  2230   000E22                     B0SIDL          equ	3618	;# 
  2231   000E23                     B0EIDH          equ	3619	;# 
  2232   000E24                     B0EIDL          equ	3620	;# 
  2233   000E25                     B0DLC           equ	3621	;# 
  2234   000E26                     B0D0            equ	3622	;# 
  2235   000E27                     B0D1            equ	3623	;# 
  2236   000E28                     B0D2            equ	3624	;# 
  2237   000E29                     B0D3            equ	3625	;# 
  2238   000E2A                     B0D4            equ	3626	;# 
  2239   000E2B                     B0D5            equ	3627	;# 
  2240   000E2C                     B0D6            equ	3628	;# 
  2241   000E2D                     B0D7            equ	3629	;# 
  2242   000E2E                     CANSTAT_RO9     equ	3630	;# 
  2243   000E2F                     CANCON_RO9      equ	3631	;# 
  2244   000E30                     B1CON           equ	3632	;# 
  2245   000E31                     B1SIDH          equ	3633	;# 
  2246   000E32                     B1SIDL          equ	3634	;# 
  2247   000E33                     B1EIDH          equ	3635	;# 
  2248   000E34                     B1EIDL          equ	3636	;# 
  2249   000E35                     B1DLC           equ	3637	;# 
  2250   000E36                     B1D0            equ	3638	;# 
  2251   000E37                     B1D1            equ	3639	;# 
  2252   000E38                     B1D2            equ	3640	;# 
  2253   000E39                     B1D3            equ	3641	;# 
  2254   000E3A                     B1D4            equ	3642	;# 
  2255   000E3B                     B1D5            equ	3643	;# 
  2256   000E3C                     B1D6            equ	3644	;# 
  2257   000E3D                     B1D7            equ	3645	;# 
  2258   000E3E                     CANSTAT_RO8     equ	3646	;# 
  2259   000E3F                     CANCON_RO8      equ	3647	;# 
  2260   000E40                     B2CON           equ	3648	;# 
  2261   000E41                     B2SIDH          equ	3649	;# 
  2262   000E42                     B2SIDL          equ	3650	;# 
  2263   000E43                     B2EIDH          equ	3651	;# 
  2264   000E44                     B2EIDL          equ	3652	;# 
  2265   000E45                     B2DLC           equ	3653	;# 
  2266   000E46                     B2D0            equ	3654	;# 
  2267   000E47                     B2D1            equ	3655	;# 
  2268   000E48                     B2D2            equ	3656	;# 
  2269   000E49                     B2D3            equ	3657	;# 
  2270   000E4A                     B2D4            equ	3658	;# 
  2271   000E4B                     B2D5            equ	3659	;# 
  2272   000E4C                     B2D6            equ	3660	;# 
  2273   000E4D                     B2D7            equ	3661	;# 
  2274   000E4E                     CANSTAT_RO7     equ	3662	;# 
  2275   000E4F                     CANCON_RO7      equ	3663	;# 
  2276   000E50                     B3CON           equ	3664	;# 
  2277   000E51                     B3SIDH          equ	3665	;# 
  2278   000E52                     B3SIDL          equ	3666	;# 
  2279   000E53                     B3EIDH          equ	3667	;# 
  2280   000E54                     B3EIDL          equ	3668	;# 
  2281   000E55                     B3DLC           equ	3669	;# 
  2282   000E56                     B3D0            equ	3670	;# 
  2283   000E57                     B3D1            equ	3671	;# 
  2284   000E58                     B3D2            equ	3672	;# 
  2285   000E59                     B3D3            equ	3673	;# 
  2286   000E5A                     B3D4            equ	3674	;# 
  2287   000E5B                     B3D5            equ	3675	;# 
  2288   000E5C                     B3D6            equ	3676	;# 
  2289   000E5D                     B3D7            equ	3677	;# 
  2290   000E5E                     CANSTAT_RO6     equ	3678	;# 
  2291   000E5F                     CANCON_RO6      equ	3679	;# 
  2292   000E60                     B4CON           equ	3680	;# 
  2293   000E61                     B4SIDH          equ	3681	;# 
  2294   000E62                     B4SIDL          equ	3682	;# 
  2295   000E63                     B4EIDH          equ	3683	;# 
  2296   000E64                     B4EIDL          equ	3684	;# 
  2297   000E65                     B4DLC           equ	3685	;# 
  2298   000E66                     B4D0            equ	3686	;# 
  2299   000E67                     B4D1            equ	3687	;# 
  2300   000E68                     B4D2            equ	3688	;# 
  2301   000E69                     B4D3            equ	3689	;# 
  2302   000E6A                     B4D4            equ	3690	;# 
  2303   000E6B                     B4D5            equ	3691	;# 
  2304   000E6C                     B4D6            equ	3692	;# 
  2305   000E6D                     B4D7            equ	3693	;# 
  2306   000E6E                     CANSTAT_RO5     equ	3694	;# 
  2307   000E6F                     CANCON_RO5      equ	3695	;# 
  2308   000E70                     B5CON           equ	3696	;# 
  2309   000E71                     B5SIDH          equ	3697	;# 
  2310   000E72                     B5SIDL          equ	3698	;# 
  2311   000E73                     B5EIDH          equ	3699	;# 
  2312   000E74                     B5EIDL          equ	3700	;# 
  2313   000E75                     B5DLC           equ	3701	;# 
  2314   000E76                     B5D0            equ	3702	;# 
  2315   000E77                     B5D1            equ	3703	;# 
  2316   000E78                     B5D2            equ	3704	;# 
  2317   000E79                     B5D3            equ	3705	;# 
  2318   000E7A                     B5D4            equ	3706	;# 
  2319   000E7B                     B5D5            equ	3707	;# 
  2320   000E7C                     B5D6            equ	3708	;# 
  2321   000E7D                     B5D7            equ	3709	;# 
  2322   000E7E                     CANSTAT_RO4     equ	3710	;# 
  2323   000E7F                     CANCON_RO4      equ	3711	;# 
  2324   000F00                     RXF0SIDH        equ	3840	;# 
  2325   000F01                     RXF0SIDL        equ	3841	;# 
  2326   000F02                     RXF0EIDH        equ	3842	;# 
  2327   000F03                     RXF0EIDL        equ	3843	;# 
  2328   000F04                     RXF1SIDH        equ	3844	;# 
  2329   000F05                     RXF1SIDL        equ	3845	;# 
  2330   000F06                     RXF1EIDH        equ	3846	;# 
  2331   000F07                     RXF1EIDL        equ	3847	;# 
  2332   000F08                     RXF2SIDH        equ	3848	;# 
  2333   000F09                     RXF2SIDL        equ	3849	;# 
  2334   000F0A                     RXF2EIDH        equ	3850	;# 
  2335   000F0B                     RXF2EIDL        equ	3851	;# 
  2336   000F0C                     RXF3SIDH        equ	3852	;# 
  2337   000F0D                     RXF3SIDL        equ	3853	;# 
  2338   000F0E                     RXF3EIDH        equ	3854	;# 
  2339   000F0F                     RXF3EIDL        equ	3855	;# 
  2340   000F10                     RXF4SIDH        equ	3856	;# 
  2341   000F11                     RXF4SIDL        equ	3857	;# 
  2342   000F12                     RXF4EIDH        equ	3858	;# 
  2343   000F13                     RXF4EIDL        equ	3859	;# 
  2344   000F14                     RXF5SIDH        equ	3860	;# 
  2345   000F15                     RXF5SIDL        equ	3861	;# 
  2346   000F16                     RXF5EIDH        equ	3862	;# 
  2347   000F17                     RXF5EIDL        equ	3863	;# 
  2348   000F18                     RXM0SIDH        equ	3864	;# 
  2349   000F19                     RXM0SIDL        equ	3865	;# 
  2350   000F1A                     RXM0EIDH        equ	3866	;# 
  2351   000F1B                     RXM0EIDL        equ	3867	;# 
  2352   000F1C                     RXM1SIDH        equ	3868	;# 
  2353   000F1D                     RXM1SIDL        equ	3869	;# 
  2354   000F1E                     RXM1EIDH        equ	3870	;# 
  2355   000F1F                     RXM1EIDL        equ	3871	;# 
  2356   000F20                     TXB2CON         equ	3872	;# 
  2357   000F21                     TXB2SIDH        equ	3873	;# 
  2358   000F22                     TXB2SIDL        equ	3874	;# 
  2359   000F23                     TXB2EIDH        equ	3875	;# 
  2360   000F24                     TXB2EIDL        equ	3876	;# 
  2361   000F25                     TXB2DLC         equ	3877	;# 
  2362   000F26                     TXB2D0          equ	3878	;# 
  2363   000F27                     TXB2D1          equ	3879	;# 
  2364   000F28                     TXB2D2          equ	3880	;# 
  2365   000F29                     TXB2D3          equ	3881	;# 
  2366   000F2A                     TXB2D4          equ	3882	;# 
  2367   000F2B                     TXB2D5          equ	3883	;# 
  2368   000F2C                     TXB2D6          equ	3884	;# 
  2369   000F2D                     TXB2D7          equ	3885	;# 
  2370   000F2E                     CANSTAT_RO3     equ	3886	;# 
  2371   000F2F                     CANCON_RO3      equ	3887	;# 
  2372   000F30                     TXB1CON         equ	3888	;# 
  2373   000F31                     TXB1SIDH        equ	3889	;# 
  2374   000F32                     TXB1SIDL        equ	3890	;# 
  2375   000F33                     TXB1EIDH        equ	3891	;# 
  2376   000F34                     TXB1EIDL        equ	3892	;# 
  2377   000F35                     TXB1DLC         equ	3893	;# 
  2378   000F36                     TXB1D0          equ	3894	;# 
  2379   000F37                     TXB1D1          equ	3895	;# 
  2380   000F38                     TXB1D2          equ	3896	;# 
  2381   000F39                     TXB1D3          equ	3897	;# 
  2382   000F3A                     TXB1D4          equ	3898	;# 
  2383   000F3B                     TXB1D5          equ	3899	;# 
  2384   000F3C                     TXB1D6          equ	3900	;# 
  2385   000F3D                     TXB1D7          equ	3901	;# 
  2386   000F3E                     CANSTAT_RO2     equ	3902	;# 
  2387   000F3F                     CANCON_RO2      equ	3903	;# 
  2388   000F40                     TXB0CON         equ	3904	;# 
  2389   000F41                     TXB0SIDH        equ	3905	;# 
  2390   000F42                     TXB0SIDL        equ	3906	;# 
  2391   000F43                     TXB0EIDH        equ	3907	;# 
  2392   000F44                     TXB0EIDL        equ	3908	;# 
  2393   000F45                     TXB0DLC         equ	3909	;# 
  2394   000F46                     TXB0D0          equ	3910	;# 
  2395   000F47                     TXB0D1          equ	3911	;# 
  2396   000F48                     TXB0D2          equ	3912	;# 
  2397   000F49                     TXB0D3          equ	3913	;# 
  2398   000F4A                     TXB0D4          equ	3914	;# 
  2399   000F4B                     TXB0D5          equ	3915	;# 
  2400   000F4C                     TXB0D6          equ	3916	;# 
  2401   000F4D                     TXB0D7          equ	3917	;# 
  2402   000F4E                     CANSTAT_RO1     equ	3918	;# 
  2403   000F4F                     CANCON_RO1      equ	3919	;# 
  2404   000F50                     RXB1CON         equ	3920	;# 
  2405   000F51                     RXB1SIDH        equ	3921	;# 
  2406   000F52                     RXB1SIDL        equ	3922	;# 
  2407   000F53                     RXB1EIDH        equ	3923	;# 
  2408   000F54                     RXB1EIDL        equ	3924	;# 
  2409   000F55                     RXB1DLC         equ	3925	;# 
  2410   000F56                     RXB1D0          equ	3926	;# 
  2411   000F57                     RXB1D1          equ	3927	;# 
  2412   000F58                     RXB1D2          equ	3928	;# 
  2413   000F59                     RXB1D3          equ	3929	;# 
  2414   000F5A                     RXB1D4          equ	3930	;# 
  2415   000F5B                     RXB1D5          equ	3931	;# 
  2416   000F5C                     RXB1D6          equ	3932	;# 
  2417   000F5D                     RXB1D7          equ	3933	;# 
  2418   000F5E                     CANSTAT_RO0     equ	3934	;# 
  2419   000F5F                     CANCON_RO0      equ	3935	;# 
  2420   000F60                     RXB0CON         equ	3936	;# 
  2421   000F61                     RXB0SIDH        equ	3937	;# 
  2422   000F62                     RXB0SIDL        equ	3938	;# 
  2423   000F63                     RXB0EIDH        equ	3939	;# 
  2424   000F64                     RXB0EIDL        equ	3940	;# 
  2425   000F65                     RXB0DLC         equ	3941	;# 
  2426   000F66                     RXB0D0          equ	3942	;# 
  2427   000F67                     RXB0D1          equ	3943	;# 
  2428   000F68                     RXB0D2          equ	3944	;# 
  2429   000F69                     RXB0D3          equ	3945	;# 
  2430   000F6A                     RXB0D4          equ	3946	;# 
  2431   000F6B                     RXB0D5          equ	3947	;# 
  2432   000F6C                     RXB0D6          equ	3948	;# 
  2433   000F6D                     RXB0D7          equ	3949	;# 
  2434   000F6E                     CANSTAT         equ	3950	;# 
  2435   000F6F                     CANCON          equ	3951	;# 
  2436   000F70                     BRGCON1         equ	3952	;# 
  2437   000F71                     BRGCON2         equ	3953	;# 
  2438   000F72                     BRGCON3         equ	3954	;# 
  2439   000F73                     CIOCON          equ	3955	;# 
  2440   000F74                     COMSTAT         equ	3956	;# 
  2441   000F75                     RXERRCNT        equ	3957	;# 
  2442   000F76                     TXERRCNT        equ	3958	;# 
  2443   000F77                     ECANCON         equ	3959	;# 
  2444   000F80                     PORTA           equ	3968	;# 
  2445   000F81                     PORTB           equ	3969	;# 
  2446   000F82                     PORTC           equ	3970	;# 
  2447   000F83                     PORTD           equ	3971	;# 
  2448   000F84                     PORTE           equ	3972	;# 
  2449   000F89                     LATA            equ	3977	;# 
  2450   000F8A                     LATB            equ	3978	;# 
  2451   000F8B                     LATC            equ	3979	;# 
  2452   000F8C                     LATD            equ	3980	;# 
  2453   000F8D                     LATE            equ	3981	;# 
  2454   000F92                     TRISA           equ	3986	;# 
  2455   000F92                     DDRA            equ	3986	;# 
  2456   000F93                     TRISB           equ	3987	;# 
  2457   000F93                     DDRB            equ	3987	;# 
  2458   000F94                     TRISC           equ	3988	;# 
  2459   000F94                     DDRC            equ	3988	;# 
  2460   000F95                     TRISD           equ	3989	;# 
  2461   000F95                     DDRD            equ	3989	;# 
  2462   000F96                     TRISE           equ	3990	;# 
  2463   000F96                     DDRE            equ	3990	;# 
  2464   000F9B                     OSCTUNE         equ	3995	;# 
  2465   000F9D                     PIE1            equ	3997	;# 
  2466   000F9E                     PIR1            equ	3998	;# 
  2467   000F9F                     IPR1            equ	3999	;# 
  2468   000FA0                     PIE2            equ	4000	;# 
  2469   000FA1                     PIR2            equ	4001	;# 
  2470   000FA2                     IPR2            equ	4002	;# 
  2471   000FA3                     PIE3            equ	4003	;# 
  2472   000FA4                     PIR3            equ	4004	;# 
  2473   000FA5                     IPR3            equ	4005	;# 
  2474   000FA6                     EECON1          equ	4006	;# 
  2475   000FA7                     EECON2          equ	4007	;# 
  2476   000FA8                     EEDATA          equ	4008	;# 
  2477   000FA9                     EEADR           equ	4009	;# 
  2478   000FAB                     RCSTA           equ	4011	;# 
  2479   000FAB                     RCSTA1          equ	4011	;# 
  2480   000FAC                     TXSTA           equ	4012	;# 
  2481   000FAC                     TXSTA1          equ	4012	;# 
  2482   000FAD                     TXREG           equ	4013	;# 
  2483   000FAD                     TXREG1          equ	4013	;# 
  2484   000FAE                     RCREG           equ	4014	;# 
  2485   000FAE                     RCREG1          equ	4014	;# 
  2486   000FAF                     SPBRG           equ	4015	;# 
  2487   000FAF                     SPBRG1          equ	4015	;# 
  2488   000FB0                     SPBRGH          equ	4016	;# 
  2489   000FB1                     T3CON           equ	4017	;# 
  2490   000FB2                     TMR3            equ	4018	;# 
  2491   000FB2                     TMR3L           equ	4018	;# 
  2492   000FB3                     TMR3H           equ	4019	;# 
  2493   000FB4                     CMCON           equ	4020	;# 
  2494   000FB5                     CVRCON          equ	4021	;# 
  2495   000FB6                     ECCP1AS         equ	4022	;# 
  2496   000FB7                     ECCP1DEL        equ	4023	;# 
  2497   000FB8                     BAUDCON         equ	4024	;# 
  2498   000FB8                     BAUDCTL         equ	4024	;# 
  2499   000FBA                     ECCP1CON        equ	4026	;# 
  2500   000FBB                     ECCPR1          equ	4027	;# 
  2501   000FBB                     ECCPR1L         equ	4027	;# 
  2502   000FBC                     ECCPR1H         equ	4028	;# 
  2503   000FBD                     CCP1CON         equ	4029	;# 
  2504   000FBE                     CCPR1           equ	4030	;# 
  2505   000FBE                     CCPR1L          equ	4030	;# 
  2506   000FBF                     CCPR1H          equ	4031	;# 
  2507   000FC0                     ADCON2          equ	4032	;# 
  2508   000FC1                     ADCON1          equ	4033	;# 
  2509   000FC2                     ADCON0          equ	4034	;# 
  2510   000FC3                     ADRES           equ	4035	;# 
  2511   000FC3                     ADRESL          equ	4035	;# 
  2512   000FC4                     ADRESH          equ	4036	;# 
  2513   000FC5                     SSPCON2         equ	4037	;# 
  2514   000FC6                     SSPCON1         equ	4038	;# 
  2515   000FC7                     SSPSTAT         equ	4039	;# 
  2516   000FC8                     SSPADD          equ	4040	;# 
  2517   000FC9                     SSPBUF          equ	4041	;# 
  2518   000FCA                     T2CON           equ	4042	;# 
  2519   000FCB                     PR2             equ	4043	;# 
  2520   000FCB                     MEMCON          equ	4043	;# 
  2521   000FCC                     TMR2            equ	4044	;# 
  2522   000FCD                     T1CON           equ	4045	;# 
  2523   000FCE                     TMR1            equ	4046	;# 
  2524   000FCE                     TMR1L           equ	4046	;# 
  2525   000FCF                     TMR1H           equ	4047	;# 
  2526   000FD0                     RCON            equ	4048	;# 
  2527   000FD1                     WDTCON          equ	4049	;# 
  2528   000FD2                     HLVDCON         equ	4050	;# 
  2529   000FD2                     LVDCON          equ	4050	;# 
  2530   000FD3                     OSCCON          equ	4051	;# 
  2531   000FD5                     T0CON           equ	4053	;# 
  2532   000FD6                     TMR0            equ	4054	;# 
  2533   000FD6                     TMR0L           equ	4054	;# 
  2534   000FD7                     TMR0H           equ	4055	;# 
  2535   000FD8                     STATUS          equ	4056	;# 
  2536   000FD9                     FSR2            equ	4057	;# 
  2537   000FD9                     FSR2L           equ	4057	;# 
  2538   000FDA                     FSR2H           equ	4058	;# 
  2539   000FDB                     PLUSW2          equ	4059	;# 
  2540   000FDC                     PREINC2         equ	4060	;# 
  2541   000FDD                     POSTDEC2        equ	4061	;# 
  2542   000FDE                     POSTINC2        equ	4062	;# 
  2543   000FDF                     INDF2           equ	4063	;# 
  2544   000FE0                     BSR             equ	4064	;# 
  2545   000FE1                     FSR1            equ	4065	;# 
  2546   000FE1                     FSR1L           equ	4065	;# 
  2547   000FE2                     FSR1H           equ	4066	;# 
  2548   000FE3                     PLUSW1          equ	4067	;# 
  2549   000FE4                     PREINC1         equ	4068	;# 
  2550   000FE5                     POSTDEC1        equ	4069	;# 
  2551   000FE6                     POSTINC1        equ	4070	;# 
  2552   000FE7                     INDF1           equ	4071	;# 
  2553   000FE8                     WREG            equ	4072	;# 
  2554   000FE9                     FSR0            equ	4073	;# 
  2555   000FE9                     FSR0L           equ	4073	;# 
  2556   000FEA                     FSR0H           equ	4074	;# 
  2557   000FEB                     PLUSW0          equ	4075	;# 
  2558   000FEC                     PREINC0         equ	4076	;# 
  2559   000FED                     POSTDEC0        equ	4077	;# 
  2560   000FEE                     POSTINC0        equ	4078	;# 
  2561   000FEF                     INDF0           equ	4079	;# 
  2562   000FF0                     INTCON3         equ	4080	;# 
  2563   000FF1                     INTCON2         equ	4081	;# 
  2564   000FF2                     INTCON          equ	4082	;# 
  2565   000FF3                     PROD            equ	4083	;# 
  2566   000FF3                     PRODL           equ	4083	;# 
  2567   000FF4                     PRODH           equ	4084	;# 
  2568   000FF5                     TABLAT          equ	4085	;# 
  2569   000FF6                     TBLPTR          equ	4086	;# 
  2570   000FF6                     TBLPTRL         equ	4086	;# 
  2571   000FF7                     TBLPTRH         equ	4087	;# 
  2572   000FF8                     TBLPTRU         equ	4088	;# 
  2573   000FF9                     PCLAT           equ	4089	;# 
  2574   000FF9                     PC              equ	4089	;# 
  2575   000FF9                     PCL             equ	4089	;# 
  2576   000FFA                     PCLATH          equ	4090	;# 
  2577   000FFB                     PCLATU          equ	4091	;# 
  2578   000FFC                     STKPTR          equ	4092	;# 
  2579   000FFD                     TOS             equ	4093	;# 
  2580   000FFD                     TOSL            equ	4093	;# 
  2581   000FFE                     TOSH            equ	4094	;# 
  2582   000FFF                     TOSU            equ	4095	;# 
  2583                           
  2584                           	psect	idataCOMRAM
  2585   000C20                     __pidataCOMRAM:
  2586                           	callstack 0
  2587                           
  2588                           ;initializer for get_gear_pos@gear
  2589   000C20  4E                 	db	78
  2590                           
  2591                           ;initializer for read_digital_keypad@once
  2592   000C21  01                 	db	1
  2593   000DD4                     _RXFCON0        set	3540
  2594   000F45                     _TXB0DLC        set	3909
  2595   000F44                     _TXB0EIDL       set	3908
  2596   000F43                     _TXB0EIDH       set	3907
  2597   000F41                     _TXB0SIDH       set	3905
  2598   000F42                     _TXB0SIDL       set	3906
  2599   000F46                     _TXB0D0         set	3910
  2600   007A03                     _TXB0REQ        set	31235
  2601   000FAE                     _RCREG          set	4014
  2602   000FAD                     _TXREG          set	4013
  2603   000FAF                     _SPBRG          set	4015
  2604   000F82                     _PORTC          set	3970
  2605   000F94                     _TRISC          set	3988
  2606   000F65                     _RXB0DLC        set	3941
  2607   000F61                     _RXB0SIDH       set	3937
  2608   000F62                     _RXB0SIDL       set	3938
  2609   000F60                     _RXB0CONbits    set	3936
  2610   000F60                     _RXB0CON        set	3936
  2611   000F72                     _BRGCON3        set	3954
  2612   000F71                     _BRGCON2        set	3953
  2613   000F70                     _BRGCON1        set	3952
  2614   000F77                     _ECANCON        set	3959
  2615   000F6E                     _CANSTAT        set	3950
  2616   000F6F                     _CANCON         set	3951
  2617   000FC2                     _ADCON0         set	4034
  2618   000FC3                     _ADRESL         set	4035
  2619   000FC4                     _ADRESH         set	4036
  2620   000F66                     _RXB0D0         set	3942
  2621   007CF5                     _RCIF           set	31989
  2622   007CF4                     _TXIF           set	31988
  2623   007DC3                     _BRG16          set	32195
  2624   007D5C                     _CREN           set	32092
  2625   007D5E                     _RX9            set	32094
  2626   007D5F                     _SPEN           set	32095
  2627   007D62                     _BRGH           set	32098
  2628   007D63                     _SENDB          set	32099
  2629   007D64                     _SYNC           set	32100
  2630   007D65                     _TXEN           set	32101
  2631   007D66                     _TX9            set	32102
  2632   007CA6                     _TRISC6         set	31910
  2633   007CA7                     _TRISC7         set	31911
  2634   007D20                     _RXB0IF         set	32032
  2635   007B07                     _RXB0FUL        set	31495
  2636   007C9B                     _TRISB3         set	31899
  2637   007C9A                     _TRISB2         set	31898
  2638   007E11                     _GO             set	32273
  2639   007E10                     _ADON           set	32272
  2640   007E0C                     _VCFG0          set	32268
  2641   007E0D                     _VCFG1          set	32269
  2642   007E11                     _GODONE         set	32273
  2643   007E02                     _ADCS2          set	32258
  2644   007E01                     _ADCS1          set	32257
  2645   007E00                     _ADCS0          set	32256
  2646   007E03                     _ACQT0          set	32259
  2647   007E04                     _ACQT1          set	32260
  2648   007E05                     _ACQT2          set	32261
  2649   007E07                     _ADFM           set	32263
  2650                           
  2651                           ; #config settings
  2652                           
  2653                           	psect	cinit
  2654   000BD0                     __pcinit:
  2655                           	callstack 0
  2656   000BD0                     start_initialization:
  2657                           	callstack 0
  2658   000BD0                     __initialization:
  2659                           	callstack 0
  2660                           
  2661                           ; Initialize objects allocated to COMRAM (2 bytes)
  2662                           ; load TBLPTR registers with __pidataCOMRAM
  2663   000BD0  0E20               	movlw	low __pidataCOMRAM
  2664   000BD2  6EF6               	movwf	tblptrl,c
  2665   000BD4  0E0C               	movlw	high __pidataCOMRAM
  2666   000BD6  6EF7               	movwf	tblptrh,c
  2667   000BD8  0E00               	movlw	low (__pidataCOMRAM shr (0+16))
  2668   000BDA  6EF8               	movwf	tblptru,c
  2669   000BDC  0009               	tblrd		*+	;fetch initializer
  2670   000BDE  CFF5 F022          	movff	tablat,__pdataCOMRAM
  2671   000BE2  0009               	tblrd		*+	;fetch initializer
  2672   000BE4  CFF5 F023          	movff	tablat,__pdataCOMRAM+1
  2673   000BE8                     end_of_initialization:
  2674                           	callstack 0
  2675   000BE8                     __end_of__initialization:
  2676                           	callstack 0
  2677   000BE8  0100               	movlb	0
  2678   000BEA  EFDC  F003         	goto	_main	;jump to C main() function
  2679                           
  2680                           	psect	dataCOMRAM
  2681   000022                     __pdataCOMRAM:
  2682                           	callstack 0
  2683   000022                     get_gear_pos@gear:
  2684                           	callstack 0
  2685   000022                     	ds	1
  2686   000023                     read_digital_keypad@once:
  2687                           	callstack 0
  2688   000023                     	ds	1
  2689                           
  2690                           	psect	cstackCOMRAM
  2691   000001                     __pcstackCOMRAM:
  2692                           	callstack 0
  2693   000001                     ?___awdiv:
  2694                           	callstack 0
  2695   000001                     ?___lwdiv:
  2696                           	callstack 0
  2697   000001                     ?_read_adc:
  2698                           	callstack 0
  2699   000001                     read_digital_keypad@detection_type:
  2700                           	callstack 0
  2701   000001                     set_msg_id_std@id:
  2702                           	callstack 0
  2703   000001                     ___awdiv@dividend:
  2704                           	callstack 0
  2705   000001                     ___lwdiv@dividend:
  2706                           	callstack 0
  2707   000001                     
  2708                           ; 1 bytes @ 0x0
  2709   000001                     	ds	1
  2710   000002                     get_gear_pos@key:
  2711                           	callstack 0
  2712   000002                     
  2713                           ; 1 bytes @ 0x1
  2714   000002                     	ds	1
  2715   000003                     ___awdiv@divisor:
  2716                           	callstack 0
  2717   000003                     ___lwdiv@divisor:
  2718                           	callstack 0
  2719   000003                     ??_read_adc:
  2720   000003                     ??_set_msg_id_std:
  2721                           
  2722                           ; 1 bytes @ 0x2
  2723   000003                     	ds	2
  2724   000005                     ___awdiv@counter:
  2725                           	callstack 0
  2726   000005                     read_adc@reg_val:
  2727                           	callstack 0
  2728   000005                     can_transmit@msg_id:
  2729                           	callstack 0
  2730   000005                     ___lwdiv@quotient:
  2731                           	callstack 0
  2732   000005                     
  2733                           ; 1 bytes @ 0x4
  2734   000005                     	ds	1
  2735   000006                     ___awdiv@sign:
  2736                           	callstack 0
  2737                           
  2738                           ; 1 bytes @ 0x5
  2739   000006                     	ds	1
  2740   000007                     read_adc@channel:
  2741                           	callstack 0
  2742   000007                     can_transmit@data:
  2743                           	callstack 0
  2744   000007                     ___lwdiv@counter:
  2745                           	callstack 0
  2746   000007                     ___awdiv@quotient:
  2747                           	callstack 0
  2748                           
  2749                           ; 2 bytes @ 0x6
  2750   000007                     	ds	1
  2751   000008                     ?___lwmod:
  2752                           	callstack 0
  2753   000008                     can_transmit@len:
  2754                           	callstack 0
  2755   000008                     ___lwmod@dividend:
  2756                           	callstack 0
  2757                           
  2758                           ; 2 bytes @ 0x7
  2759   000008                     	ds	1
  2760   000009                     ?_get_speed:
  2761                           	callstack 0
  2762   000009                     ??_can_transmit:
  2763                           
  2764                           ; 1 bytes @ 0x8
  2765   000009                     	ds	1
  2766   00000A                     ___lwmod@divisor:
  2767                           	callstack 0
  2768                           
  2769                           ; 2 bytes @ 0x9
  2770   00000A                     	ds	1
  2771   00000B                     ??_get_speed:
  2772                           
  2773                           ; 1 bytes @ 0xA
  2774   00000B                     	ds	1
  2775   00000C                     ___lwmod@counter:
  2776                           	callstack 0
  2777   00000C                     can_transmit@ptr:
  2778                           	callstack 0
  2779   00000C                     
  2780                           ; 1 bytes @ 0xB
  2781   00000C                     	ds	1
  2782   00000D                     my_itoa@speed:
  2783                           	callstack 0
  2784   00000D                     get_speed@value:
  2785                           	callstack 0
  2786                           
  2787                           ; 2 bytes @ 0xC
  2788   00000D                     	ds	1
  2789   00000E                     can_transmit@i:
  2790                           	callstack 0
  2791                           
  2792                           ; 2 bytes @ 0xD
  2793   00000E                     	ds	1
  2794   00000F                     my_itoa@str_speed:
  2795                           	callstack 0
  2796   00000F                     get_speed@speed:
  2797                           	callstack 0
  2798                           
  2799                           ; 4 bytes @ 0xE
  2800   00000F                     	ds	1
  2801   000010                     
  2802                           ; 1 bytes @ 0xF
  2803   000010                     	ds	3
  2804   000013                     main@str_speed:
  2805                           	callstack 0
  2806   000013                     
  2807                           ; 1 bytes @ 0x12
  2808   000013                     	ds	4
  2809   000017                     main@Gear:
  2810                           	callstack 0
  2811                           
  2812                           ; 4 bytes @ 0x16
  2813   000017                     	ds	4
  2814   00001B                     main@speed:
  2815                           	callstack 0
  2816                           
  2817                           ; 2 bytes @ 0x1A
  2818   00001B                     	ds	2
  2819   00001D                     main@gear:
  2820                           	callstack 0
  2821                           
  2822                           ; 1 bytes @ 0x1C
  2823   00001D                     	ds	1
  2824   00001E                     main@i:
  2825                           	callstack 0
  2826                           
  2827                           ; 2 bytes @ 0x1D
  2828   00001E                     	ds	2
  2829   000020                     main@i_229:
  2830                           	callstack 0
  2831                           
  2832                           ; 2 bytes @ 0x1F
  2833   000020                     	ds	2
  2834                           
  2835 ;;
  2836 ;;Main: autosize = 0, tempsize = 0, incstack = 0, save=0
  2837 ;;
  2838 ;; *************** function _main *****************
  2839 ;; Defined at:
  2840 ;;		line 28 in file "ecu1_main.c"
  2841 ;; Parameters:    Size  Location     Type
  2842 ;;		None
  2843 ;; Auto vars:     Size  Location     Type
  2844 ;;  i               2   31[COMRAM] int 
  2845 ;;  i               2   29[COMRAM] int 
  2846 ;;  Gear            4   22[COMRAM] unsigned char [4]
  2847 ;;  str_speed       4   18[COMRAM] unsigned char [4]
  2848 ;;  speed           2   26[COMRAM] unsigned short 
  2849 ;;  gear            1   28[COMRAM] unsigned char 
  2850 ;; Return value:  Size  Location     Type
  2851 ;;                  2  153[None  ] int 
  2852 ;; Registers used:
  2853 ;;		wreg, fsr1l, fsr1h, fsr2l, fsr2h, status,2, status,0, prodl, prodh, cstack
  2854 ;; Tracked objects:
  2855 ;;		On entry : 0/0
  2856 ;;		On exit  : 0/0
  2857 ;;		Unchanged: 0/0
  2858 ;; Data sizes:     COMRAM   BANK0   BANK1   BANK2   BANK3   BANK4   BANK5
  2859 ;;      Params:         0       0       0       0       0       0       0
  2860 ;;      Locals:        15       0       0       0       0       0       0
  2861 ;;      Temps:          0       0       0       0       0       0       0
  2862 ;;      Totals:        15       0       0       0       0       0       0
  2863 ;;Total ram usage:       15 bytes
  2864 ;; Hardware stack levels required when called: 2
  2865 ;; This function calls:
  2866 ;;		_can_transmit
  2867 ;;		_get_gear_pos
  2868 ;;		_get_speed
  2869 ;;		_init_config
  2870 ;;		_my_itoa
  2871 ;; This function is called by:
  2872 ;;		Startup code after reset
  2873 ;; This function uses a non-reentrant model
  2874 ;;
  2875                           
  2876                           	psect	text0
  2877   0007B8                     __ptext0:
  2878                           	callstack 0
  2879   0007B8                     _main:
  2880                           	callstack 29
  2881   0007B8                     
  2882                           ;ecu1_main.c: 32:     init_config();
  2883   0007B8  EC05  F006         	call	_init_config	;wreg free
  2884   0007BC                     l1512:
  2885                           
  2886                           ;ecu1_main.c: 36:     {;ecu1_main.c: 37:         speed=get_speed();
  2887   0007BC  EC71  F004         	call	_get_speed	;wreg free
  2888   0007C0  C009  F01B         	movff	?_get_speed,main@speed
  2889   0007C4  C00A  F01C         	movff	?_get_speed+1,main@speed+1
  2890   0007C8                     
  2891                           ;ecu1_main.c: 38:         gear=get_gear_pos();
  2892   0007C8  EC01  F003         	call	_get_gear_pos	;wreg free
  2893   0007CC  6E1D               	movwf	main@gear^0,c
  2894   0007CE                     
  2895                           ;ecu1_main.c: 40:         char str_speed[4];;ecu1_main.c: 41:         my_itoa(speed,str_
      +                          speed);
  2896   0007CE  C01B  F00D         	movff	main@speed,my_itoa@speed
  2897   0007D2  C01C  F00E         	movff	main@speed+1,my_itoa@speed+1
  2898   0007D6  0E13               	movlw	low main@str_speed
  2899   0007D8  6E0F               	movwf	my_itoa@str_speed^0,c
  2900   0007DA  EC30  F004         	call	_my_itoa	;wreg free
  2901   0007DE                     
  2902                           ;ecu1_main.c: 48:         can_transmit(0x10,str_speed,4);
  2903   0007DE  6A06               	clrf	(can_transmit@msg_id+1)^0,c
  2904   0007E0  0E10               	movlw	16
  2905   0007E2  6E05               	movwf	can_transmit@msg_id^0,c
  2906   0007E4  0E13               	movlw	low main@str_speed
  2907   0007E6  6E07               	movwf	can_transmit@data^0,c
  2908   0007E8  0E04               	movlw	4
  2909   0007EA  6E08               	movwf	can_transmit@len^0,c
  2910   0007EC  EC20  F005         	call	_can_transmit	;wreg free
  2911   0007F0                     
  2912                           ;ecu1_main.c: 49:         for(int i=0;i<1000;i++);
  2913   0007F0  6A1F               	clrf	(main@i+1)^0,c
  2914   0007F2  0E00               	movlw	0
  2915   0007F4  6E1E               	movwf	main@i^0,c
  2916   0007F6                     l1526:
  2917   0007F6  4A1E               	infsnz	main@i^0,f,c
  2918   0007F8  2A1F               	incf	(main@i+1)^0,f,c
  2919   0007FA  BE1F               	btfsc	(main@i+1)^0,7,c
  2920   0007FC  EF09  F004         	goto	u561
  2921   000800  0EE8               	movlw	232
  2922   000802  5C1E               	subwf	main@i^0,w,c
  2923   000804  0E03               	movlw	3
  2924   000806  581F               	subwfb	(main@i+1)^0,w,c
  2925   000808  A0D8               	btfss	status,0,c
  2926   00080A  EF09  F004         	goto	u561
  2927   00080E  EF0B  F004         	goto	u560
  2928   000812                     u561:
  2929   000812  EFFB  F003         	goto	l1526
  2930   000816                     u560:
  2931   000816                     
  2932                           ;ecu1_main.c: 51:         char Gear[4];;ecu1_main.c: 52:         Gear[0]='G';
  2933   000816  0E47               	movlw	71
  2934   000818  6E17               	movwf	main@Gear^0,c
  2935   00081A                     
  2936                           ;ecu1_main.c: 53:         Gear[1]=gear;
  2937   00081A  C01D  F018         	movff	main@gear,main@Gear+1
  2938   00081E                     
  2939                           ;ecu1_main.c: 54:         Gear[2]='\0';
  2940   00081E  6A19               	clrf	(main@Gear+2)^0,c
  2941   000820                     
  2942                           ;ecu1_main.c: 56:         can_transmit(0x20,Gear,3);
  2943   000820  6A06               	clrf	(can_transmit@msg_id+1)^0,c
  2944   000822  0E20               	movlw	32
  2945   000824  6E05               	movwf	can_transmit@msg_id^0,c
  2946   000826  0E17               	movlw	low main@Gear
  2947   000828  6E07               	movwf	can_transmit@data^0,c
  2948   00082A  0E03               	movlw	3
  2949   00082C  6E08               	movwf	can_transmit@len^0,c
  2950   00082E  EC20  F005         	call	_can_transmit	;wreg free
  2951   000832                     
  2952                           ;ecu1_main.c: 57:         for(int i=0;i<1000;i++);
  2953   000832  6A21               	clrf	(main@i_229+1)^0,c
  2954   000834  0E00               	movlw	0
  2955   000836  6E20               	movwf	main@i_229^0,c
  2956   000838                     l1544:
  2957   000838  4A20               	infsnz	main@i_229^0,f,c
  2958   00083A  2A21               	incf	(main@i_229+1)^0,f,c
  2959   00083C  BE21               	btfsc	(main@i_229+1)^0,7,c
  2960   00083E  EF2A  F004         	goto	u571
  2961   000842  0EE8               	movlw	232
  2962   000844  5C20               	subwf	main@i_229^0,w,c
  2963   000846  0E03               	movlw	3
  2964   000848  5821               	subwfb	(main@i_229+1)^0,w,c
  2965   00084A  A0D8               	btfss	status,0,c
  2966   00084C  EF2A  F004         	goto	u571
  2967   000850  EF2C  F004         	goto	u570
  2968   000854                     u571:
  2969   000854  EF1C  F004         	goto	l1544
  2970   000858                     u570:
  2971   000858  EFDE  F003         	goto	l1512
  2972   00085C  EFFE  F017         	goto	start
  2973   000860                     __end_of_main:
  2974                           	callstack 0
  2975                           
  2976 ;; *************** function _my_itoa *****************
  2977 ;; Defined at:
  2978 ;;		line 14 in file "ecu1_main.c"
  2979 ;; Parameters:    Size  Location     Type
  2980 ;;  speed           2   12[COMRAM] unsigned int 
  2981 ;;  str_speed       1   14[COMRAM] PTR unsigned char 
  2982 ;;		 -> main@str_speed(4), 
  2983 ;; Auto vars:     Size  Location     Type
  2984 ;;		None
  2985 ;; Return value:  Size  Location     Type
  2986 ;;                  1    wreg      void 
  2987 ;; Registers used:
  2988 ;;		wreg, fsr2l, fsr2h, status,2, status,0, cstack
  2989 ;; Tracked objects:
  2990 ;;		On entry : 0/0
  2991 ;;		On exit  : 0/0
  2992 ;;		Unchanged: 0/0
  2993 ;; Data sizes:     COMRAM   BANK0   BANK1   BANK2   BANK3   BANK4   BANK5
  2994 ;;      Params:         3       0       0       0       0       0       0
  2995 ;;      Locals:         0       0       0       0       0       0       0
  2996 ;;      Temps:          0       0       0       0       0       0       0
  2997 ;;      Totals:         3       0       0       0       0       0       0
  2998 ;;Total ram usage:        3 bytes
  2999 ;; Hardware stack levels used: 1
  3000 ;; Hardware stack levels required when called: 1
  3001 ;; This function calls:
  3002 ;;		___lwdiv
  3003 ;;		___lwmod
  3004 ;; This function is called by:
  3005 ;;		_main
  3006 ;; This function uses a non-reentrant model
  3007 ;;
  3008                           
  3009                           	psect	text1
  3010   000860                     __ptext1:
  3011                           	callstack 0
  3012   000860                     _my_itoa:
  3013                           	callstack 29
  3014   000860                     
  3015                           ;ecu1_main.c: 14: void my_itoa(unsigned int speed,char str_speed[]);ecu1_main.c: 15: {;e
      +                          cu1_main.c: 16:     str_speed[0]=(speed/100)+'0';
  3016   000860  500F               	movf	my_itoa@str_speed^0,w,c
  3017   000862  6ED9               	movwf	fsr2l,c
  3018   000864  6ADA               	clrf	fsr2h,c
  3019   000866  C00D  F001         	movff	my_itoa@speed,___lwdiv@dividend
  3020   00086A  C00E  F002         	movff	my_itoa@speed+1,___lwdiv@dividend+1
  3021   00086E  6A04               	clrf	(___lwdiv@divisor+1)^0,c
  3022   000870  0E64               	movlw	100
  3023   000872  6E03               	movwf	___lwdiv@divisor^0,c
  3024   000874  ECE7  F004         	call	___lwdiv	;wreg free
  3025   000878  5001               	movf	?___lwdiv^0,w,c
  3026   00087A  0F30               	addlw	48
  3027   00087C  6EDF               	movwf	indf2,c
  3028                           
  3029                           ;ecu1_main.c: 17:     str_speed[1]=((speed/10)%10)+'0';
  3030   00087E  500F               	movf	my_itoa@str_speed^0,w,c
  3031   000880  6ED9               	movwf	fsr2l,c
  3032   000882  6ADA               	clrf	fsr2h,c
  3033   000884  0E01               	movlw	1
  3034   000886  26D9               	addwf	fsr2l,f,c
  3035   000888  6A04               	clrf	(___lwdiv@divisor+1)^0,c
  3036   00088A  0E0A               	movlw	10
  3037   00088C  6E03               	movwf	___lwdiv@divisor^0,c
  3038   00088E  C00D  F001         	movff	my_itoa@speed,___lwdiv@dividend
  3039   000892  C00E  F002         	movff	my_itoa@speed+1,___lwdiv@dividend+1
  3040   000896  ECE7  F004         	call	___lwdiv	;wreg free
  3041   00089A  C001  F008         	movff	?___lwdiv,___lwmod@dividend
  3042   00089E  C002  F009         	movff	?___lwdiv+1,___lwmod@dividend+1
  3043   0008A2  6A0B               	clrf	(___lwmod@divisor+1)^0,c
  3044   0008A4  0E0A               	movlw	10
  3045   0008A6  6E0A               	movwf	___lwmod@divisor^0,c
  3046   0008A8  EC57  F005         	call	___lwmod	;wreg free
  3047   0008AC  5008               	movf	?___lwmod^0,w,c
  3048   0008AE  0F30               	addlw	48
  3049   0008B0  6EDF               	movwf	indf2,c
  3050                           
  3051                           ;ecu1_main.c: 18:     str_speed[2]=(speed%10)+'0';
  3052   0008B2  500F               	movf	my_itoa@str_speed^0,w,c
  3053   0008B4  6ED9               	movwf	fsr2l,c
  3054   0008B6  6ADA               	clrf	fsr2h,c
  3055   0008B8  0E02               	movlw	2
  3056   0008BA  26D9               	addwf	fsr2l,f,c
  3057   0008BC  C00D  F008         	movff	my_itoa@speed,___lwmod@dividend
  3058   0008C0  C00E  F009         	movff	my_itoa@speed+1,___lwmod@dividend+1
  3059   0008C4  6A0B               	clrf	(___lwmod@divisor+1)^0,c
  3060   0008C6  0E0A               	movlw	10
  3061   0008C8  6E0A               	movwf	___lwmod@divisor^0,c
  3062   0008CA  EC57  F005         	call	___lwmod	;wreg free
  3063   0008CE  5008               	movf	?___lwmod^0,w,c
  3064   0008D0  0F30               	addlw	48
  3065   0008D2  6EDF               	movwf	indf2,c
  3066   0008D4                     
  3067                           ;ecu1_main.c: 19:     str_speed[3]='\0';
  3068   0008D4  500F               	movf	my_itoa@str_speed^0,w,c
  3069   0008D6  6ED9               	movwf	fsr2l,c
  3070   0008D8  6ADA               	clrf	fsr2h,c
  3071   0008DA  0E03               	movlw	3
  3072   0008DC  26D9               	addwf	fsr2l,f,c
  3073   0008DE  6ADF               	clrf	indf2,c
  3074   0008E0  0012               	return		;funcret
  3075   0008E2                     __end_of_my_itoa:
  3076                           	callstack 0
  3077                           
  3078 ;; *************** function ___lwmod *****************
  3079 ;; Defined at:
  3080 ;;		line 7 in file "C:\Program Files\Microchip\xc8\v3.10\pic\sources\c99\common\lwmod.c"
  3081 ;; Parameters:    Size  Location     Type
  3082 ;;  dividend        2    7[COMRAM] unsigned int 
  3083 ;;  divisor         2    9[COMRAM] unsigned int 
  3084 ;; Auto vars:     Size  Location     Type
  3085 ;;  counter         1   11[COMRAM] unsigned char 
  3086 ;; Return value:  Size  Location     Type
  3087 ;;                  2    7[COMRAM] unsigned int 
  3088 ;; Registers used:
  3089 ;;		wreg, status,2, status,0
  3090 ;; Tracked objects:
  3091 ;;		On entry : 0/0
  3092 ;;		On exit  : 0/0
  3093 ;;		Unchanged: 0/0
  3094 ;; Data sizes:     COMRAM   BANK0   BANK1   BANK2   BANK3   BANK4   BANK5
  3095 ;;      Params:         4       0       0       0       0       0       0
  3096 ;;      Locals:         1       0       0       0       0       0       0
  3097 ;;      Temps:          0       0       0       0       0       0       0
  3098 ;;      Totals:         5       0       0       0       0       0       0
  3099 ;;Total ram usage:        5 bytes
  3100 ;; Hardware stack levels used: 1
  3101 ;; This function calls:
  3102 ;;		Nothing
  3103 ;; This function is called by:
  3104 ;;		_my_itoa
  3105 ;; This function uses a non-reentrant model
  3106 ;;
  3107                           
  3108                           	psect	text2
  3109   000AAE                     __ptext2:
  3110                           	callstack 0
  3111   000AAE                     ___lwmod:
  3112                           	callstack 29
  3113   000AAE  500A               	movf	___lwmod@divisor^0,w,c
  3114   000AB0  100B               	iorwf	(___lwmod@divisor+1)^0,w,c
  3115   000AB2  B4D8               	btfsc	status,2,c
  3116   000AB4  EF5E  F005         	goto	u511
  3117   000AB8  EF60  F005         	goto	u510
  3118   000ABC                     u511:
  3119   000ABC  EF84  F005         	goto	l862
  3120   000AC0                     u510:
  3121   000AC0  0E01               	movlw	1
  3122   000AC2  6E0C               	movwf	___lwmod@counter^0,c
  3123   000AC4  EF68  F005         	goto	l1462
  3124   000AC8                     l1460:
  3125   000AC8  90D8               	bcf	status,0,c
  3126   000ACA  360A               	rlcf	___lwmod@divisor^0,f,c
  3127   000ACC  360B               	rlcf	(___lwmod@divisor+1)^0,f,c
  3128   000ACE  2A0C               	incf	___lwmod@counter^0,f,c
  3129   000AD0                     l1462:
  3130   000AD0  AE0B               	btfss	(___lwmod@divisor+1)^0,7,c
  3131   000AD2  EF6D  F005         	goto	u521
  3132   000AD6  EF6F  F005         	goto	u520
  3133   000ADA                     u521:
  3134   000ADA  EF64  F005         	goto	l1460
  3135   000ADE                     u520:
  3136   000ADE                     l1464:
  3137   000ADE  500A               	movf	___lwmod@divisor^0,w,c
  3138   000AE0  5C08               	subwf	___lwmod@dividend^0,w,c
  3139   000AE2  500B               	movf	(___lwmod@divisor+1)^0,w,c
  3140   000AE4  5809               	subwfb	(___lwmod@dividend+1)^0,w,c
  3141   000AE6  A0D8               	btfss	status,0,c
  3142   000AE8  EF78  F005         	goto	u531
  3143   000AEC  EF7A  F005         	goto	u530
  3144   000AF0                     u531:
  3145   000AF0  EF7E  F005         	goto	l1468
  3146   000AF4                     u530:
  3147   000AF4  500A               	movf	___lwmod@divisor^0,w,c
  3148   000AF6  5E08               	subwf	___lwmod@dividend^0,f,c
  3149   000AF8  500B               	movf	(___lwmod@divisor+1)^0,w,c
  3150   000AFA  5A09               	subwfb	(___lwmod@dividend+1)^0,f,c
  3151   000AFC                     l1468:
  3152   000AFC  90D8               	bcf	status,0,c
  3153   000AFE  320B               	rrcf	(___lwmod@divisor+1)^0,f,c
  3154   000B00  320A               	rrcf	___lwmod@divisor^0,f,c
  3155   000B02  2E0C               	decfsz	___lwmod@counter^0,f,c
  3156   000B04  EF6F  F005         	goto	l1464
  3157   000B08                     l862:
  3158   000B08  C008  F008         	movff	___lwmod@dividend,?___lwmod
  3159   000B0C  C009  F009         	movff	___lwmod@dividend+1,?___lwmod+1
  3160   000B10  0012               	return		;funcret
  3161   000B12                     __end_of___lwmod:
  3162                           	callstack 0
  3163                           
  3164 ;; *************** function ___lwdiv *****************
  3165 ;; Defined at:
  3166 ;;		line 7 in file "C:\Program Files\Microchip\xc8\v3.10\pic\sources\c99\common\lwdiv.c"
  3167 ;; Parameters:    Size  Location     Type
  3168 ;;  dividend        2    0[COMRAM] unsigned int 
  3169 ;;  divisor         2    2[COMRAM] unsigned int 
  3170 ;; Auto vars:     Size  Location     Type
  3171 ;;  quotient        2    4[COMRAM] unsigned int 
  3172 ;;  counter         1    6[COMRAM] unsigned char 
  3173 ;; Return value:  Size  Location     Type
  3174 ;;                  2    0[COMRAM] unsigned int 
  3175 ;; Registers used:
  3176 ;;		wreg, status,2, status,0
  3177 ;; Tracked objects:
  3178 ;;		On entry : 0/0
  3179 ;;		On exit  : 0/0
  3180 ;;		Unchanged: 0/0
  3181 ;; Data sizes:     COMRAM   BANK0   BANK1   BANK2   BANK3   BANK4   BANK5
  3182 ;;      Params:         4       0       0       0       0       0       0
  3183 ;;      Locals:         3       0       0       0       0       0       0
  3184 ;;      Temps:          0       0       0       0       0       0       0
  3185 ;;      Totals:         7       0       0       0       0       0       0
  3186 ;;Total ram usage:        7 bytes
  3187 ;; Hardware stack levels used: 1
  3188 ;; This function calls:
  3189 ;;		Nothing
  3190 ;; This function is called by:
  3191 ;;		_my_itoa
  3192 ;; This function uses a non-reentrant model
  3193 ;;
  3194                           
  3195                           	psect	text3
  3196   0009CE                     __ptext3:
  3197                           	callstack 0
  3198   0009CE                     ___lwdiv:
  3199                           	callstack 29
  3200   0009CE  6A06               	clrf	(___lwdiv@quotient+1)^0,c
  3201   0009D0  0E00               	movlw	0
  3202   0009D2  6E05               	movwf	___lwdiv@quotient^0,c
  3203   0009D4  5003               	movf	___lwdiv@divisor^0,w,c
  3204   0009D6  1004               	iorwf	(___lwdiv@divisor+1)^0,w,c
  3205   0009D8  B4D8               	btfsc	status,2,c
  3206   0009DA  EFF1  F004         	goto	u481
  3207   0009DE  EFF3  F004         	goto	u480
  3208   0009E2                     u481:
  3209   0009E2  EF1B  F005         	goto	l852
  3210   0009E6                     u480:
  3211   0009E6  0E01               	movlw	1
  3212   0009E8  6E07               	movwf	___lwdiv@counter^0,c
  3213   0009EA  EFFB  F004         	goto	l1442
  3214   0009EE                     l1440:
  3215   0009EE  90D8               	bcf	status,0,c
  3216   0009F0  3603               	rlcf	___lwdiv@divisor^0,f,c
  3217   0009F2  3604               	rlcf	(___lwdiv@divisor+1)^0,f,c
  3218   0009F4  2A07               	incf	___lwdiv@counter^0,f,c
  3219   0009F6                     l1442:
  3220   0009F6  AE04               	btfss	(___lwdiv@divisor+1)^0,7,c
  3221   0009F8  EF00  F005         	goto	u491
  3222   0009FC  EF02  F005         	goto	u490
  3223   000A00                     u491:
  3224   000A00  EFF7  F004         	goto	l1440
  3225   000A04                     u490:
  3226   000A04                     l1444:
  3227   000A04  90D8               	bcf	status,0,c
  3228   000A06  3605               	rlcf	___lwdiv@quotient^0,f,c
  3229   000A08  3606               	rlcf	(___lwdiv@quotient+1)^0,f,c
  3230   000A0A  5003               	movf	___lwdiv@divisor^0,w,c
  3231   000A0C  5C01               	subwf	___lwdiv@dividend^0,w,c
  3232   000A0E  5004               	movf	(___lwdiv@divisor+1)^0,w,c
  3233   000A10  5802               	subwfb	(___lwdiv@dividend+1)^0,w,c
  3234   000A12  A0D8               	btfss	status,0,c
  3235   000A14  EF0E  F005         	goto	u501
  3236   000A18  EF10  F005         	goto	u500
  3237   000A1C                     u501:
  3238   000A1C  EF15  F005         	goto	l1452
  3239   000A20                     u500:
  3240   000A20  5003               	movf	___lwdiv@divisor^0,w,c
  3241   000A22  5E01               	subwf	___lwdiv@dividend^0,f,c
  3242   000A24  5004               	movf	(___lwdiv@divisor+1)^0,w,c
  3243   000A26  5A02               	subwfb	(___lwdiv@dividend+1)^0,f,c
  3244   000A28  8005               	bsf	___lwdiv@quotient^0,0,c
  3245   000A2A                     l1452:
  3246   000A2A  90D8               	bcf	status,0,c
  3247   000A2C  3204               	rrcf	(___lwdiv@divisor+1)^0,f,c
  3248   000A2E  3203               	rrcf	___lwdiv@divisor^0,f,c
  3249   000A30  2E07               	decfsz	___lwdiv@counter^0,f,c
  3250   000A32  EF02  F005         	goto	l1444
  3251   000A36                     l852:
  3252   000A36  C005  F001         	movff	___lwdiv@quotient,?___lwdiv
  3253   000A3A  C006  F002         	movff	___lwdiv@quotient+1,?___lwdiv+1
  3254   000A3E  0012               	return		;funcret
  3255   000A40                     __end_of___lwdiv:
  3256                           	callstack 0
  3257                           
  3258 ;; *************** function _init_config *****************
  3259 ;; Defined at:
  3260 ;;		line 21 in file "ecu1_main.c"
  3261 ;; Parameters:    Size  Location     Type
  3262 ;;		None
  3263 ;; Auto vars:     Size  Location     Type
  3264 ;;		None
  3265 ;; Return value:  Size  Location     Type
  3266 ;;                  1    wreg      void 
  3267 ;; Registers used:
  3268 ;;		wreg, status,2, status,0, cstack
  3269 ;; Tracked objects:
  3270 ;;		On entry : 0/0
  3271 ;;		On exit  : 0/0
  3272 ;;		Unchanged: 0/0
  3273 ;; Data sizes:     COMRAM   BANK0   BANK1   BANK2   BANK3   BANK4   BANK5
  3274 ;;      Params:         0       0       0       0       0       0       0
  3275 ;;      Locals:         0       0       0       0       0       0       0
  3276 ;;      Temps:          0       0       0       0       0       0       0
  3277 ;;      Totals:         0       0       0       0       0       0       0
  3278 ;;Total ram usage:        0 bytes
  3279 ;; Hardware stack levels used: 1
  3280 ;; Hardware stack levels required when called: 1
  3281 ;; This function calls:
  3282 ;;		_init_adc
  3283 ;;		_init_can
  3284 ;;		_init_digital_keypad
  3285 ;; This function is called by:
  3286 ;;		_main
  3287 ;; This function uses a non-reentrant model
  3288 ;;
  3289                           
  3290                           	psect	text4
  3291   000C0A                     __ptext4:
  3292                           	callstack 0
  3293   000C0A                     _init_config:
  3294                           	callstack 29
  3295   000C0A                     
  3296                           ;ecu1_main.c: 23:     init_adc();
  3297   000C0A  ECF7  F005         	call	_init_adc	;wreg free
  3298   000C0E                     
  3299                           ;ecu1_main.c: 24:     init_digital_keypad();
  3300   000C0E  EC0C  F006         	call	_init_digital_keypad	;wreg free
  3301   000C12                     
  3302                           ;ecu1_main.c: 26:     init_can();
  3303   000C12  ECAC  F005         	call	_init_can	;wreg free
  3304   000C16  0012               	return		;funcret
  3305   000C18                     __end_of_init_config:
  3306                           	callstack 0
  3307                           
  3308 ;; *************** function _init_digital_keypad *****************
  3309 ;; Defined at:
  3310 ;;		line 12 in file "digital_keypad.c"
  3311 ;; Parameters:    Size  Location     Type
  3312 ;;		None
  3313 ;; Auto vars:     Size  Location     Type
  3314 ;;		None
  3315 ;; Return value:  Size  Location     Type
  3316 ;;                  1    wreg      void 
  3317 ;; Registers used:
  3318 ;;		wreg, status,2, status,0
  3319 ;; Tracked objects:
  3320 ;;		On entry : 0/0
  3321 ;;		On exit  : 0/0
  3322 ;;		Unchanged: 0/0
  3323 ;; Data sizes:     COMRAM   BANK0   BANK1   BANK2   BANK3   BANK4   BANK5
  3324 ;;      Params:         0       0       0       0       0       0       0
  3325 ;;      Locals:         0       0       0       0       0       0       0
  3326 ;;      Temps:          0       0       0       0       0       0       0
  3327 ;;      Totals:         0       0       0       0       0       0       0
  3328 ;;Total ram usage:        0 bytes
  3329 ;; Hardware stack levels used: 1
  3330 ;; This function calls:
  3331 ;;		Nothing
  3332 ;; This function is called by:
  3333 ;;		_init_config
  3334 ;; This function uses a non-reentrant model
  3335 ;;
  3336                           
  3337                           	psect	text5
  3338   000C18                     __ptext5:
  3339                           	callstack 0
  3340   000C18                     _init_digital_keypad:
  3341                           	callstack 29
  3342   000C18                     
  3343                           ;digital_keypad.c: 14:  TRISC = TRISC | 0x0F;
  3344   000C18  5094               	movf	148,w,c	;volatile
  3345   000C1A  090F               	iorlw	15
  3346   000C1C  6E94               	movwf	148,c	;volatile
  3347   000C1E  0012               	return		;funcret
  3348   000C20                     __end_of_init_digital_keypad:
  3349                           	callstack 0
  3350                           
  3351 ;; *************** function _init_can *****************
  3352 ;; Defined at:
  3353 ;;		line 23 in file "can.c"
  3354 ;; Parameters:    Size  Location     Type
  3355 ;;		None
  3356 ;; Auto vars:     Size  Location     Type
  3357 ;;		None
  3358 ;; Return value:  Size  Location     Type
  3359 ;;                  1    wreg      void 
  3360 ;; Registers used:
  3361 ;;		wreg, status,2, status,0
  3362 ;; Tracked objects:
  3363 ;;		On entry : 0/0
  3364 ;;		On exit  : 0/0
  3365 ;;		Unchanged: 0/0
  3366 ;; Data sizes:     COMRAM   BANK0   BANK1   BANK2   BANK3   BANK4   BANK5
  3367 ;;      Params:         0       0       0       0       0       0       0
  3368 ;;      Locals:         0       0       0       0       0       0       0
  3369 ;;      Temps:          0       0       0       0       0       0       0
  3370 ;;      Totals:         0       0       0       0       0       0       0
  3371 ;;Total ram usage:        0 bytes
  3372 ;; Hardware stack levels used: 1
  3373 ;; This function calls:
  3374 ;;		Nothing
  3375 ;; This function is called by:
  3376 ;;		_init_config
  3377 ;; This function uses a non-reentrant model
  3378 ;;
  3379                           
  3380                           	psect	text6
  3381   000B58                     __ptext6:
  3382                           	callstack 0
  3383   000B58                     _init_can:
  3384                           	callstack 29
  3385   000B58                     
  3386                           ;can.c: 25:     TRISB2 = 0;
  3387   000B58  9493               	bcf	3987,2,c	;volatile
  3388                           
  3389                           ;can.c: 26:     TRISB3 = 1;
  3390   000B5A  8693               	bsf	3987,3,c	;volatile
  3391   000B5C                     
  3392                           ;can.c: 30:     { CANCON &= 0x1F; CANCON |= e_can_op_mode_config; };
  3393   000B5C  0E1F               	movlw	31
  3394   000B5E  166F               	andwf	111,f,c	;volatile
  3395   000B60  8E6F               	bsf	111,7,c	;volatile
  3396   000B62                     l1052:
  3397   000B62  0E80               	movlw	128
  3398   000B64  186E               	xorwf	110,w,c	;volatile
  3399   000B66  A4D8               	btfss	status,2,c
  3400   000B68  EFB8  F005         	goto	u21
  3401   000B6C  EFBA  F005         	goto	u20
  3402   000B70                     u21:
  3403   000B70  EFB1  F005         	goto	l1052
  3404   000B74                     u20:
  3405   000B74                     
  3406                           ;can.c: 36:     ECANCON = 0x00;
  3407   000B74  6A77               	clrf	119,c	;volatile
  3408   000B76                     
  3409                           ;can.c: 39:     BRGCON1 = 0xE1;
  3410   000B76  0EE1               	movlw	225
  3411   000B78  6E70               	movwf	112,c	;volatile
  3412                           
  3413                           ;can.c: 40:     BRGCON2 = 0x1B;
  3414   000B7A  0E1B               	movlw	27
  3415   000B7C  6E71               	movwf	113,c	;volatile
  3416                           
  3417                           ;can.c: 41:     BRGCON3 = 0x03;
  3418   000B7E  0E03               	movlw	3
  3419   000B80  6E72               	movwf	114,c	;volatile
  3420   000B82                     
  3421                           ;can.c: 47:     RXFCON0 = 0x00;
  3422   000B82  010D               	movlb	13	; () banked
  3423   000B84  6BD4               	clrf	212,b	;volatile
  3424   000B86                     
  3425                           ; BSR set to: 13
  3426                           ;can.c: 49:     { CANCON &= 0x1F; CANCON |= e_can_op_mode_normal; };
  3427   000B86  0E1F               	movlw	31
  3428   000B88  166F               	andwf	111,f,c	;volatile
  3429   000B8A                     
  3430                           ; BSR set to: 13
  3431   000B8A  506F               	movf	111,w,c	;volatile
  3432   000B8C                     
  3433                           ; BSR set to: 13
  3434                           ;can.c: 52:     RXB0CON = 0x00;
  3435   000B8C  6A60               	clrf	96,c	;volatile
  3436   000B8E                     
  3437                           ; BSR set to: 13
  3438                           ;can.c: 53:     RXB0CONbits.RXM0=1;
  3439   000B8E  8A60               	bsf	96,5,c	;volatile
  3440   000B90                     
  3441                           ; BSR set to: 13
  3442                           ;can.c: 54:     RXB0CONbits.RXM1=1;
  3443   000B90  8C60               	bsf	96,6,c	;volatile
  3444   000B92                     
  3445                           ; BSR set to: 13
  3446   000B92  0012               	return		;funcret
  3447   000B94                     __end_of_init_can:
  3448                           	callstack 0
  3449                           
  3450 ;; *************** function _init_adc *****************
  3451 ;; Defined at:
  3452 ;;		line 12 in file "adc.c"
  3453 ;; Parameters:    Size  Location     Type
  3454 ;;		None
  3455 ;; Auto vars:     Size  Location     Type
  3456 ;;		None
  3457 ;; Return value:  Size  Location     Type
  3458 ;;                  1    wreg      void 
  3459 ;; Registers used:
  3460 ;;		None
  3461 ;; Tracked objects:
  3462 ;;		On entry : 0/0
  3463 ;;		On exit  : 0/0
  3464 ;;		Unchanged: 0/0
  3465 ;; Data sizes:     COMRAM   BANK0   BANK1   BANK2   BANK3   BANK4   BANK5
  3466 ;;      Params:         0       0       0       0       0       0       0
  3467 ;;      Locals:         0       0       0       0       0       0       0
  3468 ;;      Temps:          0       0       0       0       0       0       0
  3469 ;;      Totals:         0       0       0       0       0       0       0
  3470 ;;Total ram usage:        0 bytes
  3471 ;; Hardware stack levels used: 1
  3472 ;; This function calls:
  3473 ;;		Nothing
  3474 ;; This function is called by:
  3475 ;;		_init_config
  3476 ;; This function uses a non-reentrant model
  3477 ;;
  3478                           
  3479                           	psect	text7
  3480   000BEE                     __ptext7:
  3481                           	callstack 0
  3482   000BEE                     _init_adc:
  3483                           	callstack 29
  3484   000BEE                     
  3485                           ;adc.c: 15:  ADFM = 1;
  3486   000BEE  8EC0               	bsf	4032,7,c	;volatile
  3487                           
  3488                           ;adc.c: 21:  ACQT2 = 0;
  3489   000BF0  9AC0               	bcf	4032,5,c	;volatile
  3490                           
  3491                           ;adc.c: 22:  ACQT1 = 1;
  3492   000BF2  88C0               	bsf	4032,4,c	;volatile
  3493                           
  3494                           ;adc.c: 23:  ACQT0 = 0;
  3495   000BF4  96C0               	bcf	4032,3,c	;volatile
  3496                           
  3497                           ;adc.c: 29:  ADCS0 = 0;
  3498   000BF6  90C0               	bcf	4032,0,c	;volatile
  3499                           
  3500                           ;adc.c: 30:  ADCS1 = 1;
  3501   000BF8  82C0               	bsf	4032,1,c	;volatile
  3502                           
  3503                           ;adc.c: 31:  ADCS2 = 0;
  3504   000BFA  94C0               	bcf	4032,2,c	;volatile
  3505                           
  3506                           ;adc.c: 34:  GODONE = 0;
  3507   000BFC  92C2               	bcf	4034,1,c	;volatile
  3508                           
  3509                           ;adc.c: 39:  VCFG1 = 0;
  3510   000BFE  9AC1               	bcf	4033,5,c	;volatile
  3511                           
  3512                           ;adc.c: 41:  VCFG0 = 0;
  3513   000C00  98C1               	bcf	4033,4,c	;volatile
  3514                           
  3515                           ;adc.c: 44:  ADRESH = 0;
  3516   000C02  6AC4               	clrf	196,c	;volatile
  3517                           
  3518                           ;adc.c: 45:  ADRESL = 0;
  3519   000C04  6AC3               	clrf	195,c	;volatile
  3520                           
  3521                           ;adc.c: 48:  ADON = 1;
  3522   000C06  80C2               	bsf	4034,0,c	;volatile
  3523   000C08  0012               	return		;funcret
  3524   000C0A                     __end_of_init_adc:
  3525                           	callstack 0
  3526                           
  3527 ;; *************** function _get_speed *****************
  3528 ;; Defined at:
  3529 ;;		line 15 in file "ecu1_sensor.c"
  3530 ;; Parameters:    Size  Location     Type
  3531 ;;		None
  3532 ;; Auto vars:     Size  Location     Type
  3533 ;;  speed           4   14[COMRAM] unsigned long 
  3534 ;;  value           2   12[COMRAM] int 
  3535 ;; Return value:  Size  Location     Type
  3536 ;;                  2    8[COMRAM] unsigned short 
  3537 ;; Registers used:
  3538 ;;		wreg, status,2, status,0, prodl, prodh, cstack
  3539 ;; Tracked objects:
  3540 ;;		On entry : 0/0
  3541 ;;		On exit  : 0/0
  3542 ;;		Unchanged: 0/0
  3543 ;; Data sizes:     COMRAM   BANK0   BANK1   BANK2   BANK3   BANK4   BANK5
  3544 ;;      Params:         2       0       0       0       0       0       0
  3545 ;;      Locals:         6       0       0       0       0       0       0
  3546 ;;      Temps:          2       0       0       0       0       0       0
  3547 ;;      Totals:        10       0       0       0       0       0       0
  3548 ;;Total ram usage:       10 bytes
  3549 ;; Hardware stack levels used: 1
  3550 ;; Hardware stack levels required when called: 1
  3551 ;; This function calls:
  3552 ;;		___awdiv
  3553 ;;		_read_adc
  3554 ;; This function is called by:
  3555 ;;		_main
  3556 ;; This function uses a non-reentrant model
  3557 ;;
  3558                           
  3559                           	psect	text8
  3560   0008E2                     __ptext8:
  3561                           	callstack 0
  3562   0008E2                     _get_speed:
  3563                           	callstack 29
  3564   0008E2                     
  3565                           ;ecu1_sensor.c: 18:     int value=read_adc(0x04);
  3566   0008E2  0E04               	movlw	4
  3567   0008E4  EC89  F005         	call	_read_adc
  3568   0008E8  C001  F00D         	movff	?_read_adc,get_speed@value
  3569   0008EC  C002  F00E         	movff	?_read_adc+1,get_speed@value+1
  3570   0008F0                     
  3571                           ;ecu1_sensor.c: 20:     unsigned long int speed=(value*200)/1023;
  3572   0008F0  0EC8               	movlw	200
  3573   0008F2  020D               	mulwf	get_speed@value^0,c
  3574   0008F4  CFF3 F00B          	movff	prodl,??_get_speed
  3575   0008F8  CFF4 F00C          	movff	prodh,??_get_speed+1
  3576   0008FC  020E               	mulwf	(get_speed@value+1)^0,c
  3577   0008FE  50F3               	movf	prodl,w,c
  3578   000900  260C               	addwf	(??_get_speed+1)^0,f,c
  3579   000902  C00B  F001         	movff	??_get_speed,___awdiv@dividend
  3580   000906  C00C  F002         	movff	??_get_speed+1,___awdiv@dividend+1
  3581   00090A  0E03               	movlw	3
  3582   00090C  6E04               	movwf	(___awdiv@divisor+1)^0,c
  3583   00090E  6803               	setf	___awdiv@divisor^0,c
  3584   000910  EC7C  F003         	call	___awdiv	;wreg free
  3585   000914  C001  F00F         	movff	?___awdiv,get_speed@speed
  3586   000918  C002  F010         	movff	?___awdiv+1,get_speed@speed+1
  3587   00091C  0E00               	movlw	0
  3588   00091E  BE10               	btfsc	(get_speed@speed+1)^0,7,c
  3589   000920  0EFF               	movlw	-1
  3590   000922  6E11               	movwf	(get_speed@speed+2)^0,c
  3591   000924  6E12               	movwf	(get_speed@speed+3)^0,c
  3592   000926                     
  3593                           ;ecu1_sensor.c: 23:     if(speed>200)
  3594   000926  5012               	movf	(get_speed@speed+3)^0,w,c
  3595   000928  1011               	iorwf	(get_speed@speed+2)^0,w,c
  3596   00092A  1010               	iorwf	(get_speed@speed+1)^0,w,c
  3597   00092C  E109               	bnz	u550
  3598   00092E  0EC9               	movlw	201
  3599   000930  5C0F               	subwf	get_speed@speed^0,w,c
  3600   000932  A0D8               	btfss	status,0,c
  3601   000934  EF9E  F004         	goto	u551
  3602   000938  EFA0  F004         	goto	u550
  3603   00093C                     u551:
  3604   00093C  EFA8  F004         	goto	l1502
  3605   000940                     u550:
  3606   000940                     
  3607                           ;ecu1_sensor.c: 24:         speed=200;
  3608   000940  0EC8               	movlw	200
  3609   000942  6E0F               	movwf	get_speed@speed^0,c
  3610   000944  0E00               	movlw	0
  3611   000946  6E10               	movwf	(get_speed@speed+1)^0,c
  3612   000948  0E00               	movlw	0
  3613   00094A  6E11               	movwf	(get_speed@speed+2)^0,c
  3614   00094C  0E00               	movlw	0
  3615   00094E  6E12               	movwf	(get_speed@speed+3)^0,c
  3616   000950                     l1502:
  3617                           
  3618                           ;ecu1_sensor.c: 25:     return speed;
  3619   000950  C00F  F009         	movff	get_speed@speed,?_get_speed
  3620   000954  C010  F00A         	movff	get_speed@speed+1,?_get_speed+1
  3621   000958  0012               	return		;funcret
  3622   00095A                     __end_of_get_speed:
  3623                           	callstack 0
  3624                           
  3625 ;; *************** function _read_adc *****************
  3626 ;; Defined at:
  3627 ;;		line 51 in file "adc.c"
  3628 ;; Parameters:    Size  Location     Type
  3629 ;;  channel         1    wreg     unsigned char 
  3630 ;; Auto vars:     Size  Location     Type
  3631 ;;  channel         1    6[COMRAM] unsigned char 
  3632 ;;  reg_val         2    4[COMRAM] unsigned short 
  3633 ;; Return value:  Size  Location     Type
  3634 ;;                  2    0[COMRAM] unsigned short 
  3635 ;; Registers used:
  3636 ;;		wreg, status,2, status,0
  3637 ;; Tracked objects:
  3638 ;;		On entry : 0/0
  3639 ;;		On exit  : 0/0
  3640 ;;		Unchanged: 0/0
  3641 ;; Data sizes:     COMRAM   BANK0   BANK1   BANK2   BANK3   BANK4   BANK5
  3642 ;;      Params:         2       0       0       0       0       0       0
  3643 ;;      Locals:         3       0       0       0       0       0       0
  3644 ;;      Temps:          2       0       0       0       0       0       0
  3645 ;;      Totals:         7       0       0       0       0       0       0
  3646 ;;Total ram usage:        7 bytes
  3647 ;; Hardware stack levels used: 1
  3648 ;; This function calls:
  3649 ;;		Nothing
  3650 ;; This function is called by:
  3651 ;;		_get_speed
  3652 ;; This function uses a non-reentrant model
  3653 ;;
  3654                           
  3655                           	psect	text9
  3656   000B12                     __ptext9:
  3657                           	callstack 0
  3658   000B12                     _read_adc:
  3659                           	callstack 29
  3660                           
  3661                           ;incstack = 0
  3662                           ;read_adc@channel stored from wreg
  3663   000B12  6E07               	movwf	read_adc@channel^0,c
  3664   000B14                     
  3665                           ;adc.c: 51: unsigned short read_adc(unsigned char channel);adc.c: 52: {;adc.c: 53:  unsi
      +                          gned short reg_val;;adc.c: 56:  ADCON0 = (ADCON0 & 0xC3) | (channel << 2);
  3666   000B14  C007  F003         	movff	read_adc@channel,??_read_adc
  3667   000B18  90D8               	bcf	status,0,c
  3668   000B1A  3603               	rlcf	??_read_adc^0,f,c
  3669   000B1C  90D8               	bcf	status,0,c
  3670   000B1E  3603               	rlcf	??_read_adc^0,f,c
  3671   000B20  50C2               	movf	194,w,c	;volatile
  3672   000B22  0BC3               	andlw	195
  3673   000B24  1003               	iorwf	??_read_adc^0,w,c
  3674   000B26  6EC2               	movwf	194,c	;volatile
  3675   000B28                     
  3676                           ;adc.c: 59:  GO = 1;
  3677   000B28  82C2               	bsf	4034,1,c	;volatile
  3678   000B2A                     l36:
  3679   000B2A  B2C2               	btfsc	4034,1,c	;volatile
  3680   000B2C  EF9A  F005         	goto	u401
  3681   000B30  EF9C  F005         	goto	u400
  3682   000B34                     u401:
  3683   000B34  EF95  F005         	goto	l36
  3684   000B38                     u400:
  3685   000B38                     
  3686                           ;adc.c: 61:  reg_val = (ADRESH << 8) | ADRESL;
  3687   000B38  50C3               	movf	195,w,c	;volatile
  3688   000B3A  CFC4 F003          	movff	4036,??_read_adc	;volatile
  3689   000B3E  6A04               	clrf	(??_read_adc+1)^0,c
  3690   000B40  C003  F004         	movff	??_read_adc,??_read_adc+1
  3691   000B44  6A03               	clrf	??_read_adc^0,c
  3692   000B46  1003               	iorwf	??_read_adc^0,w,c
  3693   000B48  6E05               	movwf	read_adc@reg_val^0,c
  3694   000B4A  5004               	movf	(??_read_adc+1)^0,w,c
  3695   000B4C  6E06               	movwf	(read_adc@reg_val+1)^0,c
  3696   000B4E                     
  3697                           ;adc.c: 63:  return reg_val;
  3698   000B4E  C005  F001         	movff	read_adc@reg_val,?_read_adc
  3699   000B52  C006  F002         	movff	read_adc@reg_val+1,?_read_adc+1
  3700   000B56  0012               	return		;funcret
  3701   000B58                     __end_of_read_adc:
  3702                           	callstack 0
  3703                           
  3704 ;; *************** function ___awdiv *****************
  3705 ;; Defined at:
  3706 ;;		line 7 in file "C:\Program Files\Microchip\xc8\v3.10\pic\sources\c99\common\awdiv.c"
  3707 ;; Parameters:    Size  Location     Type
  3708 ;;  dividend        2    0[COMRAM] int 
  3709 ;;  divisor         2    2[COMRAM] int 
  3710 ;; Auto vars:     Size  Location     Type
  3711 ;;  quotient        2    6[COMRAM] int 
  3712 ;;  sign            1    5[COMRAM] unsigned char 
  3713 ;;  counter         1    4[COMRAM] unsigned char 
  3714 ;; Return value:  Size  Location     Type
  3715 ;;                  2    0[COMRAM] int 
  3716 ;; Registers used:
  3717 ;;		wreg, status,2, status,0
  3718 ;; Tracked objects:
  3719 ;;		On entry : 0/0
  3720 ;;		On exit  : 0/0
  3721 ;;		Unchanged: 0/0
  3722 ;; Data sizes:     COMRAM   BANK0   BANK1   BANK2   BANK3   BANK4   BANK5
  3723 ;;      Params:         4       0       0       0       0       0       0
  3724 ;;      Locals:         4       0       0       0       0       0       0
  3725 ;;      Temps:          0       0       0       0       0       0       0
  3726 ;;      Totals:         8       0       0       0       0       0       0
  3727 ;;Total ram usage:        8 bytes
  3728 ;; Hardware stack levels used: 1
  3729 ;; This function calls:
  3730 ;;		Nothing
  3731 ;; This function is called by:
  3732 ;;		_get_speed
  3733 ;; This function uses a non-reentrant model
  3734 ;;
  3735                           
  3736                           	psect	text10
  3737   0006F8                     __ptext10:
  3738                           	callstack 0
  3739   0006F8                     ___awdiv:
  3740                           	callstack 29
  3741   0006F8  6A06               	clrf	___awdiv@sign^0,c
  3742   0006FA  BE04               	btfsc	(___awdiv@divisor+1)^0,7,c
  3743   0006FC  EF84  F003         	goto	u420
  3744   000700  EF82  F003         	goto	u421
  3745   000704                     u421:
  3746   000704  EF8A  F003         	goto	l1398
  3747   000708                     u420:
  3748   000708  6C03               	negf	___awdiv@divisor^0,c
  3749   00070A  1E04               	comf	(___awdiv@divisor+1)^0,f,c
  3750   00070C  B0D8               	btfsc	status,0,c
  3751   00070E  2A04               	incf	(___awdiv@divisor+1)^0,f,c
  3752   000710  0E01               	movlw	1
  3753   000712  6E06               	movwf	___awdiv@sign^0,c
  3754   000714                     l1398:
  3755   000714  BE02               	btfsc	(___awdiv@dividend+1)^0,7,c
  3756   000716  EF91  F003         	goto	u430
  3757   00071A  EF8F  F003         	goto	u431
  3758   00071E                     u431:
  3759   00071E  EF97  F003         	goto	l1404
  3760   000722                     u430:
  3761   000722  6C01               	negf	___awdiv@dividend^0,c
  3762   000724  1E02               	comf	(___awdiv@dividend+1)^0,f,c
  3763   000726  B0D8               	btfsc	status,0,c
  3764   000728  2A02               	incf	(___awdiv@dividend+1)^0,f,c
  3765   00072A  0E01               	movlw	1
  3766   00072C  1A06               	xorwf	___awdiv@sign^0,f,c
  3767   00072E                     l1404:
  3768   00072E  6A08               	clrf	(___awdiv@quotient+1)^0,c
  3769   000730  0E00               	movlw	0
  3770   000732  6E07               	movwf	___awdiv@quotient^0,c
  3771   000734  5003               	movf	___awdiv@divisor^0,w,c
  3772   000736  1004               	iorwf	(___awdiv@divisor+1)^0,w,c
  3773   000738  B4D8               	btfsc	status,2,c
  3774   00073A  EFA1  F003         	goto	u441
  3775   00073E  EFA3  F003         	goto	u440
  3776   000742                     u441:
  3777   000742  EFCB  F003         	goto	l1426
  3778   000746                     u440:
  3779   000746  0E01               	movlw	1
  3780   000748  6E05               	movwf	___awdiv@counter^0,c
  3781   00074A  EFAB  F003         	goto	l1412
  3782   00074E                     l1410:
  3783   00074E  90D8               	bcf	status,0,c
  3784   000750  3603               	rlcf	___awdiv@divisor^0,f,c
  3785   000752  3604               	rlcf	(___awdiv@divisor+1)^0,f,c
  3786   000754  2A05               	incf	___awdiv@counter^0,f,c
  3787   000756                     l1412:
  3788   000756  AE04               	btfss	(___awdiv@divisor+1)^0,7,c
  3789   000758  EFB0  F003         	goto	u451
  3790   00075C  EFB2  F003         	goto	u450
  3791   000760                     u451:
  3792   000760  EFA7  F003         	goto	l1410
  3793   000764                     u450:
  3794   000764                     l1414:
  3795   000764  90D8               	bcf	status,0,c
  3796   000766  3607               	rlcf	___awdiv@quotient^0,f,c
  3797   000768  3608               	rlcf	(___awdiv@quotient+1)^0,f,c
  3798   00076A  5003               	movf	___awdiv@divisor^0,w,c
  3799   00076C  5C01               	subwf	___awdiv@dividend^0,w,c
  3800   00076E  5004               	movf	(___awdiv@divisor+1)^0,w,c
  3801   000770  5802               	subwfb	(___awdiv@dividend+1)^0,w,c
  3802   000772  A0D8               	btfss	status,0,c
  3803   000774  EFBE  F003         	goto	u461
  3804   000778  EFC0  F003         	goto	u460
  3805   00077C                     u461:
  3806   00077C  EFC5  F003         	goto	l1422
  3807   000780                     u460:
  3808   000780  5003               	movf	___awdiv@divisor^0,w,c
  3809   000782  5E01               	subwf	___awdiv@dividend^0,f,c
  3810   000784  5004               	movf	(___awdiv@divisor+1)^0,w,c
  3811   000786  5A02               	subwfb	(___awdiv@dividend+1)^0,f,c
  3812   000788  8007               	bsf	___awdiv@quotient^0,0,c
  3813   00078A                     l1422:
  3814   00078A  90D8               	bcf	status,0,c
  3815   00078C  3204               	rrcf	(___awdiv@divisor+1)^0,f,c
  3816   00078E  3203               	rrcf	___awdiv@divisor^0,f,c
  3817   000790  2E05               	decfsz	___awdiv@counter^0,f,c
  3818   000792  EFB2  F003         	goto	l1414
  3819   000796                     l1426:
  3820   000796  5006               	movf	___awdiv@sign^0,w,c
  3821   000798  B4D8               	btfsc	status,2,c
  3822   00079A  EFD1  F003         	goto	u471
  3823   00079E  EFD3  F003         	goto	u470
  3824   0007A2                     u471:
  3825   0007A2  EFD7  F003         	goto	l1430
  3826   0007A6                     u470:
  3827   0007A6  6C07               	negf	___awdiv@quotient^0,c
  3828   0007A8  1E08               	comf	(___awdiv@quotient+1)^0,f,c
  3829   0007AA  B0D8               	btfsc	status,0,c
  3830   0007AC  2A08               	incf	(___awdiv@quotient+1)^0,f,c
  3831   0007AE                     l1430:
  3832   0007AE  C007  F001         	movff	___awdiv@quotient,?___awdiv
  3833   0007B2  C008  F002         	movff	___awdiv@quotient+1,?___awdiv+1
  3834   0007B6  0012               	return		;funcret
  3835   0007B8                     __end_of___awdiv:
  3836                           	callstack 0
  3837                           
  3838 ;; *************** function _get_gear_pos *****************
  3839 ;; Defined at:
  3840 ;;		line 28 in file "ecu1_sensor.c"
  3841 ;; Parameters:    Size  Location     Type
  3842 ;;		None
  3843 ;; Auto vars:     Size  Location     Type
  3844 ;;  key             1    1[COMRAM] unsigned char 
  3845 ;; Return value:  Size  Location     Type
  3846 ;;                  1    wreg      unsigned char 
  3847 ;; Registers used:
  3848 ;;		wreg, status,2, status,0, cstack
  3849 ;; Tracked objects:
  3850 ;;		On entry : 0/0
  3851 ;;		On exit  : 0/0
  3852 ;;		Unchanged: 0/0
  3853 ;; Data sizes:     COMRAM   BANK0   BANK1   BANK2   BANK3   BANK4   BANK5
  3854 ;;      Params:         0       0       0       0       0       0       0
  3855 ;;      Locals:         1       0       0       0       0       0       0
  3856 ;;      Temps:          0       0       0       0       0       0       0
  3857 ;;      Totals:         1       0       0       0       0       0       0
  3858 ;;Total ram usage:        1 bytes
  3859 ;; Hardware stack levels used: 1
  3860 ;; Hardware stack levels required when called: 1
  3861 ;; This function calls:
  3862 ;;		_read_digital_keypad
  3863 ;; This function is called by:
  3864 ;;		_main
  3865 ;; This function uses a non-reentrant model
  3866 ;;
  3867                           
  3868                           	psect	text11
  3869   000602                     __ptext11:
  3870                           	callstack 0
  3871   000602                     _get_gear_pos:
  3872                           	callstack 29
  3873   000602                     
  3874                           ;ecu1_sensor.c: 31:     char key=read_digital_keypad(1);
  3875   000602  0E01               	movlw	1
  3876   000604  ECAD  F004         	call	_read_digital_keypad
  3877   000608  6E02               	movwf	get_gear_pos@key^0,c
  3878   00060A                     
  3879                           ;ecu1_sensor.c: 32:     static unsigned char gear='N';;ecu1_sensor.c: 33:     if(key==0x
      +                          0E)
  3880   00060A  0E0E               	movlw	14
  3881   00060C  1802               	xorwf	get_gear_pos@key^0,w,c
  3882   00060E  A4D8               	btfss	status,2,c
  3883   000610  EF0C  F003         	goto	u231
  3884   000614  EF0E  F003         	goto	u230
  3885   000618                     u231:
  3886   000618  EF33  F003         	goto	l1242
  3887   00061C                     u230:
  3888   00061C                     
  3889                           ;ecu1_sensor.c: 34:     {;ecu1_sensor.c: 35:         if(gear=='N')
  3890   00061C  0E4E               	movlw	78
  3891   00061E  1822               	xorwf	get_gear_pos@gear^0,w,c
  3892   000620  A4D8               	btfss	status,2,c
  3893   000622  EF15  F003         	goto	u241
  3894   000626  EF17  F003         	goto	u240
  3895   00062A                     u241:
  3896   00062A  EF1B  F003         	goto	l1230
  3897   00062E                     u240:
  3898   00062E                     
  3899                           ;ecu1_sensor.c: 36:         {;ecu1_sensor.c: 37:             gear='1';
  3900   00062E  0E31               	movlw	49
  3901   000630  6E22               	movwf	get_gear_pos@gear^0,c
  3902                           
  3903                           ;ecu1_sensor.c: 38:         }
  3904   000632  EF30  F003         	goto	l177
  3905   000636                     l1230:
  3906   000636  0E30               	movlw	48
  3907   000638  6422               	cpfsgt	get_gear_pos@gear^0,c
  3908   00063A  EF21  F003         	goto	u251
  3909   00063E  EF23  F003         	goto	u250
  3910   000642                     u251:
  3911   000642  EF2E  F003         	goto	l1236
  3912   000646                     u250:
  3913   000646  0E36               	movlw	54
  3914   000648  6022               	cpfslt	get_gear_pos@gear^0,c
  3915   00064A  EF29  F003         	goto	u261
  3916   00064E  EF2B  F003         	goto	u260
  3917   000652                     u261:
  3918   000652  EF2E  F003         	goto	l1236
  3919   000656                     u260:
  3920   000656                     
  3921                           ;ecu1_sensor.c: 41:         {;ecu1_sensor.c: 42:             gear++;
  3922   000656  2A22               	incf	get_gear_pos@gear^0,f,c
  3923                           
  3924                           ;ecu1_sensor.c: 43:         }
  3925   000658  EF30  F003         	goto	l177
  3926   00065C                     l1236:
  3927                           
  3928                           ;ecu1_sensor.c: 45:         {;ecu1_sensor.c: 46:             gear='R';
  3929   00065C  0E52               	movlw	82
  3930   00065E  6E22               	movwf	get_gear_pos@gear^0,c
  3931   000660                     l177:
  3932                           
  3933                           ;ecu1_sensor.c: 48:         return gear;
  3934   000660  5022               	movf	get_gear_pos@gear^0,w,c
  3935   000662  EF7B  F003         	goto	l180
  3936   000666                     l1242:
  3937   000666  0E0D               	movlw	13
  3938   000668  1802               	xorwf	get_gear_pos@key^0,w,c
  3939   00066A  A4D8               	btfss	status,2,c
  3940   00066C  EF3A  F003         	goto	u271
  3941   000670  EF3C  F003         	goto	u270
  3942   000674                     u271:
  3943   000674  EF61  F003         	goto	l1262
  3944   000678                     u270:
  3945   000678                     
  3946                           ;ecu1_sensor.c: 51:     {;ecu1_sensor.c: 52:         if(gear=='1')
  3947   000678  0E31               	movlw	49
  3948   00067A  1822               	xorwf	get_gear_pos@gear^0,w,c
  3949   00067C  A4D8               	btfss	status,2,c
  3950   00067E  EF43  F003         	goto	u281
  3951   000682  EF45  F003         	goto	u280
  3952   000686                     u281:
  3953   000686  EF49  F003         	goto	l1248
  3954   00068A                     u280:
  3955   00068A                     l1246:
  3956                           
  3957                           ;ecu1_sensor.c: 53:         {;ecu1_sensor.c: 54:             gear='N';
  3958   00068A  0E4E               	movlw	78
  3959   00068C  6E22               	movwf	get_gear_pos@gear^0,c
  3960                           
  3961                           ;ecu1_sensor.c: 55:         }
  3962   00068E  EF30  F003         	goto	l177
  3963   000692                     l1248:
  3964   000692  0E52               	movlw	82
  3965   000694  1822               	xorwf	get_gear_pos@gear^0,w,c
  3966   000696  A4D8               	btfss	status,2,c
  3967   000698  EF50  F003         	goto	u291
  3968   00069C  EF52  F003         	goto	u290
  3969   0006A0                     u291:
  3970   0006A0  EF56  F003         	goto	l1252
  3971   0006A4                     u290:
  3972   0006A4                     
  3973                           ;ecu1_sensor.c: 57:         {;ecu1_sensor.c: 58:             gear='6';
  3974   0006A4  0E36               	movlw	54
  3975   0006A6  6E22               	movwf	get_gear_pos@gear^0,c
  3976                           
  3977                           ;ecu1_sensor.c: 59:         }
  3978   0006A8  EF30  F003         	goto	l177
  3979   0006AC                     l1252:
  3980   0006AC  0E31               	movlw	49
  3981   0006AE  6422               	cpfsgt	get_gear_pos@gear^0,c
  3982   0006B0  EF5C  F003         	goto	u301
  3983   0006B4  EF5E  F003         	goto	u300
  3984   0006B8                     u301:
  3985   0006B8  EF45  F003         	goto	l1246
  3986   0006BC                     u300:
  3987   0006BC                     
  3988                           ;ecu1_sensor.c: 61:         {;ecu1_sensor.c: 62:             gear--;
  3989   0006BC  0622               	decf	get_gear_pos@gear^0,f,c
  3990                           
  3991                           ;ecu1_sensor.c: 63:         }
  3992   0006BE  EF30  F003         	goto	l177
  3993   0006C2                     l1262:
  3994   0006C2  0E0B               	movlw	11
  3995   0006C4  1802               	xorwf	get_gear_pos@key^0,w,c
  3996   0006C6  A4D8               	btfss	status,2,c
  3997   0006C8  EF68  F003         	goto	u311
  3998   0006CC  EF6A  F003         	goto	u310
  3999   0006D0                     u311:
  4000   0006D0  EF6F  F003         	goto	l1270
  4001   0006D4                     u310:
  4002   0006D4                     
  4003                           ;ecu1_sensor.c: 71:     {;ecu1_sensor.c: 72:         gear='N';
  4004   0006D4  0E4E               	movlw	78
  4005   0006D6  6E22               	movwf	get_gear_pos@gear^0,c
  4006                           
  4007                           ;ecu1_sensor.c: 73:         return gear;
  4008   0006D8  0E4E               	movlw	78
  4009   0006DA  EF7B  F003         	goto	l180
  4010   0006DE                     l1270:
  4011   0006DE  0E07               	movlw	7
  4012   0006E0  1802               	xorwf	get_gear_pos@key^0,w,c
  4013   0006E2  A4D8               	btfss	status,2,c
  4014   0006E4  EF76  F003         	goto	u321
  4015   0006E8  EF78  F003         	goto	u320
  4016   0006EC                     u321:
  4017   0006EC  EF30  F003         	goto	l177
  4018   0006F0                     u320:
  4019   0006F0                     
  4020                           ;ecu1_sensor.c: 76:     {;ecu1_sensor.c: 77:         gear='R';
  4021   0006F0  0E52               	movlw	82
  4022   0006F2  6E22               	movwf	get_gear_pos@gear^0,c
  4023                           
  4024                           ;ecu1_sensor.c: 78:         return gear;
  4025   0006F4  0E52               	movlw	82
  4026   0006F6                     l180:
  4027   0006F6  0012               	return		;funcret
  4028   0006F8                     __end_of_get_gear_pos:
  4029                           	callstack 0
  4030                           
  4031 ;; *************** function _read_digital_keypad *****************
  4032 ;; Defined at:
  4033 ;;		line 17 in file "digital_keypad.c"
  4034 ;; Parameters:    Size  Location     Type
  4035 ;;  detection_ty    1    wreg     unsigned char 
  4036 ;; Auto vars:     Size  Location     Type
  4037 ;;  detection_ty    1    0[COMRAM] unsigned char 
  4038 ;; Return value:  Size  Location     Type
  4039 ;;                  1    wreg      unsigned char 
  4040 ;; Registers used:
  4041 ;;		wreg, status,2, status,0
  4042 ;; Tracked objects:
  4043 ;;		On entry : 0/0
  4044 ;;		On exit  : 0/0
  4045 ;;		Unchanged: 0/0
  4046 ;; Data sizes:     COMRAM   BANK0   BANK1   BANK2   BANK3   BANK4   BANK5
  4047 ;;      Params:         0       0       0       0       0       0       0
  4048 ;;      Locals:         1       0       0       0       0       0       0
  4049 ;;      Temps:          0       0       0       0       0       0       0
  4050 ;;      Totals:         1       0       0       0       0       0       0
  4051 ;;Total ram usage:        1 bytes
  4052 ;; Hardware stack levels used: 1
  4053 ;; This function calls:
  4054 ;;		Nothing
  4055 ;; This function is called by:
  4056 ;;		_get_gear_pos
  4057 ;; This function uses a non-reentrant model
  4058 ;;
  4059                           
  4060                           	psect	text12
  4061   00095A                     __ptext12:
  4062                           	callstack 0
  4063   00095A                     _read_digital_keypad:
  4064                           	callstack 29
  4065                           
  4066                           ;incstack = 0
  4067                           ;read_digital_keypad@detection_type stored from wreg
  4068   00095A  6E01               	movwf	read_digital_keypad@detection_type^0,c
  4069   00095C                     
  4070                           ;digital_keypad.c: 17: unsigned char read_digital_keypad(unsigned char detection_type);d
      +                          igital_keypad.c: 18: {;digital_keypad.c: 19:  static unsigned char once = 1;;digital_key
      +                          pad.c: 21:  if (detection_type == 1)
  4071   00095C  0401               	decf	read_digital_keypad@detection_type^0,w,c
  4072   00095E  A4D8               	btfss	status,2,c
  4073   000960  EFB4  F004         	goto	u41
  4074   000964  EFB6  F004         	goto	u40
  4075   000968                     u41:
  4076   000968  EFDB  F004         	goto	l1090
  4077   00096C                     u40:
  4078   00096C                     
  4079                           ;digital_keypad.c: 22:  {;digital_keypad.c: 23:   if (((PORTC & 0x0F) != 0x0F) && once)
  4080   00096C  5082               	movf	130,w,c	;volatile
  4081   00096E  0B0F               	andlw	15
  4082   000970  0A0F               	xorlw	15
  4083   000972  B4D8               	btfsc	status,2,c
  4084   000974  EFBE  F004         	goto	u51
  4085   000978  EFC0  F004         	goto	u50
  4086   00097C                     u51:
  4087   00097C  EFCD  F004         	goto	l1086
  4088   000980                     u50:
  4089   000980  5023               	movf	read_digital_keypad@once^0,w,c
  4090   000982  B4D8               	btfsc	status,2,c
  4091   000984  EFC6  F004         	goto	u61
  4092   000988  EFC8  F004         	goto	u60
  4093   00098C                     u61:
  4094   00098C  EFCD  F004         	goto	l1086
  4095   000990                     u60:
  4096   000990                     
  4097                           ;digital_keypad.c: 24:   {;digital_keypad.c: 25:    once = 0;
  4098   000990  6A23               	clrf	read_digital_keypad@once^0,c
  4099   000992                     l1080:
  4100                           
  4101                           ;digital_keypad.c: 27:    return (PORTC & 0x0F);
  4102   000992  5082               	movf	130,w,c	;volatile
  4103   000994  0B0F               	andlw	15
  4104   000996  EFE6  F004         	goto	l127
  4105   00099A                     l1086:
  4106   00099A  5082               	movf	130,w,c	;volatile
  4107   00099C  0B0F               	andlw	15
  4108   00099E  0A0F               	xorlw	15
  4109   0009A0  A4D8               	btfss	status,2,c
  4110   0009A2  EFD5  F004         	goto	u71
  4111   0009A6  EFD7  F004         	goto	u70
  4112   0009AA                     u71:
  4113   0009AA  EFE5  F004         	goto	l1096
  4114   0009AE                     u70:
  4115   0009AE                     
  4116                           ;digital_keypad.c: 30:   {;digital_keypad.c: 31:    once = 1;
  4117   0009AE  0E01               	movlw	1
  4118   0009B0  6E23               	movwf	read_digital_keypad@once^0,c
  4119   0009B2  EFE5  F004         	goto	l1096
  4120   0009B6                     l1090:
  4121   0009B6  5001               	movf	read_digital_keypad@detection_type^0,w,c
  4122   0009B8  A4D8               	btfss	status,2,c
  4123   0009BA  EFE1  F004         	goto	u81
  4124   0009BE  EFE3  F004         	goto	u80
  4125   0009C2                     u81:
  4126   0009C2  EFE5  F004         	goto	l1096
  4127   0009C6                     u80:
  4128   0009C6  EFC9  F004         	goto	l1080
  4129   0009CA                     l1096:
  4130                           
  4131                           ;digital_keypad.c: 39:  return 0xFF;
  4132   0009CA  0EFF               	movlw	255
  4133   0009CC                     l127:
  4134   0009CC  0012               	return		;funcret
  4135   0009CE                     __end_of_read_digital_keypad:
  4136                           	callstack 0
  4137                           
  4138 ;; *************** function _can_transmit *****************
  4139 ;; Defined at:
  4140 ;;		line 71 in file "can.c"
  4141 ;; Parameters:    Size  Location     Type
  4142 ;;  msg_id          2    4[COMRAM] unsigned short 
  4143 ;;  data            1    6[COMRAM] PTR const unsigned char 
  4144 ;;		 -> main@Gear(4), main@str_speed(4), 
  4145 ;;  len             1    7[COMRAM] unsigned char 
  4146 ;; Auto vars:     Size  Location     Type
  4147 ;;  i               2   13[COMRAM] int 
  4148 ;;  ptr             2   11[COMRAM] PTR unsigned char 
  4149 ;;		 -> TXB0D0(1), 
  4150 ;; Return value:  Size  Location     Type
  4151 ;;                  1    wreg      void 
  4152 ;; Registers used:
  4153 ;;		wreg, fsr1l, fsr1h, fsr2l, fsr2h, status,2, status,0, cstack
  4154 ;; Tracked objects:
  4155 ;;		On entry : 0/0
  4156 ;;		On exit  : 0/0
  4157 ;;		Unchanged: 0/0
  4158 ;; Data sizes:     COMRAM   BANK0   BANK1   BANK2   BANK3   BANK4   BANK5
  4159 ;;      Params:         4       0       0       0       0       0       0
  4160 ;;      Locals:         4       0       0       0       0       0       0
  4161 ;;      Temps:          3       0       0       0       0       0       0
  4162 ;;      Totals:        11       0       0       0       0       0       0
  4163 ;;Total ram usage:       11 bytes
  4164 ;; Hardware stack levels used: 1
  4165 ;; Hardware stack levels required when called: 1
  4166 ;; This function calls:
  4167 ;;		_set_msg_id_std
  4168 ;; This function is called by:
  4169 ;;		_main
  4170 ;; This function uses a non-reentrant model
  4171 ;;
  4172                           
  4173                           	psect	text13
  4174   000A40                     __ptext13:
  4175                           	callstack 0
  4176   000A40                     _can_transmit:
  4177                           	callstack 29
  4178   000A40                     
  4179                           ;can.c: 72:     uint8_t *ptr;;can.c: 73:     TXB0EIDH = 0x00;
  4180   000A40  010F               	movlb	15	; () banked
  4181   000A42  6B43               	clrf	67,b	;volatile
  4182                           
  4183                           ;can.c: 74:     TXB0EIDL = 0x00;
  4184   000A44  6B44               	clrf	68,b	;volatile
  4185   000A46                     
  4186                           ; BSR set to: 15
  4187                           ;can.c: 77:     set_msg_id_std(msg_id);
  4188   000A46  C005  F001         	movff	can_transmit@msg_id,set_msg_id_std@id
  4189   000A4A  C006  F002         	movff	can_transmit@msg_id+1,set_msg_id_std@id+1
  4190   000A4E  ECCA  F005         	call	_set_msg_id_std	;wreg free
  4191   000A52                     
  4192                           ;can.c: 80:     TXB0DLC = len;
  4193   000A52  C008  FF45         	movff	can_transmit@len,3909	;volatile
  4194   000A56                     
  4195                           ;can.c: 85:     ptr = (uint8_t *) & TXB0D0;
  4196   000A56  0E46               	movlw	70
  4197   000A58  6E0C               	movwf	can_transmit@ptr^0,c
  4198   000A5A  0E0F               	movlw	15
  4199   000A5C  6E0D               	movwf	(can_transmit@ptr+1)^0,c
  4200   000A5E                     
  4201                           ;can.c: 86:     for (int i = 0; i < len; i++) {
  4202   000A5E  6A0F               	clrf	(can_transmit@i+1)^0,c
  4203   000A60  0E00               	movlw	0
  4204   000A62  6E0E               	movwf	can_transmit@i^0,c
  4205   000A64  EF42  F005         	goto	l1486
  4206   000A68                     l1482:
  4207                           
  4208                           ;can.c: 87:         ptr[i] = data[i];
  4209   000A68  5007               	movf	can_transmit@data^0,w,c
  4210   000A6A  240E               	addwf	can_transmit@i^0,w,c
  4211   000A6C  6ED9               	movwf	fsr2l,c
  4212   000A6E  6ADA               	clrf	fsr2h,c
  4213   000A70  500E               	movf	can_transmit@i^0,w,c
  4214   000A72  240C               	addwf	can_transmit@ptr^0,w,c
  4215   000A74  6EE1               	movwf	fsr1l,c
  4216   000A76  500F               	movf	(can_transmit@i+1)^0,w,c
  4217   000A78  200D               	addwfc	(can_transmit@ptr+1)^0,w,c
  4218   000A7A  6EE2               	movwf	fsr1h,c
  4219   000A7C  CFDF FFE7          	movff	indf2,indf1
  4220   000A80                     
  4221                           ;can.c: 88:     }
  4222   000A80  4A0E               	infsnz	can_transmit@i^0,f,c
  4223   000A82  2A0F               	incf	(can_transmit@i+1)^0,f,c
  4224   000A84                     l1486:
  4225   000A84  5008               	movf	can_transmit@len^0,w,c
  4226   000A86  6E09               	movwf	??_can_transmit^0,c
  4227   000A88  6A0A               	clrf	(??_can_transmit+1)^0,c
  4228   000A8A  5009               	movf	??_can_transmit^0,w,c
  4229   000A8C  5C0E               	subwf	can_transmit@i^0,w,c
  4230   000A8E  500F               	movf	(can_transmit@i+1)^0,w,c
  4231   000A90  0A80               	xorlw	128
  4232   000A92  6E0B               	movwf	(??_can_transmit+2)^0,c
  4233   000A94  500A               	movf	(??_can_transmit+1)^0,w,c
  4234   000A96  0A80               	xorlw	128
  4235   000A98  580B               	subwfb	(??_can_transmit+2)^0,w,c
  4236   000A9A  A0D8               	btfss	status,0,c
  4237   000A9C  EF52  F005         	goto	u541
  4238   000AA0  EF54  F005         	goto	u540
  4239   000AA4                     u541:
  4240   000AA4  EF34  F005         	goto	l1482
  4241   000AA8                     u540:
  4242   000AA8                     
  4243                           ;can.c: 89:     TXB0REQ = 1;
  4244   000AA8  010F               	movlb	15	; () banked
  4245   000AAA  8740               	bsf	64,3,b	;volatile
  4246   000AAC                     
  4247                           ; BSR set to: 15
  4248   000AAC  0012               	return		;funcret
  4249   000AAE                     __end_of_can_transmit:
  4250                           	callstack 0
  4251                           
  4252 ;; *************** function _set_msg_id_std *****************
  4253 ;; Defined at:
  4254 ;;		line 64 in file "can.c"
  4255 ;; Parameters:    Size  Location     Type
  4256 ;;  id              2    0[COMRAM] unsigned int 
  4257 ;; Auto vars:     Size  Location     Type
  4258 ;;		None
  4259 ;; Return value:  Size  Location     Type
  4260 ;;                  1    wreg      void 
  4261 ;; Registers used:
  4262 ;;		wreg, status,2, status,0
  4263 ;; Tracked objects:
  4264 ;;		On entry : 0/0
  4265 ;;		On exit  : 0/0
  4266 ;;		Unchanged: 0/0
  4267 ;; Data sizes:     COMRAM   BANK0   BANK1   BANK2   BANK3   BANK4   BANK5
  4268 ;;      Params:         2       0       0       0       0       0       0
  4269 ;;      Locals:         0       0       0       0       0       0       0
  4270 ;;      Temps:          2       0       0       0       0       0       0
  4271 ;;      Totals:         4       0       0       0       0       0       0
  4272 ;;Total ram usage:        4 bytes
  4273 ;; Hardware stack levels used: 1
  4274 ;; This function calls:
  4275 ;;		Nothing
  4276 ;; This function is called by:
  4277 ;;		_can_transmit
  4278 ;; This function uses a non-reentrant model
  4279 ;;
  4280                           
  4281                           	psect	text14
  4282   000B94                     __ptext14:
  4283                           	callstack 0
  4284   000B94                     _set_msg_id_std:
  4285                           	callstack 29
  4286   000B94                     
  4287                           ;can.c: 65:     TXB0SIDL = (id & 0x7) << 5;
  4288   000B94  C001  F003         	movff	set_msg_id_std@id,??_set_msg_id_std
  4289   000B98  0E07               	movlw	7
  4290   000B9A  1603               	andwf	??_set_msg_id_std^0,f,c
  4291   000B9C  0E05               	movlw	5
  4292   000B9E  6E04               	movwf	(??_set_msg_id_std+1)^0,c
  4293   000BA0                     u415:
  4294   000BA0  90D8               	bcf	status,0,c
  4295   000BA2  3603               	rlcf	??_set_msg_id_std^0,f,c
  4296   000BA4  2E04               	decfsz	(??_set_msg_id_std+1)^0,f,c
  4297   000BA6  EFD0  F005         	goto	u415
  4298   000BAA  5003               	movf	??_set_msg_id_std^0,w,c
  4299   000BAC  010F               	movlb	15	; () banked
  4300   000BAE  6F42               	movwf	66,b	;volatile
  4301                           
  4302                           ;can.c: 66:     TXB0SIDH = (id >> 3);
  4303   000BB0  C001  F003         	movff	set_msg_id_std@id,??_set_msg_id_std
  4304   000BB4  C002  F004         	movff	set_msg_id_std@id+1,??_set_msg_id_std+1
  4305   000BB8  90D8               	bcf	status,0,c
  4306   000BBA  3204               	rrcf	(??_set_msg_id_std+1)^0,f,c
  4307   000BBC  3203               	rrcf	??_set_msg_id_std^0,f,c
  4308   000BBE  90D8               	bcf	status,0,c
  4309   000BC0  3204               	rrcf	(??_set_msg_id_std+1)^0,f,c
  4310   000BC2  3203               	rrcf	??_set_msg_id_std^0,f,c
  4311   000BC4  90D8               	bcf	status,0,c
  4312   000BC6  3204               	rrcf	(??_set_msg_id_std+1)^0,f,c
  4313   000BC8  3203               	rrcf	??_set_msg_id_std^0,f,c
  4314   000BCA  5003               	movf	??_set_msg_id_std^0,w,c
  4315   000BCC  6F41               	movwf	65,b	;volatile
  4316   000BCE                     
  4317                           ; BSR set to: 15
  4318   000BCE  0012               	return		;funcret
  4319   000BD0                     __end_of_set_msg_id_std:
  4320                           	callstack 0
  4321                           
  4322                           	psect	smallconst
  4323   000600                     __psmallconst:
  4324                           	callstack 0
  4325   000600  00                 	db	0
  4326   000601  00                 	db	0	; dummy byte at the end
  4327   000600                     __smallconst    set	__psmallconst
  4328   000600                     __mediumconst   set	__psmallconst
  4329   000000                     __activetblptr  equ	0
  4330                           
  4331                           	psect	rparam
  4332   000001                     ___rparam_used  equ	1
  4333   000000                     ___param_bank   equ	0
  4334   000000                     __Lparam        equ	__Lrparam
  4335   000000                     __Hparam        equ	__Hrparam
  4336                           
  4337                           	psect	idloc
  4338                           
  4339                           ;Config register IDLOC0 @ 0x200000
  4340                           ;	unspecified, using default values
  4341   200000                     	org	2097152
  4342   200000  FF                 	db	255
  4343                           
  4344                           ;Config register IDLOC1 @ 0x200001
  4345                           ;	unspecified, using default values
  4346   200001                     	org	2097153
  4347   200001  FF                 	db	255
  4348                           
  4349                           ;Config register IDLOC2 @ 0x200002
  4350                           ;	unspecified, using default values
  4351   200002                     	org	2097154
  4352   200002  FF                 	db	255
  4353                           
  4354                           ;Config register IDLOC3 @ 0x200003
  4355                           ;	unspecified, using default values
  4356   200003                     	org	2097155
  4357   200003  FF                 	db	255
  4358                           
  4359                           ;Config register IDLOC4 @ 0x200004
  4360                           ;	unspecified, using default values
  4361   200004                     	org	2097156
  4362   200004  FF                 	db	255
  4363                           
  4364                           ;Config register IDLOC5 @ 0x200005
  4365                           ;	unspecified, using default values
  4366   200005                     	org	2097157
  4367   200005  FF                 	db	255
  4368                           
  4369                           ;Config register IDLOC6 @ 0x200006
  4370                           ;	unspecified, using default values
  4371   200006                     	org	2097158
  4372   200006  FF                 	db	255
  4373                           
  4374                           ;Config register IDLOC7 @ 0x200007
  4375                           ;	unspecified, using default values
  4376   200007                     	org	2097159
  4377   200007  FF                 	db	255
  4378                           
  4379                           	psect	config
  4380                           
  4381                           ; Padding undefined space
  4382   300000                     	org	3145728
  4383   300000  FF                 	db	255
  4384                           
  4385                           ;Config register CONFIG1H @ 0x300001
  4386                           ;	unspecified, using default values
  4387                           ;	Oscillator Selection bits
  4388                           ;	OSC = 0x7, unprogrammed default
  4389                           ;	Fail-Safe Clock Monitor Enable bit
  4390                           ;	FCMEN = 0x0, unprogrammed default
  4391                           ;	Internal/External Oscillator Switchover bit
  4392                           ;	IESO = 0x0, unprogrammed default
  4393   300001                     	org	3145729
  4394   300001  07                 	db	7
  4395                           
  4396                           ;Config register CONFIG2L @ 0x300002
  4397                           ;	unspecified, using default values
  4398                           ;	Power-up Timer Enable bit
  4399                           ;	PWRT = 0x1, unprogrammed default
  4400                           ;	Brown-out Reset Enable bits
  4401                           ;	BOREN = 0x3, unprogrammed default
  4402                           ;	Brown-out Reset Voltage bits
  4403                           ;	BORV = 0x3, unprogrammed default
  4404   300002                     	org	3145730
  4405   300002  1F                 	db	31
  4406                           
  4407                           ;Config register CONFIG2H @ 0x300003
  4408                           ;	unspecified, using default values
  4409                           ;	Watchdog Timer Enable bit
  4410                           ;	WDT = 0x1, unprogrammed default
  4411                           ;	Watchdog Timer Postscale Select bits
  4412                           ;	WDTPS = 0xF, unprogrammed default
  4413   300003                     	org	3145731
  4414   300003  1F                 	db	31
  4415                           
  4416                           ; Padding undefined space
  4417   300004                     	org	3145732
  4418   300004  FF                 	db	255
  4419                           
  4420                           ;Config register CONFIG3H @ 0x300005
  4421                           ;	unspecified, using default values
  4422                           ;	PORTB A/D Enable bit
  4423                           ;	PBADEN = 0x1, unprogrammed default
  4424                           ;	Low-Power Timer 1 Oscillator Enable bit
  4425                           ;	LPT1OSC = 0x0, unprogrammed default
  4426                           ;	MCLR Pin Enable bit
  4427                           ;	MCLRE = 0x1, unprogrammed default
  4428   300005                     	org	3145733
  4429   300005  82                 	db	130
  4430                           
  4431                           ;Config register CONFIG4L @ 0x300006
  4432                           ;	unspecified, using default values
  4433                           ;	Stack Full/Underflow Reset Enable bit
  4434                           ;	STVREN = 0x1, unprogrammed default
  4435                           ;	Single-Supply ICSP Enable bit
  4436                           ;	LVP = 0x1, unprogrammed default
  4437                           ;	Boot Block Size Select bit
  4438                           ;	BBSIZ = 0x0, unprogrammed default
  4439                           ;	Extended Instruction Set Enable bit
  4440                           ;	XINST = 0x0, unprogrammed default
  4441                           ;	Background Debugger Enable bit
  4442                           ;	DEBUG = 0x1, unprogrammed default
  4443   300006                     	org	3145734
  4444   300006  85                 	db	133
  4445                           
  4446                           ; Padding undefined space
  4447   300007                     	org	3145735
  4448   300007  FF                 	db	255
  4449                           
  4450                           ;Config register CONFIG5L @ 0x300008
  4451                           ;	unspecified, using default values
  4452                           ;	Code Protection bit
  4453                           ;	CP0 = 0x1, unprogrammed default
  4454                           ;	Code Protection bit
  4455                           ;	CP1 = 0x1, unprogrammed default
  4456                           ;	Code Protection bit
  4457                           ;	CP2 = 0x1, unprogrammed default
  4458                           ;	Code Protection bit
  4459                           ;	CP3 = 0x1, unprogrammed default
  4460   300008                     	org	3145736
  4461   300008  0F                 	db	15
  4462                           
  4463                           ;Config register CONFIG5H @ 0x300009
  4464                           ;	unspecified, using default values
  4465                           ;	Boot Block Code Protection bit
  4466                           ;	CPB = 0x1, unprogrammed default
  4467                           ;	Data EEPROM Code Protection bit
  4468                           ;	CPD = 0x1, unprogrammed default
  4469   300009                     	org	3145737
  4470   300009  C0                 	db	192
  4471                           
  4472                           ;Config register CONFIG6L @ 0x30000A
  4473                           ;	unspecified, using default values
  4474                           ;	Write Protection bit
  4475                           ;	WRT0 = 0x1, unprogrammed default
  4476                           ;	Write Protection bit
  4477                           ;	WRT1 = 0x1, unprogrammed default
  4478                           ;	Write Protection bit
  4479                           ;	WRT2 = 0x1, unprogrammed default
  4480                           ;	Write Protection bit
  4481                           ;	WRT3 = 0x1, unprogrammed default
  4482   30000A                     	org	3145738
  4483   30000A  0F                 	db	15
  4484                           
  4485                           ;Config register CONFIG6H @ 0x30000B
  4486                           ;	unspecified, using default values
  4487                           ;	Configuration Register Write Protection bit
  4488                           ;	WRTC = 0x1, unprogrammed default
  4489                           ;	Boot Block Write Protection bit
  4490                           ;	WRTB = 0x1, unprogrammed default
  4491                           ;	Data EEPROM Write Protection bit
  4492                           ;	WRTD = 0x1, unprogrammed default
  4493   30000B                     	org	3145739
  4494   30000B  E0                 	db	224
  4495                           
  4496                           ;Config register CONFIG7L @ 0x30000C
  4497                           ;	unspecified, using default values
  4498                           ;	Table Read Protection bit
  4499                           ;	EBTR0 = 0x1, unprogrammed default
  4500                           ;	Table Read Protection bit
  4501                           ;	EBTR1 = 0x1, unprogrammed default
  4502                           ;	Table Read Protection bit
  4503                           ;	EBTR2 = 0x1, unprogrammed default
  4504                           ;	Table Read Protection bit
  4505                           ;	EBTR3 = 0x1, unprogrammed default
  4506   30000C                     	org	3145740
  4507   30000C  0F                 	db	15
  4508                           
  4509                           ;Config register CONFIG7H @ 0x30000D
  4510                           ;	unspecified, using default values
  4511                           ;	Boot Block Table Read Protection bit
  4512                           ;	EBTRB = 0x1, unprogrammed default
  4513   30000D                     	org	3145741
  4514   30000D  40                 	db	64
  4515                           tosu	equ	0xFFF
  4516                           tosh	equ	0xFFE
  4517                           tosl	equ	0xFFD
  4518                           stkptr	equ	0xFFC
  4519                           pclatu	equ	0xFFB
  4520                           pclath	equ	0xFFA
  4521                           pcl	equ	0xFF9
  4522                           tblptru	equ	0xFF8
  4523                           tblptrh	equ	0xFF7
  4524                           tblptrl	equ	0xFF6
  4525                           tablat	equ	0xFF5
  4526                           prodh	equ	0xFF4
  4527                           prodl	equ	0xFF3
  4528                           indf0	equ	0xFEF
  4529                           postinc0	equ	0xFEE
  4530                           postdec0	equ	0xFED
  4531                           preinc0	equ	0xFEC
  4532                           plusw0	equ	0xFEB
  4533                           fsr0h	equ	0xFEA
  4534                           fsr0l	equ	0xFE9
  4535                           wreg	equ	0xFE8
  4536                           indf1	equ	0xFE7
  4537                           postinc1	equ	0xFE6
  4538                           postdec1	equ	0xFE5
  4539                           preinc1	equ	0xFE4
  4540                           plusw1	equ	0xFE3
  4541                           fsr1h	equ	0xFE2
  4542                           fsr1l	equ	0xFE1
  4543                           bsr	equ	0xFE0
  4544                           indf2	equ	0xFDF
  4545                           postinc2	equ	0xFDE
  4546                           postdec2	equ	0xFDD
  4547                           preinc2	equ	0xFDC
  4548                           plusw2	equ	0xFDB
  4549                           fsr2h	equ	0xFDA
  4550                           fsr2l	equ	0xFD9
  4551                           status	equ	0xFD8

Data Sizes:
    Strings     0
    Constant    0
    Data        2
    BSS         0
    Persistent  0
    Stack       0

Auto Spaces:
    Space          Size  Autos    Used
    COMRAM           95     33      35
    BANK0           160      0       0
    BANK1           256      0       0
    BANK2           256      0       0
    BANK3           256      0       0
    BANK4           256      0       0
    BANK5           256      0       0

Pointer List with Targets:

    can_transmit@data	PTR const unsigned char  size(1) Largest target is 4
		 -> main@Gear(COMRAM[4]), main@str_speed(COMRAM[4]), 

    can_transmit@ptr	PTR unsigned char  size(2) Largest target is 1
		 -> TXB0D0(SFR_2[1]), 

    my_itoa@str_speed	PTR unsigned char  size(1) Largest target is 4
		 -> main@str_speed(COMRAM[4]), 


Critical Paths under _main in COMRAM

    _main->_get_speed
    _my_itoa->___lwmod
    ___lwmod->___lwdiv
    _get_speed->___awdiv
    _get_gear_pos->_read_digital_keypad
    _can_transmit->_set_msg_id_std

Critical Paths under _main in BANK0

    None.

Critical Paths under _main in BANK1

    None.

Critical Paths under _main in BANK2

    None.

Critical Paths under _main in BANK3

    None.

Critical Paths under _main in BANK4

    None.

Critical Paths under _main in BANK5

    None.

Call Graph Tables:

 ---------------------------------------------------------------------------------
 (Depth) Function   	        Calls       Base Space   Used Autos Params    Refs
 ---------------------------------------------------------------------------------
 (0) _main                                                15    15      0    1494
                                             18 COMRAM    15    15      0
                       _can_transmit
                       _get_gear_pos
                          _get_speed
                        _init_config
                            _my_itoa
 ---------------------------------------------------------------------------------
 (1) _my_itoa                                              3     0      3     485
                                             12 COMRAM     3     0      3
                            ___lwdiv
                            ___lwmod
 ---------------------------------------------------------------------------------
 (2) ___lwmod                                              5     1      4     163
                                              7 COMRAM     5     1      4
                            ___lwdiv (ARG)
 ---------------------------------------------------------------------------------
 (2) ___lwdiv                                              7     3      4     166
                                              0 COMRAM     7     3      4
 ---------------------------------------------------------------------------------
 (1) _init_config                                          0     0      0       0
                           _init_adc
                           _init_can
                _init_digital_keypad
 ---------------------------------------------------------------------------------
 (2) _init_digital_keypad                                  0     0      0       0
 ---------------------------------------------------------------------------------
 (2) _init_can                                             0     0      0       0
 ---------------------------------------------------------------------------------
 (2) _init_adc                                             0     0      0       0
 ---------------------------------------------------------------------------------
 (1) _get_speed                                           10     8      2     424
                                              8 COMRAM    10     8      2
                            ___awdiv
                           _read_adc
 ---------------------------------------------------------------------------------
 (2) _read_adc                                             7     5      2      52
                                              0 COMRAM     7     5      2
 ---------------------------------------------------------------------------------
 (2) ___awdiv                                              8     4      4     302
                                              0 COMRAM     8     4      4
 ---------------------------------------------------------------------------------
 (1) _get_gear_pos                                         1     1      0      90
                                              1 COMRAM     1     1      0
                _read_digital_keypad
 ---------------------------------------------------------------------------------
 (2) _read_digital_keypad                                  1     1      0      30
                                              0 COMRAM     1     1      0
 ---------------------------------------------------------------------------------
 (1) _can_transmit                                        11     7      4     230
                                              4 COMRAM    11     7      4
                     _set_msg_id_std
 ---------------------------------------------------------------------------------
 (2) _set_msg_id_std                                       4     2      2      45
                                              0 COMRAM     4     2      2
 ---------------------------------------------------------------------------------
 Estimated maximum stack depth 2
 ---------------------------------------------------------------------------------

 Call Graph Graphs:

 _main (ROOT)
   _can_transmit
     _set_msg_id_std
   _get_gear_pos
     _read_digital_keypad
   _get_speed
     ___awdiv
     _read_adc
   _init_config
     _init_adc
     _init_can
     _init_digital_keypad
   _my_itoa
     ___lwdiv
     ___lwmod
       ___lwdiv (ARG)

Address spaces:
Name               Size   Autos  Total    Usage
BIGRAM            1535      0       0      0.0%
BITBIGSFRllh       410      0       0      0.0%
BITBANK5           256      0       0      0.0%
BANK5              256      0       0      0.0%
BITBANK4           256      0       0      0.0%
BANK4              256      0       0      0.0%
BITBANK3           256      0       0      0.0%
BANK3              256      0       0      0.0%
BITBANK2           256      0       0      0.0%
BANK2              256      0       0      0.0%
BITBANK1           256      0       0      0.0%
BANK1              256      0       0      0.0%
BITBIGSFRlll       212      0       0      0.0%
BITBANK0           160      0       0      0.0%
BANK0              160      0       0      0.0%
BITCOMRAM           95      0       0      0.0%
COMRAM              95     33      35     36.8%
BITBIGSFRh          82      0       0      0.0%
BITBIGSFRlh         61      0       0      0.0%
STACK                0      0       0      0.0%
DATA                 0      0      35      0.0%


Microchip Technology PIC18 Macro Assembler V3.10 build 20250813170317 
Symbol Table                                                                                   Thu Jul  9 08:48:27 2026

                               l33 0C08                                 l36 0B2A  
                               l39 0B56                                 l92 0B74  
                               l93 0B92                                 _GO 7E11  
                               l99 0BCE                                 u20 0B74  
                               u21 0B70                                 u40 096C  
                               u41 0968                                 u50 0980  
                               u51 097C                                 u60 0990  
                               u61 098C                                 u70 09AE  
                               u71 09AA                                 u80 09C6  
                               u81 09C2                       ___awdiv@sign 0006  
                              l104 0AA8                                l120 0C1E  
                              l105 0AAC                                l127 09CC  
                              l170 0958                                l146 08E0  
                              l180 06F6                                l149 0C16  
                              l177 0660                                l592 07B6  
                              l852 0A36                                l862 0B08  
                              l859 0A3E                                l869 0B10  
                              u300 06BC                                u301 06B8  
                              u310 06D4                                u230 061C  
                              u311 06D0                                u231 0618  
                              u320 06F0                                u240 062E  
                              u400 0B38                                u321 06EC  
                              u241 062A                                u401 0B34  
                              u250 0646                                u251 0642  
                              u260 0656                                u420 0708  
                              u500 0A20                                u261 0652  
                              u421 0704                                u501 0A1C  
                              u270 0678                                u430 0722  
                              u510 0AC0                                u415 0BA0  
                              u271 0674                                u431 071E  
                              u511 0ABC                                u280 068A  
                              u440 0746                                u520 0ADE  
                              u281 0686                                u441 0742  
                              u521 0ADA                                u290 06A4  
                              u450 0764                                u530 0AF4  
                              u291 06A0                                u451 0760  
                              u531 0AF0                                u540 0AA8  
                              u460 0780                                u541 0AA4  
                              u461 077C                                u470 07A6  
                              u550 0940                                u471 07A2  
                              u551 093C                                u480 09E6  
                              u560 0816                                u481 09E2  
                              u561 0812                                u490 0A04  
                              u570 0858                                u491 0A00  
                              u571 0854                                _RX9 7D5E  
                              _TX9 7D66                     ??_get_gear_pos 0002  
                             l1034 0BEE                               l1050 0B60  
                             l1202 0C0A                               l1060 0B8A  
                             l1052 0B62                               l1204 0C0E  
                             l1230 0636                               l1222 0602  
                             l1062 0B8C                               l1054 0B76  
                             l1046 0B58                               l1070 0C18  
                             l1206 0C12                               l1080 0992  
                             l1072 095C                               l1232 0646  
                             l1224 060A                               l1400 0722  
                             l1064 0B8E                               l1056 0B82  
                             l1048 0B5C                               l1074 096C  
                             l1090 09B6                               l1250 06A4  
                             l1234 0656                               l1226 061C  
                             l1242 0666                               l1410 074E  
                             l1402 072A                               l1066 0B90  
                             l1058 0B86                               l1076 0980  
                             l1252 06AC                               l1244 0678  
                             l1236 065C                               l1228 062E  
                             l1420 0788                               l1412 0756  
                             l1404 072E                               l1500 0940  
                             l1078 0990                               l1086 099A  
                             l1270 06DE                               l1254 06BC  
                             l1246 068A                               l1262 06C2  
                             l1430 07AE                               l1422 078A  
                             l1414 0764                               l1406 0734  
                             l1502 0950                               l1510 07BC  
                             l1088 09AE                               l1096 09CA  
                             l1272 06F0                               l1264 06D4  
                             l1248 0692                               l1424 0790  
                             l1416 076A                               l1408 0746  
                             l1440 09EE                               l1520 07F0  
                             l1512 07BC              ??_read_digital_keypad 0001  
                             l1418 0780                               l1426 0796  
                             l1450 0A28                               l1442 09F6  
                             l1434 09CE                               l1530 0816  
                             l1514 07C8                               l1506 07B8  
                             l1428 07A6                               l1380 0B28  
                             l1452 0A2A                               l1444 0A04  
                             l1436 09D4                               l1460 0AC8  
                             l1532 081A                               l1516 07CE  
                             l1508 07BC                               l1390 06F8  
                             l1382 0B38                               l1454 0A30  
                             l1446 0A0A                               l1438 09E6  
                             l1470 0B02                               l1462 0AD0  
                             l1534 081E                               l1526 07F6  
                             l1518 07DE                               l1480 0A5E  
                             l1472 0A40                               l1392 06FA  
                             l1384 0B4E                               l1448 0A20  
                             l1464 0ADE                               l1456 0AAE  
                             l1544 0838                               l1536 0820  
                             l1528 07FA                               l1482 0A68  
                             l1474 0A46                               l1394 0708  
                             l1378 0B14                               l1466 0AF4  
                             l1458 0AC0                               l1490 08D4  
                             l1546 083C                               l1538 0832  
                             l1388 0B94                               l1484 0A80  
                             l1476 0A52                               l1396 0710  
                             l1492 08E2                               l1468 0AFC  
                             l1486 0A84                               l1478 0A56  
                             l1398 0714                               l1494 08F0  
                             l1488 0860                               l1498 0926  
                             _ADFM 7E07                               _ADON 7E10  
                             _BRGH 7D62                               _CREN 7D5C  
                             _RCIF 7CF5                               _SPEN 7D5F  
                             _TXEN 7D65                               _TXIF 7CF4  
                             _SYNC 7D64                               _main 07B8  
                             fsr2h 0FDA                               indf1 0FE7  
                             indf2 0FDF                               fsr1l 0FE1  
                             fsr2l 0FD9                               prodh 0FF4  
                             prodl 0FF3                               start 2FFC  
                     ___param_bank 0000                              _ADCS0 7E00  
                            _ADCS1 7E01                              _ADCS2 7E02  
                            ?_main 0001                              _ACQT0 7E03  
                            _ACQT1 7E04                              _ACQT2 7E05  
                  __end_of___awdiv 07B8                              _BRG16 7DC3  
                  ___awdiv@divisor 0003                    __end_of___lwdiv 0A40  
                  __end_of___lwmod 0B12                       ?_init_config 0001  
                  ___awdiv@counter 0005                              _VCFG0 7E0C  
                            _VCFG1 7E0D                              _RCREG 0FAE  
                            _SENDB 7D63                              _SPBRG 0FAF  
                            _PORTC 0F82                              _TRISC 0F94  
                            _TXREG 0FAD                              main@i 001E  
                            tablat 0FF5                    __end_of_my_itoa 08E2  
                            status 0FD8                    __initialization 0BD0  
                     __end_of_main 0860                             ??_main 0013  
                    __activetblptr 0000                             _ADCON0 0FC2  
                           _CANCON 0F6F                             _ADRESH 0FC4  
                           _ADRESL 0FC3                   ___awdiv@dividend 0001  
                           _GODONE 7E11                             _RXB0D0 0F66  
                           _RXB0IF 7D20                             _TXB0D0 0F46  
                           _TRISB2 7C9A                             _TRISB3 7C9B  
                           _TRISC6 7CA6                             _TRISC7 7CA7  
      __end_of_init_digital_keypad 0C20                          ??___awdiv 0005  
                    can_transmit@i 000E                          ??___lwdiv 0005  
                        ??___lwmod 000C               __end_of_get_gear_pos 06F8  
                 __end_of_init_adc 0C0A                   __end_of_init_can 0B94  
                 __end_of_read_adc 0B58                   ___awdiv@quotient 0007  
                           isa$std 0001                    get_gear_pos@key 0002  
                     __pdataCOMRAM 0022                       __mediumconst 0600  
                           tblptrh 0FF7                             tblptrl 0FF6  
                           tblptru 0FF8                          ??_my_itoa 0010  
                     _can_transmit 0A40                      main@str_speed 0013  
                       __accesstop 0060            __end_of__initialization 0BE8  
                    ___rparam_used 0001                     __pcstackCOMRAM 0001  
                 set_msg_id_std@id 0001                   my_itoa@str_speed 000F  
                          _ECANCON 0F77                            _CANSTAT 0F6E  
                          _BRGCON1 0F70                            _BRGCON2 0F71  
                          _BRGCON3 0F72        __end_of_read_digital_keypad 09CE  
                          _RXB0DLC 0F65                            _RXB0CON 0F60  
                          _RXB0FUL 7B07                            _TXB0DLC 0F45  
                          _TXB0REQ 7A03                            _RXFCON0 0DD4  
                   get_speed@value 000D                     get_speed@speed 000F  
                        ?_init_adc 0001                          ?_init_can 0001  
                        ?_read_adc 0001                            __Hparam 0000  
                          __Lparam 0000                  __end_of_get_speed 095A  
                          ___awdiv 06F8                            ___lwdiv 09CE  
                          ___lwmod 0AAE                       __psmallconst 0600  
                          __pcinit 0BD0                            __ramtop 0600  
                          __ptext0 07B8                            __ptext1 0860  
                          __ptext2 0AAE                            __ptext3 09CE  
                          __ptext4 0C0A                            __ptext5 0C18  
                          __ptext6 0B58                            __ptext7 0BEE  
                          __ptext8 08E2                            __ptext9 0B12  
                          _my_itoa 0860                   get_gear_pos@gear 0022  
             end_of_initialization 0BE8                       _get_gear_pos 0602  
                       ??_init_adc 0001                         ??_init_can 0001  
                       ??_read_adc 0003                    read_adc@channel 0007  
                  read_adc@reg_val 0005                     _set_msg_id_std 0B94  
                    __pidataCOMRAM 0C20                start_initialization 0BD0  
           __end_of_set_msg_id_std 0BD0                      ??_init_config 0001  
                  ?_set_msg_id_std 0001                   ___lwdiv@dividend 0001  
                         ?___awdiv 0001                   can_transmit@data 0007  
                         ?___lwdiv 0001                           ?___lwmod 0008  
                        _get_speed 08E2                        __smallconst 0600  
                         ?_my_itoa 000D                 can_transmit@msg_id 0005  
                 ___lwdiv@quotient 0005                __end_of_init_config 0C18  
                         _RXB0SIDH 0F61                           _RXB0SIDL 0F62  
                         _TXB0EIDH 0F43                           _TXB0EIDL 0F44  
                         _TXB0SIDH 0F41                           _TXB0SIDL 0F42  
                       ?_get_speed 0009                          main@i_229 0020  
read_digital_keypad@detection_type 0001                          main@speed 001B  
                    ?_can_transmit 0005                _init_digital_keypad 0C18  
                         __Hrparam 0000                           __Lrparam 0000  
             ?_init_digital_keypad 0001                        _init_config 0C0A  
                   ??_can_transmit 0009                    ___lwdiv@divisor 0003  
                  ___lwdiv@counter 0007                           __ptext10 06F8  
                         __ptext11 0602                           __ptext12 095A  
                         __ptext13 0A40                           __ptext14 0B94  
                  can_transmit@len 0008                    can_transmit@ptr 000C  
                         _init_adc 0BEE                           _init_can 0B58  
                         _read_adc 0B12            read_digital_keypad@once 0023  
                         isa$xinst 0000                           main@Gear 0017  
            ??_init_digital_keypad 0001                           main@gear 001D  
                      ??_get_speed 000B                        _RXB0CONbits 0F60  
                 ??_set_msg_id_std 0003                       my_itoa@speed 000D  
                 ___lwmod@dividend 0008                _read_digital_keypad 095A  
                  ___lwmod@divisor 000A                    ___lwmod@counter 000C  
                    ?_get_gear_pos 0001               ?_read_digital_keypad 0001  
             __end_of_can_transmit 0AAE  
